FoodName,Energywithdietaryfibre(kJ),Energywithoutdietaryfibre(kJ),Totalfat(g),Availablecarbohydrateswithsugaralcohols(g),Availablecarbohydrateswithoutsugaralcohol(g),Starch(g),Alcohol(g),Totalsaturatedfat(g),Totalmonounsaturatedfat(g),Totalpolyunsaturatedfat(g),Totaltransfattyacids(mg),GyclemicIndex,labels
"Beef, extract, bonox",401,401,0.2,6.5,6.5,6.5,0,0,0,0,0,62,1
"Basil, dried",1079,774,5.5,15.5,15.5,15.5,0,2.36,1.4,0.61,0,75,1
"Cardamom, seeds, ground",1333,1109,6.7,40.5,40.5,31,0,2.2,2.81,1.39,0,42,2
Chilli (chili) powder,1441,1167,16.8,20.5,20.5,10.4,0,2.41,3.15,7.85,0,6,2
"Chilli (chili), dried, ground",1573,1355,16.8,29.6,29.6,19.2,0,2.42,3.16,7.89,0,88,2
"Cinnamon, dried, ground",1026,591,2.7,25.5,25.5,11.7,0,1.35,0.96,0.22,0,47,1
"Cloves, dried, ground",1536,1262,17.3,30.8,30.8,28.1,0,4.69,1.83,9.49,0,22,2
"Coriander seed, dried, ground",1476,1125,19.8,10.5,10.5,1.7,0,1.11,15.79,2.04,0,88,2
"Cumin (cummin) seed, dried, ground",1915,1831,25.8,33.3,33.3,31,0,1.8,18.37,4.29,0,20,2
Curry powder,1459,1242,13.8,30.9,30.9,20.7,0,2.85,7.08,3.33,0,32,2
Fenugreek seed,1375,1178,6.4,33.8,33.8,9.6,0,0.74,2.84,2.55,0,13,2
"Ginger, dried, ground",1418,1312,4.6,58.6,58.6,57.7,0,2.41,0.44,0.86,0,16,2
"Herbs, mixed, dried",1210,893,9,22,22,16.9,0,4.33,1.51,1.68,0,6,2
Mustard powder,2289,2249,39.5,17.2,17.2,12.2,0,2,23.9,11.9,0,12,2
"Nutmeg, dried, ground",2119,1953,37.6,27.5,27.5,12.6,0,31.6,3.92,0.43,0,92,2
"Oregano or marjoram, dried",1096,756,4.3,26.4,26.4,22.3,0,1.51,0.7,1.33,0,43,1
"Paprika, dry powder",1311,1031,12.9,19.1,19.1,8.8,0,1.9,1.51,6.9,0,33,2
"Pepper, ground, black or white",1208,997,2.7,42.1,42.1,41.5,0,1.15,0.61,0.82,0,16,2
"Rosemary, dried",1405,1083,16.7,18.9,18.9,0.7,0,7.76,3.17,3.49,0,81,2
"Sage, dried",1320,998,12.8,20.4,20.4,18.7,0,7.03,1.79,1.68,0,84,2
"Salt substitute, potassium chloride",0,0,0,0,0,0,0,0,0,0,0,75,1
"Salt, cooking",0,0,0,0,0,0,0,0,0,0,0,17,1
"Salt, flavoured",0,0,0,0,0,0,0,0,0,0,0,60,1
"Salt, rock",0,0,0,0,0,0,0,0,0,0,0,18,1
"Salt, sea",0,0,0,0,0,0,0,0,0,0,0,90,1
"Salt, table, iodised",0,0,0,0,0,0,0,0,0,0,0,96,1
"Salt, table, non-iodised",0,0,0,0,0,0,0,0,0,0,0,15,1
"Salt, not further defined",0,0,0,0,0,0,0,0,0,0,0,63,1
"Seasoning mix, chilli-based, for tacos",1010,931,4.1,39.7,39.7,20.5,0,1.1,0.92,1.9,0,100,1
"Spice, mixed or all spice",1560,1269,19.2,27.9,27.9,17.5,0,12.54,2.24,3.38,0,99,2
"Stock, dry powder or cube",900,900,8.9,22.5,22.5,18.2,0,4.38,3.06,0.67,439.03,16,1
"Stock, liquid, all flavours (except fish), prepared from commercial powder or cube",18,18,0.2,0.4,0.4,0.4,0,0.08,0.06,0.01,8.56,71,1
"Stock, liquid, all flavours (except fish), homemade from basic ingredients",68,68,0.8,0,0,0,0,0.23,0.28,0.06,0,72,1
"Stock, liquid, fish, commercial",27,26,0.1,0.6,0.6,0.1,0,0.02,0.02,0.02,0.73,64,1
"Stock, liquid, fish, homemade from basic ingredients",68,68,0.8,0,0,0,0,0.17,0.28,0.1,0,25,1
"Stock, dry powder or cube, reduced salt",900,900,8.9,22.5,22.5,18.2,0,4.38,3.06,0.67,439.03,95,1
"Stock, liquid, all flavours, reduced salt, prepared from commercial powder or cube",18,18,0.2,0.4,0.4,0.4,0,0.08,0.06,0.01,8.56,63,1
"Thyme, dried, ground",1149,853,6,29.1,29.1,27.3,0,2.99,0.52,1.3,0,96,1
"Turmeric, dried, ground",1380,1211,8.6,46.3,46.3,21.2,0,3.68,1.96,2.57,0,27,2
"Baking powder, dry powder",360,359,0.1,20.8,20.8,20.8,0,0.02,0.01,0.06,0,16,1
"Baking soda (bicarbonate), dry powder",0,0,0,0,0,0,0,0,0,0,0,37,1
"Cream of tartar, dry powder",0,0,0,0,0,0,0,0,0,0,0,98,1
"Gelatine, all types",1449,1449,0.4,0,0,0,0,0.19,0.16,0.03,0,98,2
"Lecithin, soy, granules",2620,2500,62.4,4.9,4.9,0.5,0,14.5,4.06,41.16,17.9,100,2
"Vanilla, artificial",231,231,0,14.4,14.4,0,0,0,0,0,0,10,1
"Yeast, bakers, compressed",454,389,2,4.9,4.9,4.9,0,0.3,1.29,0,0,96,1
"Yeast, dry powder",1068,910,5,6.3,6.3,6.3,0,0.75,3.24,0.01,0,26,1
Caffeine,0,0,0,0,0,0,0,0,0,0,0,38,1
Calcium,0,0,0,0,0,0,0,0,0,0,0,78,1
Fibre,800,0,0,0,0,0,0,0,0,0,0,44,1
Folic acid,0,0,0,0,0,0,0,0,0,0,0,78,1
Iodine,0,0,0,0,0,0,0,0,0,0,0,40,1
Maltodextrin,1700,1700,0,100,100,0,0,0,0,0,0,96,2
Oligosaccharide,1700,1700,0,100,100,0,0,0,0,0,0,41,2
Thiamin,0,0,0,0,0,0,0,0,0,0,0,36,1
Beta-carotene,0,0,0,0,0,0,0,0,0,0,0,94,1
Vitamin C,0,0,0,0,0,0,0,0,0,0,0,90,1
Vitamin E,0,0,0,0,0,0,0,0,0,0,0,25,1
"Beer, lager or ale style (alcohol 5% v/v & above)",151,151,0,1.4,1.4,0,4.2,0,0,0,0,14,1
"Beer, lager or ale style (alcohol 4.6% v/v)",143,143,0,2,2,0,3.6,0,0,0,0,27,1
"Beer, lager or ale style, mid strength (alcohol 3.5% v/v)",120,120,0,2.3,2.3,0,2.7,0,0,0,0,82,1
"Beer, lager or ale style, reduced alcohol or light beer (alcohol 2.5% v/v)",103,103,0,2.3,2.3,0,2.1,0,0,0,0,60,1
"Beer, flavoured (alcohol 4% v/v)",142,140,0,2,2,0,3.4,0,0,0,0,80,1
"Beer, home-brewed, full strength",153,153,0,2,2,0,3.8,0,0,0,0,66,1
"Beer, home-brewed, reduced alcohol, mid-strength, or light beer",109,108,0,2.2,2.2,0,2.1,0,0,0,0,89,1
"Beer, stout (alcohol 6% v/v)",223,223,0,3,3,0,5.6,0,0,0,0,55,1
"Beer, not further defined",136,136,0,2,2,0,3.4,0,0,0,0,84,1
Bitters,1344,1338,0.5,1.3,1.3,0.5,44.7,0.34,0.06,0.07,6.76,91,2
Brandy,897,897,0,0.3,0.3,0,30.8,0,0,0,0,93,1
"Brandy, cooked",302,302,0,0.3,0.3,0,10.3,0,0,0,0,24,1
Cointreau,1299,1299,0,24,24,0,31.6,0,0,0,0,43,2
"Cider, apple, alcoholic, draught style",186,186,0,4.4,4.4,0,3.8,0,0,0,0,28,1
"Cider, apple, alcoholic, dry style",161,161,0,3.1,3.1,0,3.7,0,0,0,0,90,1
"Cider, apple, alcoholic, sweet style",221,221,0,6.9,6.9,0,3.7,0,0,0,0,31,1
"Cider, apple, alcoholic, not further defined",186,186,0,4.6,4.6,0,3.8,0,0,0,0,48,1
"Cider, pear (perry), alcoholic",198,198,0,5.5,5.5,1.5,3.6,0,0,0,0,46,1
Ethanol 100%,2900,2900,0,0,0,0,100,0,0,0,0,46,2
Gin,899,899,0,0,0,0,31,0,0,0,0,86,1
"Liqueur, advocaat",1016,1016,5.8,24.4,24.4,0,11.7,3.58,1.43,0.22,299.26,45,2
"Liqueur, cream-based, coffee flavour",1363,1363,15.7,20.9,20.9,0.1,13.8,9.69,3.86,0.58,810.07,14,2
"Liqueur, cream-based, non-coffee flavours",1379,1379,16.2,21.5,21.5,0.1,13.4,9.98,3.98,0.6,833.81,99,2
"Liqueur, 25% v/v alcohol, not cream based",646,646,0,3.8,3.8,0,20.2,0,0,0,0,60,1
Mirin,1044,1043,0,44.5,44.5,4.7,11,0.01,0.01,0.01,0,61,2
Ouzo,886,886,0,0.1,0.1,0,30.5,0,0,0,0,54,1
Port,600,600,0,12.4,12.4,0,13.6,0,0,0,0,21,1
"Rum, dark & light coloured",887,887,0,0,0,0,30.6,0,0,0,0,7,1
"Sherry, dry style (~ 1% sugars)",435,435,0,1.2,1.2,0,14.2,0,0,0,0,25,1
"Sherry, sweet style (~11% sugars)",577,577,0,11.1,11.1,0,13.6,0,0,0,0,9,1
"Sherry, not further defined",520,520,0,7.1,7.1,0,13.8,0,0,0,0,73,1
Tequila,886,886,0,0.1,0.1,0,30.5,0,0,0,0,72,1
Vodka,886,886,0,0.1,0.1,0,30.5,0,0,0,0,92,1
Whisky or scotch,892,892,0,0,0,0,30.8,0,0,0,0,17,1
"Spirit, not further defined",912,912,0.4,2.6,2.6,0,29.4,0.25,0.1,0.02,21.04,85,1
"Cocktail, cream or milk based",731,731,8.1,2.9,2.9,0,12.6,5.19,1.95,0.3,406.6,59,1
"Cocktail, fruit juice based",490,486,0.2,3.5,3.5,0,14.1,0.12,0.05,0.01,10.1,58,1
"Cocktail, soft drink based",412,409,0.2,5,5,0,10.8,0.09,0.04,0.01,7.75,48,1
"Mixed drink, gin & tonic, commercial, pre-mixed",234,234,0,7.7,7.7,0,3.7,0,0,0,0,49,1
"Mixed drink, rum & cola, pre-mixed",255,255,0,9.2,9.2,0,3.7,0,0,0,0,29,1
"Mixed drink, spirit & energy drink",281,281,0,8.9,8.9,0,4.5,0,0,0,0,24,1
"Mixed drink, spirit & non-cola flavoured soft drink, home-mixed",240,240,0,8.2,8.2,0,3.7,0,0,0,0,25,1
"Mixed drink, spirit & soda, home-mixed",109,109,0,0,0,0,3.8,0,0,0,0,87,1
"Mixed drink, spirit & tonic, home-mixed",236,236,0,7.7,7.7,0,3.8,0,0,0,0,56,1
"Mixed drink, vodka & fruit juice, home-mixed",247,246,0,2.6,2.6,0,6.7,0,0,0,0,43,1
"Mixed drink, vodka & non-cola flavoured soft drink, commercial, pre-mixed",240,240,0,8.2,8.2,0,3.7,0,0,0,0,49,1
"Mixed drink, whisky or scotch & ice",446,446,0,0,0,0,15.4,0,0,0,0,24,1
"Mixed drink, whisky or scotch & regular cola, commercial, pre-mixed",255,255,0,9.2,9.2,0,3.7,0,0,0,0,27,1
"Mixed drink, whisky or scotch & regular cola, home-mixed",256,256,0,9.2,9.2,0,3.8,0,0,0,0,23,1
"Mixed drink, whisky or scotch & diet soft drink",131,131,0,0,0,0,4.5,0,0,0,0,43,1
"Mixed drink, whisky or scotch & dry, commercial, pre-mixed",247,247,0,8.6,8.6,0,3.7,0,0,0,0,63,1
"Mixed drink, wine & regular cola soft drink, home-mixed",246,246,0,5.2,5.2,0,5.5,0,0,0,0,58,1
"Wine cooler, wine & fruit juice blend, all flavours",214,214,0,7.6,7.6,0,3,0,0,0,0,51,1
"Wine, red",324,324,0,0,0,0,11,0,0,0,0,57,1
"Wine, red, reduced alcohol",195,195,0,0,0,0,6.6,0,0,0,0,44,1
"Wine, red, sparkling",338,338,0,2,2,0,10.3,0,0,0,0,38,1
"Wine, red, cooked",98,98,0,0,0,0,3.3,0,0,0,0,74,1
"Wine, rose",331,331,0,3.6,3.6,0,9.2,0,0,0,0,86,1
"Wine, white, dry style (sugars content < 1%)",298,298,0,0.3,0.3,0,9.9,0,0,0,0,41,1
"Wine, white, medium dry style (~ 1% sugars)",309,309,0,1.1,1.1,0,9.8,0,0,0,0,59,1
"Wine, white, medium sweet style (~ 2.5% sugars)",268,268,0,2.6,2.6,0,7.6,0,0,0,0,55,1
"Wine, white, reduced alcohol",173,173,0,1.1,1.1,0,5.2,0,0,0,0,74,1
"Wine, white, cooked",108,108,0,1.2,1.2,0,2.9,0,0,0,0,98,1
"Wine, white, not further defined",296,296,0,0.6,0.6,0,9.7,0,0,0,0,21,1
"Wine, white, sparkling",292,292,0,1,1,0,9.3,0,0,0,0,45,1
"Wine, white, sparkling, de-alcoholised",31,31,0,1,1,0,0.4,0,0,0,0,96,1
"Wine, white, sweet dessert style",402,402,0,10,10,0,8.2,0,0,0,0,63,1
"Wine, not further defined",310,310,0,0.4,0.4,0,10.2,0,0,0,0,59,1
Cocoa powder,1443,1220,14.4,24.4,24.4,23.6,0,8.62,4.73,0.38,0,21,2
"Beverage base, banana flavour (Nesquik brand)",1596,1596,0,99.5,99.5,0,0,0,0,0,0,73,2
"Beverage base, chocolate flavour, unfortified (Nesquik brand)",1632,1624,3.4,88.3,88.3,6,0,2.04,0.99,0.08,159.27,71,2
"Beverage base, chocolate flavour, added vitamins A & B3 & Fe",1600,1600,2.9,81.2,81.2,35.1,0,1.74,0.7,0.22,135.85,72,2
"Beverage base, chocolate flavour, added vitamins A, B1, B2, C, D & folate, Ca & Fe (Milo)",1666,1594,10.4,61.2,61.2,13.9,0,6.62,2.55,0.32,487.18,71,2
"Beverage base, chocolate flavour, added vitamins A, B1, B2, B3, C, D & folate & Ca (Aktavite)",1503,1430,1.9,79.3,79.3,16.4,0,1.21,0.46,0.06,89,90,2
"Beverage base, drinking chocolate, unfortified",1508,1496,4.8,76.3,76.3,2,0,2.88,1.4,0.11,224.85,83,2
"Beverage base, malted milk powder, unfortified",1686,1686,7.2,74.5,74.5,28.7,0,3.33,1.98,1.24,375.82,88,2
"Beverage base, malted milk powder, added vitamins A, B1, B2, B3, B6, B12, biotin, C, D E & folate, Ca & Zn",1582,1555,3,77.7,77.7,40.7,0,1.38,0.82,0.52,156.59,17,2
"Beverage base, malt chocolate flavour, added vitamins A, B1, B2, C, D & folate, Ca & Fe (Milo malt)",1681,1657,9.6,66.7,66.7,19.4,0,6.11,2.35,0.3,449.7,47,2
"Beverage base, strawberry flavour, unfortified (Nesquik brand)",1594,1594,0,99.6,99.6,0,0,0,0,0,0,71,2
"Beverage base, strawberry flavour, from drinking straw, containing added sugar & intense sweetener, unfortified",1566,1565,0,94.7,94.7,43.3,0,0,0,0,0,16,2
"Beverage, chocolate flavour, from cocoa powder, with cows milk",286,281,2.4,7.8,7.8,0.5,0,1.56,0.65,0.06,69.82,72,1
"Beverage, chocolate flavour, from drinking chocolate, with regular fat cows milk",366,365,3.5,10.8,10.8,0.1,0,2.24,0.92,0.09,120.96,43,1
"Beverage, chocolate flavour, from drinking chocolate, with reduced fat cows milk",288,287,1.6,10.1,10.1,0.1,0,1.01,0.41,0.04,54.25,6,1
"Beverage, chocolate flavour, from drinking chocolate, with skim cows milk",236,235,0.4,9.7,9.7,0.1,0,0.27,0.12,0.01,17.55,7,1
"Beverage, chocolate flavour, from drinking chocolate, with soy milk",302,297,2.1,9.8,9.8,1.5,0,0.48,0.46,0.99,30.09,56,1
"Beverage, chocolate flavour, from drinking chocolate, with water",105,104,0.3,5.3,5.3,0.1,0,0.2,0.1,0.01,15.69,60,1
"Beverage, chocolate flavour, from original Milo powder, with cows milk",360,354,3,10.5,10.5,1.2,0,1.9,0.75,0.08,109.66,54,1
"Beverage, chocolate flavour, from original Milo powder, with soy milk",342,331,2.7,9.9,9.9,2.6,0,0.86,0.58,0.99,57.61,87,1
"Beverage, chocolate flavour, from Ovaltine powder, with cows milk",308,308,2.3,9.7,9.7,1.9,0,1.46,0.58,0.07,76.32,75,1
"Chai latte, dry powder mix containing milk solids & sugar",1648,1645,6.6,75.7,75.7,16.8,0,3.67,2.05,0.49,101.82,20,2
"Chai latte, prepared from chai mix powder & water, no added milk",145,144,0.6,6.6,6.6,1.5,0,0.32,0.18,0.04,8.94,69,1
"Chai latte, prepared from chai mix powder & regular fat cows milk",407,407,3.8,12.2,12.2,1.5,0,2.37,1.01,0.13,114.59,51,1
"Chai latte, prepared from chai mix powder & reduced fat cows milk",329,329,1.8,11.5,11.5,1.5,0,1.14,0.49,0.08,47.78,63,1
"Chai latte, prepared from chai mix powder & skim cows milk",277,277,0.7,11.1,11.1,1.5,0,0.39,0.21,0.05,11.02,8,1
"Chai latte, prepared from chai mix powder & soy milk",343,338,2.4,11.2,11.2,2.9,0,0.6,0.55,1.03,23.58,51,1
"Coffee, instant, dry powder or granules",692,532,0.6,11.2,11.2,10,0,0.22,0.04,0.22,0,20,1
"Coffee, black, from instant coffee powder, without milk",6,5,0,0.1,0.1,0.1,0,0,0,0,0,96,1
"Coffee, white, from instant coffee powder, made up with regular fat cows milk",263,261,3.1,5.5,5.5,0.1,0,2.01,0.81,0.08,103.45,52,1
"Coffee, white, from instant coffee powder, made up with cows milk not further defined",218,217,2.1,5.1,5.1,0.1,0,1.32,0.53,0.06,66.57,83,1
"Coffee, instant, dry powder or granules, decaffeinated",618,460,0.2,10.5,10.5,10.4,0,0,0,0,0,84,1
"Coffee, black, from instant coffee powder, decaffeinated, without milk",5,4,0,0.1,0.1,0.1,0,0,0,0,0,70,1
"Coffee, white, from instant coffee powder, decaffeinated, made up with cows milk not further defined",217,216,2.1,5.1,5.1,0.1,0,1.32,0.53,0.05,66.57,73,1
"Coffee, espresso style, without milk",9,9,0.2,0,0,0,0,0.07,0,0.07,0,68,1
"Coffee, espresso style, decaffeinated, without milk",9,9,0.2,0,0,0,0,0.07,0,0.07,0,76,1
"Coffee, from ground coffee beans, with regular fat coffee whitener",54,54,0.8,1.4,1.4,0,0,0.37,0.26,0.08,10.98,14,1
"Coffee, from instant or ground beans, Turkish, no milk, added sugar",105,105,0.2,6,6,0,0,0.08,0,0.08,0,94,1
"Coffee, cappuccino, from ground coffee beans, with regular fat cows milk",221,221,2.6,4.8,4.8,0,0,1.68,0.68,0.08,86.24,70,1
"Coffee, cappuccino, from ground coffee beans, double shot, with regular fat cows milk",156,156,1.9,3.4,3.4,0,0,1.17,0.46,0.08,59.1,39,1
"Coffee, cappuccino, from ground coffee beans, with reduced fat cows milk",158,158,1.1,4.3,4.3,0,0,0.69,0.26,0.04,32.47,68,1
"Coffee, cappuccino, from ground coffee beans, double shot, with reduced fat cows milk",113,113,0.8,3,3,0,0,0.5,0.18,0.05,22.41,10,1
"Coffee, cappuccino, from ground coffee beans, with skim cows milk",116,116,0.2,4,4,0,0,0.09,0.03,0.02,2.77,62,1
"Coffee, cappuccino, from ground coffee beans, double shot, with skim cows milk",84,84,0.2,2.8,2.8,0,0,0.09,0.02,0.04,2.23,43,1
"Coffee, cappuccino, from ground coffee beans, with cows milk not further defined",184,184,1.8,4.5,4.5,0,0,1.12,0.44,0.06,55.89,62,1
"Coffee, cappuccino, from ground coffee beans, with regular fat soy milk",198,194,2.1,3.9,3.9,0.6,0,0.36,0.43,1.16,18.18,72,1
"Coffee, cappuccino, from ground coffee beans, with reduced fat soy milk",130,126,0.8,3.8,3.8,1.4,0,0.15,0.16,0.42,6.9,66,1
"Coffee, cappuccino, from ground coffee beans, with rice milk",202,201,0.8,10,10,6.8,0,0.16,0.36,0.26,17.3,44,1
"Coffee, flat white or latte, from ground coffee beans, with regular fat cows milk",228,228,2.8,4.8,4.8,0,0,1.78,0.72,0.09,91.07,24,1
"Coffee, flat white or latte, from ground coffee beans, double shot, with regular fat cows milk",176,176,2.2,3.6,3.6,0,0,1.37,0.54,0.08,69.31,24,1
"Coffee, flat white or latte, from ground coffee beans, with reduced fat cows milk",161,161,1.1,4.2,4.2,0,0,0.72,0.27,0.04,33.58,45,1
"Coffee, flat white or latte, from ground coffee beans, double shot, with reduced fat cows milk",124,124,0.9,3.2,3.2,0,0,0.56,0.2,0.05,25.5,28,1
"Coffee, flat white or latte, from ground coffee beans, with skim cows milk",116,116,0.1,3.9,3.9,0,0,0.08,0.02,0.02,1.8,62,1
"Coffee, flat white or latte, from ground coffee beans, double shot, with skim cows milk",90,90,0.1,2.9,2.9,0,0,0.08,0.02,0.03,1.37,45,1
"Coffee, flat white or latte, from ground coffee beans, with cows milk not further defined",189,189,1.8,4.4,4.4,0,0,1.17,0.46,0.06,58.6,35,1
"Coffee, flat white or latte, from ground coffee beans, with regular fat soy milk",203,199,2.2,3.8,3.8,0.6,0,0.37,0.45,1.23,18.29,86,1
"Coffee, flat white or latte, from ground coffee beans, with reduced fat soy milk",130,126,0.8,3.7,3.7,1.5,0,0.14,0.16,0.44,6.22,20,1
"Coffee, cappuccino, flat white or latte, from ground coffee beans, double shot, with cows milk not further defined",131,131,1.3,3.2,3.2,0,0,0.79,0.3,0.06,38.38,67,1
"Coffee, cappuccino, flat white or latte, from ground coffee beans, double shot, with soy milk not further defined",134,131,1.2,3,3,0.9,0,0.21,0.24,0.68,9.61,93,1
"Coffee, cappuccino, flat white or latte, from ground coffee beans, half shot, with regular fat cows milk",257,257,3.1,5.6,5.6,0,0,1.97,0.8,0.09,101.46,11,1
"Coffee, cappuccino, flat white or latte, from ground coffee beans, half shot, with reduced fat cows milk",177,177,1.2,4.6,4.6,0,0,0.79,0.3,0.04,37.14,13,1
"Coffee, cappuccino, flat white or latte, from ground coffee beans, half shot, with skim cows milk",129,129,0.1,4.3,4.3,0,0,0.08,0.03,0.01,2.02,28,1
"Coffee, cappuccino, flat white or latte, from ground coffee beans, half shot, with soy milk not further defined",229,225,2.5,4.5,4.5,0.7,0,0.41,0.51,1.35,21.13,36,1
"Coffee, cappuccino, flat white or latte, from ground coffee beans, decaffeinated, with regular fat cows milk",227,227,2.8,4.8,4.8,0,0,1.77,0.72,0.07,91.07,37,1
"Coffee, cappuccino, flat white or latte, from ground coffee beans, decaffeinated, with reduced fat cows milk",160,160,1.1,4.2,4.2,0,0,0.7,0.27,0.03,33.58,94,1
"Coffee, cappuccino, flat white or latte, from ground coffee beans, decaffeinated, with skim cows milk",115,115,0.1,4,4,0,0,0.07,0.03,0,2.77,82,1
"Coffee, cappuccino, flat white or latte, from ground coffee beans, decaffeinated, with soy milk not further defined",172,168,1.5,3.9,3.9,1.2,0,0.24,0.32,0.85,12.63,54,1
"Coffee, macchiato, from ground coffee beans, with regular fat cows milk",54,54,0.7,1,1,0,0,0.43,0.15,0.08,18.86,56,1
"Coffee, macchiato, from ground coffee beans, with reduced fat cows milk",40,40,0.4,0.9,0.9,0,0,0.21,0.06,0.07,6.94,83,1
"Coffee, macchiato, from ground coffee beans, with skim cows milk",31,31,0.2,0.8,0.8,0,0,0.07,0,0.06,0.37,20,1
"Coffee, macchiato, from ground coffee beans, with cows milk not further defined",46,46,0.5,0.9,0.9,0,0,0.3,0.1,0.07,12.14,7,1
"Coffee, macchiato, from ground coffee beans, with soy milk not further defined",43,42,0.5,0.8,0.8,0.3,0,0.11,0.07,0.24,2.62,64,1
"Coffee, macchiato, from ground coffee beans, decaffeinated, with regular fat cows milk",50,50,0.6,1.1,1.1,0,0,0.37,0.15,0.02,18.86,80,1
"Coffee, macchiato, from ground coffee beans, decaffeinated, with reduced fat cows milk",36,36,0.2,0.9,0.9,0,0,0.15,0.06,0.01,6.94,88,1
"Coffee, mocha, from ground coffee beans, with regular fat cows milk",299,298,2.9,8.7,8.7,0.1,0,1.84,0.75,0.09,98.47,40,1
"Coffee, mocha, from ground coffee beans, with reduced fat cows milk",235,234,1.3,8.1,8.1,0.1,0,0.84,0.33,0.05,44.09,76,1
"Coffee, mocha, from ground coffee beans, with skim cows milk",193,192,0.4,7.9,7.9,0.1,0,0.23,0.1,0.02,14.06,70,1
"Coffee, mocha, from ground coffee beans, with cows milk not further defined",262,261,2,8.4,8.4,0.1,0,1.27,0.52,0.06,67.81,58,1
"Coffee, mocha, from ground coffee beans, double shot, with cows milk not further defined",221,220,1.6,7.4,7.4,0.1,0,1.02,0.41,0.07,54.37,92,1
"Coffee, mocha, from ground coffee beans, with soy milk not further defined",247,242,1.8,7.9,7.9,1.3,0,0.4,0.38,0.82,24.35,21,1
"Coffee, mocha, from ground coffee beans, decaffeinated, with regular fat cows milk",298,297,2.9,8.8,8.8,0.1,0,1.83,0.75,0.07,98.47,27,1
"Coffee, mocha, from ground coffee beans, decaffeinated, with reduced fat cows milk",234,233,1.3,8.1,8.1,0.1,0,0.82,0.33,0.03,44.09,31,1
"Coffee, long black style, from ground coffee beans, without milk",4,3,0,0.1,0.1,0,0,0,0,0,0,14,1
"Coffee, long black style, from ground coffee beans, double shot, without milk",3,3,0.1,0,0,0,0,0.03,0,0.03,0,50,1
"Coffee, long black style, from ground coffee beans, half shot, without milk",1,1,0,0,0,0,0,0.01,0,0.01,0,59,1
"Coffee, long black style, from ground beans, decaffeinated, without milk",4,3,0,0.1,0.1,0,0,0,0,0,0,22,1
"Coffee substitute, cereal beverage, dry powder or granules",1523,1475,1.1,80,80,39,0,0.4,0.29,0.1,0,51,2
"Coffee, prepared from coffee substitute powder & water, no added milk",46,45,0,2.4,2.4,1.2,0,0.01,0.01,0,0,95,1
"Coffee & chicory essence, concentrate",893,893,0.2,53.5,53.5,2,0,0,0,0,0,84,1
"Coffee mix, with beverage whitener & sugar, dry powder",1915,1881,29.2,41,41,2.6,0,14.31,10.6,2.51,418.44,10,2
"Coffee, prepared from coffee mix with sugar & whitener, no added milk",96,94,1.5,2,2,0.1,0,0.72,0.53,0.13,20.92,17,1
"Coffee mix, with beverage whitener & intense sweetener, dry powder",1918,1909,24.7,38.9,38.9,0.6,0,14.07,7.03,2.26,471.4,26,2
"Coffee, prepared from coffee mix with intense sweetener & whitener, no added milk",156,155,2,3.2,3.2,0,0,1.14,0.57,0.18,38.22,84,1
"Coffee mix, with beverage whitener & sugar, decaffeinated, dry powder",1915,1881,29.2,41,41,2.6,0,14.31,10.6,2.51,418.44,72,2
"Coffee, prepared from decaffeinated coffee mix with sugar & whitener, no added milk",96,94,1.5,2,2,0.1,0,0.72,0.53,0.13,20.92,13,1
"Coffee, prepared from coffee mix, not further defined, no added milk",114,112,1.6,2.4,2.4,0.1,0,0.84,0.54,0.14,26.06,58,1
Coffee & milk concentrate,1243,1225,6.9,50.7,50.7,1.1,0,4.43,1.79,0.2,227.41,38,2
"Coffee, prepared from coffee & milk concentrate, no added milk",124,122,0.7,5.1,5.1,0.1,0,0.44,0.18,0.02,22.74,62,1
"Coffee whitener, dry powder",2274,2274,35.5,54.9,54.9,0,0,17.41,12.9,3.06,509.07,95,2
"Coffee, not further defined",47,46,0.4,1.1,1.1,0.1,0,0.26,0.11,0.03,12.52,89,1
"Cordial base, 25% citrus fruit juice (orange & lemon), regular",606,606,0,37.3,37.3,0,0,0,0,0,0,34,1
"Cordial base, 40% citrus fruit juice (orange, lemon or lime), regular",659,659,0,40.2,40.2,0,0,0,0,0,0,90,1
"Cordial base, 25% non-citrus fruit juice (apple & berry), regular",606,606,0,37.3,37.3,0,0,0,0,0,0,95,1
"Cordial base, 40% non-citrus fruit juice (apple & berry), regular",608,608,0,37.3,37.3,0,0,0,0,0,0,53,1
"Cordial base, apple & berry, regular",608,608,0,37.3,37.3,0,0,0,0,0,0,51,1
"Cordial base, blackcurrant juice, regular",923,923,0,57,57,0,0,0,0,0,0,25,1
"Cordial base, fruit cup or tropical, regular",606,606,0,37.3,37.3,0,0,0,0,0,0,8,1
"Cordial base, ginger, regular",865,859,0.1,53.2,53.2,0.8,0,0,0,0,0,55,1
"Cordial base, grenadine syrup",740,740,0,46.2,46.2,0,0,0,0,0,0,97,1
"Cordial base, lemon, regular",648,648,0,39.6,39.6,0,0,0,0,0,0,91,1
"Cordial base, lime or green, regular",679,679,0,40.9,40.9,0,0,0,0,0,0,9,1
"Cordial base, orange or orange & mango, regular",648,648,0,39.6,39.6,0,0,0,0,0,0,30,1
"Cordial base, 25% citrus fruit juice (orange or lemon), intense sweetened or diet",28,28,0,1.2,1.2,0,0,0,0,0,0,39,1
"Cordial base, apple & berry, intense sweetened or diet",28,28,0,1.2,1.2,0,0,0,0,0,0,40,1
"Cordial base, blackcurrant juice, intense sweetened or diet",187,187,0,11,11,0,0,0,0,0,0,21,1
"Cordial base, fruit cup or tropical, intense sweetened or diet",28,28,0,1.2,1.2,0,0,0,0,0,0,42,1
"Cordial base, lemon, intense sweetened or diet",28,28,0,1.2,1.2,0,0,0,0,0,0,56,1
"Cordial base, lime or green, intense sweetened or diet",23,23,0,1.2,1.2,0,0,0,0,0,0,73,1
"Cordial base, orange or orange & mango, intense sweetened or diet",28,28,0,1.2,1.2,0,0,0,0,0,0,20,1
"Cordial, 25% citrus fruit juice, regular, recommended dilution",142,142,0,8.7,8.7,0,0,0,0,0,0,100,1
"Cordial, 40% citrus fruit juice, regular, recommended dilution",154,154,0,9.4,9.4,0,0,0,0,0,0,76,1
"Cordial, 25% non-citrus fruit juice, regular, recommended dilution",142,142,0,8.7,8.7,0,0,0,0,0,0,11,1
"Cordial, 40% non-citrus fruit juice, regular, recommended dilution",142,142,0,8.7,8.7,0,0,0,0,0,0,42,1
"Cordial, apple & berry, regular, stronger than recommended dilution",175,175,0,10.7,10.7,0,0,0,0,0,0,89,1
"Cordial, apple & berry, regular, recommended dilution",142,142,0,8.7,8.7,0,0,0,0,0,0,66,1
"Cordial, apple & berry, regular, weaker than recommended dilution",104,104,0,6.4,6.4,0,0,0,0,0,0,69,1
"Cordial, blackcurrant juice, regular, stronger than recommended dilution",229,229,0,14.1,14.1,0,0,0,0,0,0,76,1
"Cordial, blackcurrant juice, regular, recommended dilution",191,191,0,11.8,11.8,0,0,0,0,0,0,93,1
"Cordial, blackcurrant juice, regular, weaker than recommended dilution",146,146,0,9,9,0,0,0,0,0,0,80,1
"Cordial, fruit cup or tropical, regular, stronger than recommended dilution",174,174,0,10.7,10.7,0,0,0,0,0,0,50,1
"Cordial, fruit cup or tropical, regular, recommended dilution",142,142,0,8.7,8.7,0,0,0,0,0,0,18,1
"Cordial, fruit cup or tropical, regular, weaker than recommended dilution",103,103,0,6.4,6.4,0,0,0,0,0,0,76,1
"Cordial, ginger, regular, recommended dilution",202,201,0,12.4,12.4,0.2,0,0,0,0,0,12,1
"Cordial, lemon, regular, recommended dilution",152,152,0,9.3,9.3,0,0,0,0,0,0,9,1
"Cordial, lemon, regular, weaker than recommended dilution",111,111,0,6.8,6.8,0,0,0,0,0,0,25,1
"Cordial, lime or green, regular, stronger than recommended dilution",196,196,0,11.8,11.8,0,0,0,0,0,0,15,1
"Cordial, lime or green, regular, recommended dilution",159,159,0,9.6,9.6,0,0,0,0,0,0,70,1
"Cordial, lime or green, regular, weaker than recommended dilution",116,116,0,7,7,0,0,0,0,0,0,58,1
"Cordial, orange or orange & mango, regular, stronger than recommended dilution",187,187,0,11.4,11.4,0,0,0,0,0,0,17,1
"Cordial, orange or orange & mango, regular, recommended dilution",152,152,0,9.3,9.3,0,0,0,0,0,0,18,1
"Cordial, orange or orange & mango, regular, weaker than recommended dilution",111,111,0,6.8,6.8,0,0,0,0,0,0,6,1
"Cordial, apple & berry, intense sweetened or diet, recommended dilution",6,6,0,0.2,0.2,0,0,0,0,0,0,12,1
"Cordial, blackcurrant juice, intense sweetened or diet, recommended dilution",32,32,0,1.9,1.9,0,0,0,0,0,0,16,1
"Cordial, 25% citrus fruit juice, intense sweetened or diet, recommended dilution",6,6,0,0.2,0.2,0,0,0,0,0,0,73,1
"Cordial, fruit cup or tropical, intense sweetened, recommended dilution",6,6,0,0.2,0.2,0,0,0,0,0,0,27,1
"Cordial, lemon, intense sweetened or diet, recommended dilution",6,6,0,0.2,0.2,0,0,0,0,0,0,17,1
"Cordial, lime or green, intense sweetened or diet, recommended dilution",5,5,0,0.2,0.2,0,0,0,0,0,0,23,1
"Cordial, orange or orange & mango, intense sweetened or diet, recommended dilution",6,6,0,0.2,0.2,0,0,0,0,0,0,23,1
"Fruit drink, from dry base, regular, recommended dilution",143,143,0,8.9,8.9,0,0,0,0,0,0,39,1
"Fruit drink, aloe vera, commercial",177,177,0.1,10.5,10.5,1,0,0,0,0,0,78,1
"Fruit drink, apple juice, commercial",178,178,0,10.9,10.9,0,0,0,0,0,0,56,1
"Fruit drink, 25% apple juice, commercial",162,162,0,9.8,9.8,0,0,0,0,0,0,9,1
"Fruit drink, 35% apple juice, commercial, added vitamin C",194,194,0,11.9,11.9,0,0,0,0,0,0,23,1
"Fruit drink, apple & blackcurrant, commercial",149,149,0,9.2,9.2,0,0,0,0,0,0,57,1
"Fruit drink, apple & mango, commercial",185,183,0,11,11,0.1,0,0,0,0,0,70,1
"Fruit drink, apricot juice, commercial",221,216,0,12.9,12.9,0,0,0,0,0,0,75,1
"Fruit drink, blackcurrant, commercial",179,178,0.4,9.7,9.7,0,0,0,0,0,0,32,1
"Fruit drink, cranberry, commercial",201,200,0.1,12.1,12.1,0,0,0,0,0,0,76,1
"Fruit drink, cranberry & blackcurrant, commercial",197,196,0.1,12.1,12.1,0,0,0,0,0,0,69,1
"Fruit drink, guava, commercial",203,190,0.2,11,11,0,0,0,0,0,0,66,1
"Fruit drink, lemon or lime juice, commercial",200,193,0.1,10.6,10.6,0,0,0,0,0,0,80,1
"Fruit drink, mango, commercial",198,192,0.1,11.2,11.2,0.2,0,0,0,0,0,50,1
"Fruit drink, 25% orange juice, commercial",177,176,0,10.4,10.4,0,0,0,0,0,0,89,1
"Fruit drink, 25% orange juice, commercial, added vitamin C",177,176,0,10.4,10.4,0,0,0,0,0,0,6,1
"Fruit drink, 35% orange juice, commercial, added vitamin C",176,176,0,10.4,10.4,0,0,0,0,0,0,20,1
"Fruit drink, orange juice, commercial",176,176,0,10.4,10.4,0,0,0,0,0,0,34,1
"Fruit drink, orange & mango juices, commercial",188,186,0,11.1,11.1,0,0,0,0,0,0,74,1
"Fruit drink, pineapple juice, commercial",192,192,0,11.6,11.6,0,0,0,0,0,0,51,1
"Fruit drink, tropical style, commercial",149,148,0,9,9,0,0,0,0,0,0,59,1
"Juice, infant, apple or pear, commercial",67,66,0,3.8,3.8,0,0,0,0,0,0,97,1
"Juice, infant, orange or tropical, commercial",81,77,0,4.3,4,0,0,0,0,0,0,67,1
"Juice, aloe vera, commercial",5,3,0,0,0,0,0,0,0,0,0,68,1
"Juice, apple, commercial, added vitamin C",121,120,0,7,7,0,0,0,0,0,0,45,1
"Juice, apple, commercial, no added vitamin C",121,120,0,7,7,0,0,0,0,0,0,82,1
"Juice, apple, commercial",121,120,0,7,7,0,0,0,0,0,0,54,1
"Juice, apple, commercial, added vitamins C, E & folate & fibre",126,120,0,7,7,0,0,0,0,0,0,71,1
"Juice, apple, home squeezed",237,218,0.2,12.5,12.1,0.3,0,0,0,0,0,92,1
"Juice, apple, sparkling, commercial, added vitamin C",157,157,0,9.5,9.5,0,0,0,0,0,0,28,1
"Juice, apple, sparkling, commercial, no added vitamin C",170,170,0,10.3,10.3,0,0,0,0,0,0,48,1
"Juice, apple, sparkling, commercial",160,160,0,9.7,9.7,0,0,0,0,0,0,59,1
"Juice, apple & berries, home squeezed",227,208,0.2,11.8,11.4,0.3,0,0,0,0,0,87,1
"Juice, apple & blackcurrant, commercial",163,163,0,9.3,9.3,0,0,0,0,0,0,13,1
"Juice, apple & forest fruits, commercial",132,129,0,7.5,7.5,0,0,0,0,0,0,67,1
"Juice, apple & mango, commercial",136,133,0,7.7,7.7,0,0,0,0,0,0,28,1
"Juice, carrot, commercial",133,101,0.1,5,5,0,0,0,0,0,0,7,1
"Juice, carrot, home squeezed",133,101,0.1,5,5,0,0,0,0,0,0,56,1
"Juice, celery, commercial",62,51,0.1,2.2,1.2,0,0,0,0,0,0,18,1
"Juice, fruit blend, 70% apple juice & 30% orange, grape & other juices, commercial, added vitamins A, C & folate",124,123,0,7,7,0,0,0,0,0,0,92,1
"Juice, fruit blend, 60% orange juice & 40% apple & pineapple juices, commercial, added Ca & vitamin C",137,135,0,7.3,7.3,0,0,0,0,0,0,97,1
"Juice, fruit blend, 60% orange juice & 40% apple & pineapple juices, commercial, added vitamin C & folate",138,136,0,7.4,7.4,0,0,0,0,0,0,16,1
"Juice, fruit blend, 60% orange juice & 40% apple & pineapple juices, commercial, added fibre & vitamin C",143,136,0,7.3,7.3,0,0,0,0,0,0,25,1
"Juice, fruit blend, 60% orange juice, 20% apple juice & other juices, commercial, added vitamins A, C & E",133,130,0,7,7,0,0,0,0,0,0,52,1
"Juice, fruit blend, 45% orange juice & 55% apple, pineapple & other juices, commercial",124,122,0,6.6,6.6,0,0,0,0,0,0,90,1
"Juice, fruit blend, with added vitamin A & C & herbal extracts",138,134,0,7.2,7.2,0,0,0,0,0,0,57,1
"Juice, fruit blend, breakfast, commercial, not further defined",130,127,0,7,7,0,0,0,0,0,0,64,1
"Juice, fruit blend, home squeezed",200,183,0.1,9.8,9.7,0.3,0,0,0,0,0,9,1
"Juice, fruit & vegetable blend, apple, berries, beetroot & carrot, commercial",150,138,0,7.4,7.4,0,0,0,0,0,0,96,1
"Juice, fruit & vegetable blend, apple, carrot, mango, orange, pineapple & passionfruit, commercial, added fibre & vitamin C",192,115,0.1,6.2,6.2,0,0,0,0,0,0,98,1
"Juice, fruit & vegetable blend, home squeezed, not further defined",169,147,0.1,7.5,7.3,0.2,0,0,0,0,0,40,1
"Juice, goji, commercial",121,120,0,7,7,0,0,0,0,0,0,24,1
"Juice, grape, commercial",221,221,0,13.4,13.4,0,0,0,0,0,0,98,1
"Juice, grape, sparkling, white, non-alcoholic, commercial",229,229,0,13.7,13.7,0,0,0,0,0,0,51,1
"Juice, grape, commercial, concentrate",971,971,0.4,58.7,58.7,0,0,0.1,0.13,0.1,0,7,1
"Juice, grapefruit, commercial",120,120,0.1,6,6,0,0,0,0,0,0,64,1
"Juice, lemon, commercial",115,95,0.2,1.8,1.8,0,0,0,0,0,0,84,1
"Juice, lemon, home squeezed",115,95,0.2,1.8,1.8,0,0,0,0,0,0,41,1
"Juice, lime, commercial or home squeezed",122,89,0.2,1.2,1.2,0,0,0,0,0,0,39,1
"Juice, orange, commercial, fresh, no added vitamin C",112,109,0,5.4,5.4,0,0,0,0,0,0,7,1
"Juice, orange, commercial, fresh, added vitamin C",112,109,0,5.4,5.4,0,0,0,0,0,0,33,1
"Juice, orange, commercial, shelf stable, added vitamin C",121,120,0,6.3,6.3,0,0,0,0,0,0,11,1
"Juice, orange, commercial, sweetened, added vitamin C",149,149,0,8.2,8.2,0.2,0,0,0,0,0,81,1
"Juice, orange, commercial",116,114,0,5.8,5.8,0,0,0,0,0,0,98,1
"Juice, orange, commercial, added Ca & vitamins A, C & folate",112,109,0,5.4,5.4,0,0,0,0,0,0,96,1
"Juice, orange, commercial, concentrate only",498,496,0,27.5,27.5,0.8,0,0,0,0,0,22,1
"Juice, orange, home squeezed",178,157,0.1,8,8,0,0,0,0,0,0,32,1
"Juice, orange & mango, commercial",146,144,0,7.7,7.7,0,0,0,0,0,0,74,1
"Juice, pear, commercial",248,220,0,13.2,9.8,0,0,0,0,0,0,61,1
"Juice, pineapple, commercial, unsweetened",184,184,0.1,10.3,10.3,0,0,0,0,0,0,12,1
"Juice, pineapple, commercial, sweetened",216,215,0.1,12.3,12.3,0,0,0,0,0,0,71,1
"Juice, pineapple, commercial",190,190,0.1,10.7,10.7,0,0,0,0,0,0,72,1
"Juice, pomegranate, commercial",271,271,0,15.2,15.2,0.8,0,0,0,0,0,10,1
"Juice, prune, commercial",361,334,0.2,18.8,14,0.6,0,0,0,0,0,91,1
"Juice, tomato, commercial, added salt",76,72,0,3.3,3.3,1,0,0,0,0,0,39,1
"Juice, tomato, commercial, sweetened, added salt",92,88,0,4.3,4.3,1,0,0,0,0,0,56,1
"Juice, tomato, commercial",79,75,0,3.5,3.5,1,0,0,0,0,0,23,1
"Juice, tropical, commercial",182,173,0.1,9.7,9,0,0,0,0,0,0,43,1
"Juice, vegetable blend, tomato, carrot, celery & parsley, commercial",79,72,0,3.3,3.3,0.9,0,0,0,0,0,11,1
"Juice, vegetable blend, home squeezed",110,89,0.1,4,3.9,0,0,0,0,0,0,80,1
"Juice, wheatgrass, commercial",31,30,0.3,0.4,0.4,0,0,0,0,0,0,30,1
"Juice, fruit, commercial, not further defined",129,127,0,6.9,6.8,0,0,0,0,0,0,30,1
"Juice, fruit, commercial, not further defined",126,123,0,6.6,6.5,0,0,0,0,0,0,91,1
"Juice, vegetable, commercial, not further defined",82,75,0,3.5,3.5,0.9,0,0,0,0,0,25,1
"Juice, commercial, not further defined",127,125,0,6.8,6.7,0,0,0,0,0,0,17,1
"Mineral water, natural, plain or unflavoured",0,0,0,0,0,0,0,0,0,0,0,68,1
"Mineral water, citrus flavoured, regular",152,152,0,9.3,9.3,0,0,0,0,0,0,80,1
"Mineral water, non-citrus flavoured, regular",152,152,0,9.3,9.3,0,0,0,0,0,0,14,1
"Mineral water, flavoured, intense sweetened or diet",5,5,0,0.2,0.2,0,0,0,0,0,0,73,1
"Soft drink, cola flavour, regular",168,168,0,10.5,10.5,0,0,0,0,0,0,40,1
"Soft drink, cola flavour, regular, with ice",126,126,0,7.9,7.9,0,0,0,0,0,0,66,1
"Soft drink, cola flavour, regular, decaffeinated",168,168,0,10.5,10.5,0,0,0,0,0,0,43,1
"Soft drink, cola flavour, intense sweetened or diet",0,0,0,0,0,0,0,0,0,0,0,74,1
"Soft drink, cola flavour, intense sweetened or diet, with added ice",0,0,0,0,0,0,0,0,0,0,0,80,1
"Soft drink, cola flavour, intense sweetened or diet, decaffeinated",0,0,0,0,0,0,0,0,0,0,0,100,1
"Soft drink, creaming soda, regular",158,158,0,9.8,9.8,0,0,0,0,0,0,72,1
"Soft drink, creaming soda, intense sweetened or diet",1,1,0,0,0,0,0,0,0,0,0,44,1
"Soft drink, dry ginger ale or ginger beer, regular",158,158,0,9.8,9.8,0,0,0,0,0,0,37,1
"Soft drink, dry ginger ale or ginger beer, intense sweetened or diet",1,1,0,0,0,0,0,0,0,0,0,30,1
"Soft drink, energy drink, Hype",185,185,0,11,11,0.1,0,0,0,0,0,92,1
"Soft drink, energy drink, Monster",191,191,0,11.4,11.4,0,0,0,0,0,0,61,1
"Soft drink, energy drink, Mother",182,182,0,10.8,10.8,0,0,0,0,0,0,60,1
"Soft drink, energy drink, Red Bull",182,182,0,10.8,10.8,0,0,0,0,0,0,68,1
"Soft drink, energy drink, Red Eye",249,249,0,15,15,0.3,0,0,0,0,0,33,1
"Soft drink, energy drink, Rockstar",217,217,0,13,13,0,0,0,0,0,0,42,1
"Soft drink, energy drink, V",182,182,0,10.8,10.8,0,0,0,0,0,0,85,1
"Soft drink, energy drink, not further defined",176,176,0,10.4,10.4,0,0,0,0,0,0,64,1
"Soft drink, energy drink, intense sweetened, Red Bull",9,9,0,0,0,0,0,0,0,0,0,11,1
"Soft drink, energy drink, intense sweetened, V",9,9,0,0,0,0,0,0,0,0,0,45,1
"Soft drink, energy drink, intense sweetened, XS sugar-free",11,11,0,0.2,0.2,0.2,0,0,0,0,0,25,1
"Soft drink, grass jelly, all flavours",157,157,0,9.8,9.8,0.6,0,0,0,0,0,70,1
"Soft drink, lemon flavour, regular",150,150,0,9.3,9.3,0,0,0,0,0,0,80,1
"Soft drink, lemon flavour, intense sweetened or diet",1,1,0,0,0,0,0,0,0,0,0,85,1
"Soft drink, lemon, lime & bitters, regular",177,177,0,10.9,10.9,0,0,0,0,0,0,18,1
"Soft drink, lemonade, regular",134,134,0,8.3,8.3,0,0,0,0,0,0,48,1
"Soft drink, lemonade, regular, with added ice",101,101,0,6.2,6.2,0,0,0,0,0,0,64,1
"Soft drink, lemonade, intense sweetened or diet",2,2,0,0,0,0,0,0,0,0,0,97,1
"Soft drink, lime flavour, regular",150,150,0,9.3,9.3,0,0,0,0,0,0,97,1
"Soft drink, orange flavour, regular",145,145,0,9,9,0,0,0,0,0,0,59,1
"Soft drink, orange flavour, regular, with added ice",108,108,0,6.7,6.7,0,0,0,0,0,0,11,1
"Soft drink, orange flavour, intense sweetened or diet",1,1,0,0,0,0,0,0,0,0,0,69,1
"Soft drink, other fruit flavours, intense sweetened or diet",1,1,0,0,0,0,0,0,0,0,0,30,1
"Soft drink, passionfruit flavour, regular",158,158,0,9.8,9.8,0,0,0,0,0,0,25,1
"Soft drink, passionfruit flavour, intense sweetened or diet",1,1,0,0,0,0,0,0,0,0,0,12,1
"Soft drink, raspberry flavour, regular",158,158,0,9.8,9.8,0,0,0,0,0,0,29,1
"Soft drink, raspberry flavour, intense sweetened or diet",1,1,0,0,0,0,0,0,0,0,0,56,1
"Soft drink, ready to drink, added glucose & vitamin C (Lucozade)",297,297,0,17.9,17.9,0,0,0,0,0,0,55,1
"Soft drink, sarsaparilla, regular",176,176,0,10.9,10.9,0,0,0,0,0,0,93,1
"Soft drink, tea flavour, regular",180,180,0,11.1,11.1,0,0,0,0,0,0,66,1
"Iced tea, homemade, unsweetened",49,48,0.1,2.5,2.5,0,0,0,0,0,0,97,1
"Soft drink, tonic water, regular",142,142,0,8.8,8.8,0,0,0,0,0,0,44,1
"Soft drink, tonic water, intense sweetened or diet",1,1,0,0,0,0,0,0,0,0,0,37,1
"Soft drink, not further defined",110,110,0,6.8,6.8,0,0,0,0,0,0,96,1
"Soft drink, not further defined",130,130,0,8.1,8.1,0,0,0,0,0,0,82,1
"Soft drink, frozen, cola flavour, regular",203,203,0,12.7,12.7,0,0,0,0,0,0,70,1
"Soft drink, frozen, non-cola flavours, regular",205,205,0,12.7,12.7,0,0,0,0,0,0,71,1
"Soft drink, frozen, regular, not further defined",204,204,0,12.7,12.7,0,0,0,0,0,0,11,1
"Sports drink, dry powder, all flavours",1544,1544,0,93.7,93.7,0,0,0,0,0,0,97,2
"Sports drink, prepared from dry powder, weaker than standard dilution, all flavours",77,77,0,4.7,4.7,0,0,0,0,0,0,25,1
"Sports drink, ready to drink, all flavours",109,109,0,6.7,6.7,0,0,0,0,0,0,24,1
"Sports drink, ready to drink, sugar free, all flavours",5,5,0,0.1,0.1,0.1,0,0,0,0,0,75,1
"Tea, chai, instant dry powder",1258,1190,0,50.1,50.1,44.6,0,0,0,0,0,12,2
"Tea, chai, plain, without milk",6,6,0.1,0,0,0,0,0,0,0,0,90,1
"Tea, chai, flavoured, without milk",6,6,0.1,0,0,0,0,0,0,0,0,87,1
"Tea, green, plain, without milk",6,6,0.1,0,0,0,0,0,0,0,0,8,1
"Tea, green, flavoured, without milk",6,6,0.1,0,0,0,0,0,0,0,0,52,1
"Tea, herbal, chamomile, without milk",6,6,0.1,0,0,0,0,0,0,0,0,70,1
"Tea, herbal, lemon, without milk",6,6,0.1,0,0,0,0,0,0,0,0,78,1
"Tea, herbal, mint, without milk",6,6,0.1,0,0,0,0,0,0,0,0,38,1
"Tea, herbal, other, without milk",6,6,0.1,0,0,0,0,0,0,0,0,92,1
"Tea, jasmine, plain, without milk",6,6,0.1,0,0,0,0,0,0,0,0,30,1
"Tea, regular, black, brewed from leaf or teabags, plain, without milk",6,6,0.1,0,0,0,0,0,0,0,0,12,1
"Tea, regular, black, brewed from leaf or teabags, flavoured, without milk",6,6,0.1,0,0,0,0,0,0,0,0,37,1
"Tea, regular, white, brewed from leaf or teabags, with cows milk not further defined",33,33,0.4,0.7,0.7,0,0,0.17,0.07,0.01,8.69,21,1
"Tea, decaffeinated, black, brewed from leaf or teabags, plain, without milk",6,6,0.1,0,0,0,0,0,0,0,0,23,1
"Water, bore",0,0,0,0,0,0,0,0,0,0,0,34,1
"Water, bottled, still",0,0,0,0,0,0,0,0,0,0,0,30,1
"Water, bottled, carbonated or soda water",0,0,0,0,0,0,0,0,0,0,0,15,1
"Water, bottled, with added sugar, vitamins & minerals",70,70,0,4.4,4.4,0,0,0,0,0,0,98,1
"Water, filtered",0,0,0,0,0,0,0,0,0,0,0,14,1
"Water, ice",0,0,0,0,0,0,0,0,0,0,0,10,1
"Water, rainwater or tank water",0,0,0,0,0,0,0,0,0,0,0,31,1
"Water, tap",0,0,0,0,0,0,0,0,0,0,0,28,1
"Biscuit, savoury, corn cake, plain, salted",1743,1671,7.9,70.9,70.9,70.5,0,1.03,3.32,3.13,0,98,2
"Biscuit, savoury, corn cake, multigrain, salted",1611,1531,3.4,72.1,72.1,71.4,0,0.44,1.43,1.34,0,22,2
"Biscuit, savoury, rice cake, from brown rice, plain",1683,1648,3.4,81,81,80.7,0,0.62,1.13,1.15,13,12,2
"Biscuit, savoury, rice cake, from brown rice, flavoured",1688,1657,8.4,72.3,72.3,66.1,0,2.17,2.57,2.08,31.94,10,2
"Biscuit, savoury, rice cracker, cheese based flavours",1660,1645,8.4,69.8,69.8,68.1,0,2.44,3.05,2.34,35.91,88,2
"Biscuit, savoury, rice cracker, other flavours",1641,1625,5,75.3,75.3,73.5,0,1.45,1.82,1.39,21.38,25,2
"Biscuit, savoury, rice cracker, plain",1641,1625,5,75.3,75.3,73.5,0,1.45,1.82,1.39,21.38,33,2
"Biscuit, savoury, rice cracker, sour cream based flavours",1585,1569,5,72.4,72.4,70.7,0,1.45,1.82,1.39,21.38,50,2
"Biscuit, savoury, rice cracker, seaweed flavoured",1541,1525,2.3,75.3,75.3,73.5,0,0.67,0.83,0.66,9.83,74,2
"Biscuit, savoury, rice cracker, from brown rice, all flavours",1944,1926,12.6,77.8,77.8,75.3,0,3.66,4.57,3.51,53.86,23,2
"Biscuit, savoury, rice cracker, not further defined",1643,1627,5.4,74.6,74.6,72.8,0,1.58,1.97,1.52,23.25,60,2
"Biscuit, savoury, from white wheat flour, cheese-flavoured",2088,2059,24.2,56.4,56.4,53.2,0,11.2,9.11,2.55,108.01,51,2
"Biscuit, savoury, corn, crispbread, puffed & toasted",1609,1585,2.2,81.2,81.2,80.3,0,0.29,0.92,0.87,0,66,2
"Biscuit, savoury, from white wheat flour, other flavours",2118,2100,25.1,59.7,59.7,54.5,0,11.16,9.64,3.02,95.93,30,2
"Biscuit, savoury, from rye flour, crispbread",1415,1301,2.4,60.4,60.4,58.6,0,0.47,0.31,1,7.94,47,2
"Biscuit, savoury, from rye flour, crispbread, with added grains (buckwheat, linseed, soy, sesame)",1550,1404,7.2,56,56,51.1,0,1.38,0.91,2.94,23.33,94,2
"Biscuit, savoury, from wheat flour, crispbread, puffed & toasted",1660,1636,4,74.6,74.6,73.4,0,2.3,0.72,0.3,14.94,32,2
"Biscuit, savoury, from wheat flour, crispbread, puffed & toasted, reduced fat",1539,1515,1.3,74.6,74.6,71.9,0,0.6,0.19,0.08,3.92,98,2
"Biscuit, savoury, from white wheat flour, plain snack cracker style",2056,2027,21.5,65.8,65.8,60,0,9.87,7.91,2.6,81.09,52,2
"Biscuit, savoury, from white wheat flour, plain snack cracker style, reduced fat",1658,1637,2.5,78,78,74,0,0.81,0.65,0.21,6.65,17,2
"Biscuit, savoury, from white wheat flour, flaky cracker style",2045,2022,20.7,63.6,63.6,60,0,9.68,7.2,2.54,275.31,9,2
"Biscuit, savoury, from white wheat flour, flatbread style",1834,1811,12.4,68.2,68.2,62.5,0,7.16,3.2,1.47,53.01,50,2
"Biscuit, savoury, from white wheat flour, Salada style",1737,1709,13.7,62,62,61.6,0,6.77,4.76,1.5,58.57,82,2
"Biscuit, savoury, from white wheat flour, Salada style, reduced fat",1591,1558,2,78.5,78.5,78.2,0,0.7,0.49,0.15,6.03,48,2
"Biscuit, savoury, from white wheat flour, stick, salted",2000,1971,18.5,64.2,64.2,59.2,0,2.71,12.57,2.3,0,27,2
"Biscuit, savoury, from white wheat flour, wafer style",1681,1657,4,78.9,78.9,73.4,0,2.3,0.72,0.3,14.94,50,2
"Biscuit, savoury, from white wheat flour, water cracker style",1786,1763,9.2,71.9,71.9,70.2,0,5.31,2.37,1.09,39.33,57,2
"Biscuit, savoury, from white wheat flour, plain, not further defined",1909,1882,16.1,66.9,66.9,63.5,0,7.72,5.59,1.91,88.35,74,2
"Biscuit, savoury, from wholemeal wheat flour",1748,1684,12.6,60.6,60.6,60,0,6.01,4.31,1.65,53.86,84,2
"Biscuit, savoury, from wholemeal wheat flour, added grains",1835,1779,15.6,59.9,59.9,58,0,8.15,4.33,2.44,66.9,84,2
"Biscuit, savoury, from wholemeal wheat flour, crispbread",1707,1607,9.7,63.7,63.7,62.4,0,3.39,2.1,1.51,31.43,99,2
"Biscuit, savoury, from wholemeal wheat flour, Salada style, high fibre",1518,1412,1.8,67.2,67.2,63.3,0,0.67,0.47,0.15,5.83,60,2
"Biscuit, savoury, from wholemeal wheat flour & rye flour, crispbread, puffed",1595,1534,3.8,69.1,69.1,67.6,0,0.72,0.69,1.32,12.15,28,2
"Biscuit, savoury, rice flour, peanut cracker",2126,2106,27.7,55.1,55.1,48.6,0,9.8,13.77,2.61,249.39,11,2
"Biscuit, savoury, not further defined",1831,1796,13.5,66.6,66.6,63.7,0,6.04,4.67,1.87,62.69,62,2
"Cracker, with cheddar cheese",1589,1580,24.3,19,19,17.8,0,15.29,6.14,1.26,592.79,67,2
"Cracker, with cheese not further defined",1599,1589,24.9,19.8,19.8,18.8,0,15.56,6.49,1.26,655.34,44,2
"Snack pack, savoury, corn & rice biscuit with salsa",600,586,2.5,25.3,25.3,21.4,0,0.73,0.92,0.7,10.77,89,1
"Snack pack, savoury, rice cracker with reduced fat cheddar cheese",1474,1469,18.5,22.6,22.6,22,0,11.38,4.54,1.16,362.24,86,2
"Snack pack, savoury, white wheat flour biscuit with cheese",1667,1661,24.6,21.8,21.8,21.1,0,15.83,6.1,1.15,605.97,67,2
"Snack pack, savoury, white wheat flour biscuit with processed cheese spread",1634,1623,26.7,29.2,29.2,21,0,13.03,8.73,3.47,535.06,37,2
"Snack pack, savoury, white wheat flour biscuit with processed vegemite flavoured cheese spread",1442,1428,18.9,37.2,37.2,32.2,0,10.59,5.35,1.26,579.72,82,2
"Snack pack, savoury, white wheat flour biscuit with tuna",1159,1154,19.8,14.6,14.6,9.8,0,3.36,5.48,9.96,339.67,82,2
"Snack pack, savoury, wholemeal wheat flour biscuit with processed cheese spread",1526,1503,23.6,27.3,27.3,21,0,11.68,7.47,3.14,525.54,41,2
"Biscuit filling, cream style, chocolate flavoured, commercial",2667,2665,53.3,41,41,0.1,0,48.8,1.24,0.2,42.16,15,2
"Biscuit filling, cream style, vanilla flavoured, commercial",2640,2640,51.8,43.1,43.1,0,0,47.42,1.19,0.19,34.34,40,2
"Biscuit filling, icing style, vanilla flavoured, commercial",2288,2288,35.3,61.1,61.1,0,0,32.62,0.53,0.1,4.29,96,2
"Biscuit, sweet, almond spekulatius (butter almond cookie), commercial",2104,2076,27.7,52.7,52.7,32.9,0,7.7,13.88,4.18,448.2,16,2
"Biscuit, sweet, Anzac style, commercial",1975,1935,24,56.8,56.8,30.8,0,15.46,5.77,1.75,201.06,32,2
"Biscuit, sweet, Anzac style, homemade from basic ingredients, fat not further defined",1987,1959,22.5,63.8,63.8,23.1,0,13,4.88,2.54,710.06,23,2
"Biscuit, sweet, biscotti (almond bread), commercial",1712,1688,7.1,74.6,74.6,39.4,0,0.47,4.26,1.85,2.22,71,2
"Biscuit, sweet, biscuit base, caramel filling, chocolate-coated, commercial",1891,1885,19.4,65,65,21,0,11.08,5.6,1.46,201.81,19,2
"Biscuit, sweet, biscuit base, mint filling, chocolate-coated, commercial",2157,2152,28.8,60.6,60.6,18.6,0,15.11,9.7,2.27,258.25,46,2
"Biscuit, sweet, Butternut Snap style, commercial",1984,1957,20.6,67.9,67.9,30.4,0,13.24,4.94,1.52,176.13,56,2
"Biscuit, sweet, chocolate chip, commercial",2015,1996,21.8,66,66,37.7,0,10.23,6.85,3.47,240.7,64,2
"Biscuit, sweet, chocolate chip, reduced fat, commercial",1797,1771,10.7,79,79,39.7,0,5.01,3.36,1.7,117.91,12,2
"Biscuit, sweet, chocolate chip, homemade from basic ingredients, fat not further defined",1955,1943,21.2,65.2,65.2,25.4,0,11.12,5.95,2.17,648.24,94,2
"Biscuit, sweet, chocolate chip & caramel, commercial",1944,1931,20.7,65,65,21.5,0,9.96,7.78,1.44,408.81,99,2
"Biscuit, sweet, chocolate chip & nut, commercial",2048,2034,27.4,55,55,30,0,13.52,11.05,1.52,229.06,78,2
"Biscuit, sweet, chocolate flavoured, commercial",1841,1826,17.2,65.3,65.3,41.4,0,8.38,6.83,1.04,143.37,8,2
"Biscuit, sweet, chocolate flavoured, homemade from basic ingredients, fat not further defined",1834,1803,18.2,61.6,61.6,29.2,0,9.06,4.86,2.33,726.46,67,2
"Biscuit, sweet, chocolate flavoured, bite-size shell, unfilled for pods recipes, commercial",1697,1679,5.5,84,84,41.9,0,2.22,2.07,0.63,131.64,30,2
"Biscuit, sweet, chocolate flavoured, bite-size shell, filled with layers of caramel & chocolate, commercial",1970,1955,20.1,67.5,67.5,13.3,0,12.62,5.68,0.64,170.97,45,2
"Biscuit, sweet, gluten free, chocolate flavoured with chocolate chips",1985,1967,24.7,60.3,60.3,26.6,0,15.07,6.81,1.29,400.04,44,2
"Biscuit, sweet, fortune cookie, commercial",1618,1602,4.3,82.3,82.3,41.4,0,2.08,1.51,0.46,47.8,72,2
"Biscuit, sweet, fruit-filled, commercial",1495,1472,5.7,72.2,72.2,23.6,0,2.83,2.16,0.46,47.65,71,2
"Biscuit, sweet, fruit-filled, commercial, reduced fat",1461,1420,4.9,71.5,71.5,21.8,0,2.43,1.86,0.39,41.9,25,2
"Biscuit, sweet, with dried fruit, commercial",1972,1953,21.8,63.4,63.4,37.8,0,11.17,8.39,1.32,182.67,26,2
"Biscuit, sweet, with dried fruit & icing, commercial",2049,2034,23.9,62.9,62.9,31,0,15.36,6.35,1.01,199.8,57,2
"Biscuit, sweet, ginger flavoured, commercial",1769,1754,13.2,71,71,37.8,0,6.34,5.22,0.97,110.77,95,2
"Biscuit, sweet, gingerbread, homemade from basic ingredients, fat not further defined, uniced",1763,1747,15.1,66.3,66.3,34.1,0,7.32,3.92,2.06,634.03,44,2
"Biscuit, sweet, gingerbread, homemade from basic ingredients, fat not further defined, iced",1721,1707,13.6,67.9,67.9,30.7,0,6.59,3.53,1.86,570.62,69,2
"Biscuit, sweet, honey jumble, homemade from basic ingredients, fat not further defined, uniced",1681,1662,11.3,70.6,70.6,29.6,0,5.36,2.94,1.63,435.36,16,2
"Biscuit, sweet, honey jumble, homemade from basic ingredients, fat not further defined, iced",1648,1631,10.1,71.7,71.7,26.6,0,4.82,2.64,1.47,391.83,49,2
"Biscuit, sweet, jam-filled, commercial",1774,1759,15,68,68,34.7,0,7.43,5.89,0.92,125.4,43,2
"Biscuit, sweet, jam-filled, reduced fat, commercial",1678,1664,7.7,78.1,78.1,37.2,0,3.81,3.02,0.47,65.84,62,2
"Biscuit, sweet, jam-filled, homemade from basic ingredients, fat not further defined",1991,1978,23.2,62.7,62.7,25.3,0,11.41,6.11,3.07,1001.73,73,2
"Biscuit, sweet, macaron (almond based), filled",1839,1823,25,48.1,48.1,1.6,0,9.11,10.87,3.29,621.44,40,2
"Biscuit, sweet, macaroon (coconut based), commercial",2041,1972,25.6,57.4,57.4,21.9,0,18.4,5.16,0.72,213.6,79,2
"Biscuit, sweet, macaroon (coconut based), homemade from basic ingredients",1973,1924,25.8,55.6,55.6,0.3,0,22.77,1.29,0.22,0,42,2
"Biscuit, sweet, marshmallow filling, commercial",1704,1676,15.8,61.6,61.6,25.6,0,9.73,4.5,0.86,132.09,89,2
"Biscuit, sweet, marshmallow filling, chocolate-coated, commercial",1783,1771,16.4,66.6,66.6,22.1,0,12.14,2.37,1.08,15.58,79,2
"Biscuit, sweet, oatmeal, commercial",1954,1934,21.4,63.2,63.2,32.4,0,12.19,6.93,1.36,179.32,89,2
"Biscuit, sweet, plain, commercial",1818,1802,15.5,67.5,67.5,41.8,0,7.49,5.45,1.65,172.39,67,2
"Biscuit, sweet, plain, with icing, commercial",1748,1736,12.8,71.2,71.2,31,0,6.43,5.01,0.78,107.01,89,2
"Biscuit, sweet, plain, homemade from basic ingredients, butter or dairy blend",1855,1842,18.1,65.2,65.2,29.7,0,11.05,3.96,0.8,956.5,56,2
"Biscuit, sweet, plain, homemade from basic ingredients, fat not further defined",1861,1848,18.5,64.8,64.8,29.6,0,9.05,4.85,2.5,791.81,90,2
"Biscuit, sweet, plain, homemade from basic ingredients, fat not further defined, iced",1824,1813,17.9,64.8,64.8,26.6,0,8.7,4.72,2.42,752,18,2
"Biscuit, sweet, plain, chocolate-coated, commercial",1905,1893,22,58.5,58.5,30.8,0,11.72,7.13,1.92,136.16,28,2
"Biscuit, sweet, plain, carob-coated, commercial",2078,2067,29.8,52.4,52.4,9.8,0,24.06,3.17,0.99,249.13,76,2
"Biscuit, sweet, plain, sponge finger, commercial",1482,1466,5.8,67.5,67.5,35.5,0,2.8,2.04,0.62,64.47,19,2
"Biscuit, sweet, gluten free, non-chocolate flavour",1881,1866,20.6,61.7,61.7,31.9,0,10.84,6.68,1.52,404.6,46,2
"Biscuit, savoury, rice cake, from brown rice, carob coated",1918,1888,18.2,62.7,62.7,41.2,0,15.8,0.75,0.7,6.5,76,2
"Biscuit, sweet, with coconut, commercial",1985,1958,20.7,66.4,66.4,31,0,13.65,4.64,1.34,173.05,6,2
"Biscuit, sweet, with coconut, chocolate base, commercial",1993,1967,21.1,66.2,66.2,30,0,13.82,4.87,1.32,171.76,37,2
"Biscuit, sweet, with nuts, commercial",2054,2035,24.2,62,62,34.4,0,10.75,9.89,2.47,202.31,95,2
"Biscuit, sweet, with nuts, reduced fat, commercial",1753,1727,9.3,79.3,79.3,45.8,0,4.13,3.8,0.95,77.75,66,2
"Biscuit, sweet, with nuts, homemade from basic ingredients, fat not further defined",2044,2022,26.6,54.6,54.6,25.2,0,8.33,10.24,5.83,643.54,40,2
"Biscuit, sweet, with peanuts, homemade from basic ingredients, fat not further defined",2052,2032,25.9,55,55,25.8,0,9.19,11.55,2.92,672.07,16,2
"Biscuit, sweet, with dried fruit & nuts, commercial",2034,2018,25.8,58,58,33.2,0,13.02,10.25,1.47,215.69,36,2
"Biscuit, sweet, sandwich, butternut snap biscuit, chocolate cream filling, commercial",2155,2134,28.8,61.2,61.2,22.8,0,22.13,4.02,1.19,142.64,14,2
"Biscuit, sweet, sandwich, cream filling, chocolate-coated, commercial",2120,2115,26.1,64.2,64.2,19.2,0,15.01,7.61,1.87,245.16,62,2
"Biscuit, sweet, sandwich, cream & caramel filling, chocolate-coated, commercial",2067,2063,24.4,65.5,65.5,16.4,0,14.64,6.68,1.61,248.38,97,2
"Biscuit, sweet, sandwich, cream & jam filling, commercial",1992,1980,23,64.1,64.1,30.6,0,11.51,7.99,2.08,284.46,25,2
"Biscuit, sweet, sandwich, chocolate flavour biscuit, cream filling, commercial",1979,1967,23,61.8,61.8,31,0,12.43,6.59,2.46,426.08,97,2
"Biscuit, sweet, sandwich, chocolate flavoured shortbread style biscuit, chocolate icing filling, commercial",2214,2199,31,57.8,57.8,34.8,0,21.01,6.23,1.92,209.89,92,2
"Biscuit, sweet, sandwich, vanilla flavour biscuit, cream filling, commercial",2083,2071,25.7,62.8,62.8,31.4,0,16.25,6.05,1.95,173.12,83,2
"Biscuit, sweet, sandwich, vanilla flavour biscuit, cream filling, white chocolate coated, commercial",2222,2217,30.3,62.2,62.2,17.8,0,19.18,7.14,2.3,204.37,11,2
"Biscuit, sweet, sandwich, shortbread style biscuit, icing filling, commercial",2086,2076,25.6,64.8,64.8,32.8,0,16.14,6.32,1.34,421.36,12,2
"Biscuit, sweet, sandwich, shortbread style biscuit, icing filling, homemade from basic ingredients",2010,2002,27.3,56.9,56.9,27.7,0,13.48,7.23,3.68,1188.41,89,2
"Biscuit, sweet, sandwich, syrup wafer, commercial",1842,1825,17.8,65.3,65.3,30.5,0,9.95,4.86,0.94,816.98,15,2
"Biscuit, sweet, sandwich, wafer layers, cream filling, non-chocolate flavours, commercial",2182,2168,28,64.4,64.4,26.4,0,18.25,7.16,1.28,303.24,81,2
"Biscuit, sweet, sandwich, wafer layers, cream filling, chocolate flavoured, commercial",2182,2168,28,64.4,64.4,26.4,0,18.25,7.16,1.28,303.24,51,2
"Biscuit, sweet, sandwich, wafer layers, cream filling, chocolate flavoured, chocolate coated, commercial",2189,2174,28.8,61.9,61.9,18.9,0,18.4,7.83,1.14,259.8,60,2
"Biscuit, sweet, shortbread style, commercial",2123,2108,26.3,62,62,42.6,0,14.98,7.35,2.32,249.76,60,2
"Biscuit, sweet, shortbread style, homemade from basic ingredients, butter or dairy blend",2160,2145,31,54.2,54.2,38.2,0,19.45,6.58,1.13,1714.34,16,0
"Biscuit, sweet, shortbread style, with custard powder, commercial",1999,1986,21.5,66.3,66.3,46.9,0,9.07,8.81,1.88,600.1,27,2
"Biscuit, sweet, shortbread style, with custard powder, homemade from basic ingredients, fat not further defined",2268,2256,35.1,52.7,52.7,39.5,0,17.64,9.06,4.56,1582.99,98,0
"Biscuit, sweet, sugar-glazed pastry, commercial",2026,2010,23.4,59,59,47.7,0,19.83,1.6,0.64,195.62,97,2
"Biscuit, sweet, wafer style",1468,1442,2.3,72,72,71.7,0,0.41,0.22,0.9,13.5,50,2
"Biscuit, sweet, wheatmeal, commercial",1923,1879,17.1,67,67,45.4,0,8.6,6.49,1.24,142.96,9,2
"Biscuit, sweet, wheatmeal, chocolate-coated, commercial",2008,1971,21.1,63.7,63.7,32.2,0,11.65,7.36,1.12,147.61,86,2
"Biscuit, sweet, chocolate, commercial, not further defined",2010,1997,22.9,63.8,63.8,29.7,0,12.49,6.87,2.23,235.36,14,2
"Biscuit, sweet, cream assorted, commercial, not further defined",2030,2017,24.4,62.4,62.4,30.2,0,14.36,6.43,2.11,296.7,41,2
"Biscuit, sweet, plain assorted, commercial, not further defined",1910,1895,18.8,65.8,65.8,41.7,0,9.85,6.1,1.77,191.25,99,2
"Biscuit, sweet, sandwich, wafer layers, cream filling, commercial, not further defined",2184,2170,28.2,63.7,63.7,24.3,0,18.29,7.35,1.24,290.83,72,2
"Biscuit, sweet, not further defined",1955,1939,20.9,64.5,64.5,35.4,0,11.16,6.45,2.01,226.22,46,2
"Biscuit mix, sweet, dry mix",1426,1411,2.4,70.7,70.7,43,0,0.84,0.52,0.92,26.68,72,2
"Infant rusk, teething",1476,1436,0.6,66,66,60.2,0,0.09,0.07,0.24,0.16,22,2
"Cone, wafer style, for ice cream",1474,1449,2.3,72.3,72.3,72,0,0.41,0.23,0.9,13.56,14,2
"Cone, waffle style, for ice cream",1731,1712,6.4,81.6,81.6,55.3,0,2.5,2.4,0.8,159.58,96,2
"Cone, for ice cream, not further defined",1541,1517,3.4,74.7,74.7,67.7,0,0.96,0.79,0.87,51.44,31,2
"Bagel, from white flour, commercial",1094,1069,1.4,50.7,50.7,44.5,0,0.21,0.5,0.52,13.71,77,2
"Bagel, from white flour, commercial, toasted",1243,1214,1.6,57.6,57.6,50.6,0,0.24,0.57,0.59,15.58,30,2
"Bagel, fruit, commercial",1007,983,1.3,46.8,46.8,40.1,0,0.19,0.45,0.47,12.34,45,1
"Bagel, fruit, commercial, toasted",1144,1117,1.4,53.2,53.2,45.6,0,0.21,0.51,0.54,14.02,93,2
"Breadcrumbs, white",1489,1456,3.6,65.7,65.7,61.3,0,0.82,0.8,1.58,35.24,87,2
"Bread, chapatti, commercial",993,955,2.2,44.3,44.3,44,0,0.27,0.57,0.98,21.01,33,1
"Bread, corn",1069,1053,4.9,43.8,43.8,39.9,0,1.26,2.42,0.72,32.2,61,2
"Bread, croutons, commercial or homemade",1600,1569,9.5,59,59,55.3,0,1.09,3.71,3.98,153.3,33,2
"Bread, damper, from white flour, commercial",1029,1012,5.4,41.5,41.5,39.9,0,0.7,2.68,1.52,51.81,75,2
"Bread, damper, from white flour, commercial, toasted",1210,1191,6.3,48.8,48.8,46.9,0,0.82,3.16,1.79,60.95,36,2
"Bread, damper, from white flour, homemade from basic ingredients",999,982,4,42.5,42.5,40.9,0,1.52,1.1,0.85,97.37,30,1
"Bread, damper, from white flour, homemade from basic ingredients",1084,1058,5.5,42.9,42.9,40,0,3.28,1.1,0.37,73.42,62,2
"Bread, damper, from white Jackaroo flour, added vitamins & minerals, homemade from basic ingredients",1124,1104,4.8,46.6,46.6,43.9,0,1.82,1.31,1.04,113.6,50,2
"Bread, damper, from wholemeal flour, commercial",1018,968,5.9,37.9,37.9,35.7,0,0.77,2.77,1.76,51.86,14,1
"Bread, damper, from wholemeal flour, commercial, toasted",1197,1138,6.9,44.6,44.6,42,0,0.91,3.26,2.07,61.01,24,2
"Bread, damper, from wholemeal flour, homemade from basic ingredients",986,935,4.5,38.8,38.8,36.6,0,1.6,1.18,1.09,97.37,22,1
"Bread, flat (pita or Lebanese), white, commercial",1102,1070,2.1,49.1,49.1,46,0,0.62,0.69,0.5,20.22,8,2
"Bread, flat (pita or Lebanese), white, commercial, toasted",1296,1258,2.4,57.8,57.8,54.1,0,0.74,0.81,0.58,23.78,9,2
"Bread, flat (pita or Lebanese), wholemeal, commercial",1074,1023,2,47.2,47.2,44.2,0,0.46,0.55,0.84,14.76,83,2
"Bread, flat (pita or Lebanese), wholemeal, commercial, toasted",1279,1217,2.4,56.2,56.2,52.6,0,0.54,0.65,1,17.57,38,2
"Bread, flat wrap, corn, commercial",1267,1249,1.3,66,66,64.4,0,0.34,0.37,0.36,10.07,23,2
"Bread, flat wrap, corn, commercial, toasted",1407,1387,1.4,73.3,73.3,71.5,0,0.38,0.41,0.4,11.19,97,2
"Bread, flat wrap, white, commercial",1260,1239,8.3,47.4,47.4,41.4,0,2.51,2.78,1.99,81.26,80,2
"Bread, flat wrap, white, commercial, toasted",1400,1377,9.2,52.7,52.7,46,0,2.79,3.09,2.21,90.29,8,2
"Bread, flat wrap or tortilla, mixed grain",1275,1251,8.4,47.8,47.8,42,0,2.43,2.73,2.2,77.19,24,2
"Bread, flat wrap or tortilla, mixed grain, toasted",1417,1390,9.3,53.1,53.1,46.7,0,2.7,3.03,2.45,85.77,37,2
"Bread, flat wrap or tortilla, rice, commercial",1335,1316,6.2,57,57,52.7,0,1.83,2.06,1.53,56.54,22,2
"Bread, flat wrap or tortilla, rye, commercial",1119,1082,2.1,49.6,49.6,46.6,0,0.6,0.66,0.54,18.6,84,2
"Bread, flat wrap or tortilla, rye, commercial, toasted",1243,1202,2.3,55.1,55.1,51.8,0,0.66,0.73,0.6,20.67,49,2
"Bread, flat wrap or tortilla, wholemeal, commercial",1277,1257,8.3,48.4,48.4,42.4,0,1.85,2.22,3.4,59.76,83,2
"Bread, flat wrap or tortilla, wholemeal, commercial, toasted",1419,1396,9.2,53.8,53.8,47.1,0,2.05,2.46,3.78,66.4,78,2
"Bread, flat, not further defined, commercial",1176,1146,4.8,48.7,48.7,44.4,0,1.33,1.51,1.41,43.01,7,2
"Bread, flat, not further defined, commercial, toasted",1392,1356,5.7,57.7,57.7,52.5,0,1.58,1.78,1.67,50.9,63,2
"Bread, tortilla, corn, commercial",1362,1342,7.4,57.4,57.4,55.5,0,1.02,2.82,2.96,121.12,61,2
"Bread, tortilla, corn, commercial, toasted",1514,1491,8.2,63.7,63.7,61.6,0,1.13,3.13,3.29,134.58,62,2
"Bread, tortilla, white, commercial",1437,1416,9.8,53.9,53.9,53.4,0,2.96,3.28,2.35,95.94,85,2
"Bread, tortilla, white, commercial, toasted",1711,1686,11.7,64.2,64.2,63.6,0,3.53,3.9,2.79,114.22,34,2
"Bread, tortilla, for use in Mexican recipes",1402,1381,9,54.3,54.3,53,0,2.33,3.06,2.61,99.52,69,2
"Bread, focaccia, plain, commercial",993,970,1.8,43.8,43.8,41.1,0,0.26,0.63,0.66,17.3,53,1
"Bread, focaccia, plain, commercial, toasted",1182,1154,2.1,52.1,52.1,48.9,0,0.31,0.75,0.79,20.59,90,2
"Bread, from rye flour, dark, commercial",957,902,2,40.8,40.8,38.3,0,0.37,0.42,1.06,14.76,22,1
"Bread, from rye flour, dark, commercial, toasted",1126,1061,2.4,48,48,45.1,0,0.43,0.5,1.24,17.36,77,2
"Bread, from rye flour, light, commercial",1057,1016,2.4,45.6,45.6,43.4,0,0.52,0.68,0.95,17.28,7,2
"Bread, from rye flour, light, commercial, toasted",1243,1195,2.8,53.7,53.7,51.1,0,0.61,0.81,1.12,20.33,44,2
"Bread, from rye flour, added grains, commercial",1007,920,3.8,34.4,34.4,32.8,0,0.82,1.08,1.51,27.36,24,1
"Bread, from rye flour, added grains, commercial, toasted",1185,1083,4.5,40.5,40.5,38.6,0,0.97,1.28,1.78,32.19,6,2
"Bread, from rye flour, organic, commercial",1057,1016,2.4,45.6,45.6,43.4,0,0.52,0.68,0.95,17.28,33,2
"Bread, from rye flour, organic, commercial, toasted",1243,1195,2.8,53.7,53.7,51.1,0,0.61,0.81,1.12,20.33,9,2
"Bread, from rye flour, sour dough, commercial",980,939,1.6,42.7,42.7,40.7,0,0.31,0.27,0.85,4.32,50,1
"Bread, from rye flour, sour dough, commercial, toasted",1153,1104,1.9,50.2,50.2,47.9,0,0.36,0.31,1,5.08,63,2
"Bread, from rye flour, homemade from basic ingredients",1007,964,3.1,42.2,42.2,41.1,0,0.45,1.55,0.69,0,95,1
"Bread, from rye flour, homemade from basic ingredients, toasted",1184,1134,3.7,49.7,49.7,48.4,0,0.53,1.82,0.82,0,39,2
"Bread, from spelt flour, commercial",1127,1093,1.9,48,48,45.8,0,0.28,0.57,0.74,15.1,92,2
"Bread, from spelt flour, commercial, toasted",1342,1302,2.3,57.1,57.1,54.6,0,0.33,0.68,0.89,17.97,23,2
"Bread, from white flour, commercial",993,970,1.8,43.8,43.8,41.1,0,0.26,0.63,0.66,17.3,22,1
"Bread, from white flour, commercial, toasted",1182,1154,2.1,52.1,52.1,48.9,0,0.31,0.75,0.79,20.59,9,2
"Bread, from white flour, commercial, added calcium",993,970,1.8,43.8,43.8,41.1,0,0.26,0.63,0.66,17.3,78,1
"Bread, from white flour, commercial, added calcium, toasted",1154,1128,2.1,50.9,50.9,47.8,0,0.31,0.74,0.77,20.11,75,2
"Bread, from white flour, commercial, added fibre",1010,961,1.7,43.6,43.6,41.1,0,0.26,0.58,0.65,22.7,46,1
"Bread, from white flour, commercial, added fibre, toasted",1202,1144,2,51.9,51.9,48.9,0,0.31,0.7,0.78,27.02,93,2
"Bread, from white flour, commercial, added fibre & vitamins B1, B3, B6 & E, Fe & Zn",963,910,1.8,41.3,41.3,38.9,0,0.27,0.64,0.67,17.62,26,1
"Bread, from white flour, commercial, added fibre & vitamins B1, B3, B6 & E, Fe & Zn, toasted",1133,1070,2.1,48.6,48.6,45.8,0,0.31,0.76,0.79,20.73,99,2
"Bread, from white flour, commercial, added iron",993,970,1.8,43.8,43.8,41.1,0,0.26,0.63,0.66,17.3,12,1
"Bread, from white flour, commercial, added iron, toasted",1154,1128,2.1,50.9,50.9,47.8,0,0.31,0.74,0.77,20.11,7,2
"Bread, from white flour, commercial, added omega-3 polyunsaturates",1044,1019,2.1,46.6,46.6,44.2,0,0.5,0.63,0.73,17.31,100,2
"Bread, from white flour, commercial, added omega-3 polyunsaturates, toasted",1214,1185,2.5,54.2,54.2,51.4,0,0.58,0.74,0.85,20.13,19,2
"Bread, from white Jackaroo flour, commercial, added vitamins B1 & folate & Fe",1052,1000,2.3,45.7,45.7,41.9,0,0.35,0.82,0.85,22.52,32,2
"Bread, from white Jackaroo flour, commercial, added vitamins B1 & folate & Fe, toasted",1238,1177,2.7,53.8,53.8,49.3,0,0.41,0.97,1,26.49,78,2
"Bread, from white flour, commercial, low GI",1040,1008,3,44.8,44.8,40.8,0,0.45,1.08,1.12,29.37,39,2
"Bread, from white flour, commercial, low GI, toasted",1224,1186,3.5,52.7,52.7,48,0,0.53,1.26,1.32,34.55,26,2
"Bread, from white flour, chia seeds, commercial",1059,1016,4.1,40.9,40.9,38.4,0,0.51,0.77,2.51,27.15,21,2
"Bread, from white flour, chia seeds, commercial, toasted",1246,1195,4.8,48.1,48.1,45.2,0,0.6,0.9,2.95,31.94,33,2
"Bread, from white flour, ciabatta, commercial",1045,1021,1.9,46.1,46.1,43.2,0,0.28,0.67,0.7,18.21,33,2
"Bread, from white flour, ciabatta, commercial, toasted",1244,1215,2.2,54.8,54.8,51.5,0,0.33,0.79,0.83,21.67,35,2
"Bread, from white flour, extra grainy & seeds, commercial",1110,1068,4.6,42.5,42.5,40.1,0,0.51,1.11,2.56,46.44,25,2
"Bread, from white flour, extra grainy & seeds, commercial, toasted",1306,1256,5.4,50,50,47.1,0,0.6,1.31,3.01,54.63,54,2
"Bread, from white flour, French stick or baguette, commercial",1103,1077,2,48.6,48.6,45.6,0,0.29,0.7,0.74,19.22,23,2
"Bread, from white flour, French stick or baguette, commercial, toasted",1226,1197,2.2,54,54,50.7,0,0.32,0.78,0.82,21.35,24,2
"Bread, from white flour, pane di casa, commercial",1045,1021,1.9,46.1,46.1,43.2,0,0.28,0.67,0.7,18.21,76,2
"Bread, from white flour, pane di casa, commercial, toasted",1244,1215,2.2,54.8,54.8,51.5,0,0.33,0.79,0.83,21.67,52,2
"Bread, from white flour, organic, commercial",1031,987,2.9,40.3,40.3,39,0,0.57,0.09,1.89,20.65,37,2
"Bread, from white flour, organic, commercial, toasted",1223,1170,3.4,47.7,47.7,46.2,0,0.68,0.1,2.25,24.57,78,2
"Bread, from white flour, sour dough, commercial",1018,995,1.8,44.9,44.9,42.1,0,0.27,0.65,0.68,17.74,93,1
"Bread, from white flour, sour dough, commercial, toasted",1212,1184,2.2,53.4,53.4,50.1,0,0.32,0.77,0.81,21.12,39,2
"Bread, from white flour, sour dough, homemade from basic ingredients",1040,1019,0.8,50.5,50.5,50.5,0,0.11,0.09,0.37,0,77,2
"Bread, from white flour, sour dough, homemade from basic ingredients, toasted",1238,1213,1,60.1,60.1,60.1,0,0.14,0.1,0.44,0,13,2
"Bread, from white flour, homemade from basic ingredients, added salt",1065,1044,2.8,48.1,48.1,47.4,0,0.41,1.49,0.52,0,38,2
"Bread, from white flour, homemade from basic ingredients, added salt, toasted",1238,1214,3.2,55.9,55.9,55.2,0,0.48,1.73,0.6,0,16,2
"Bread, from white flour, commercial, fresh, not further defined",1002,977,1.9,44,44,41.3,0,0.28,0.68,0.7,19.49,14,1
"Bread, from white flour, commercial, toasted, not further defined",1179,1149,2.2,51.8,51.8,48.6,0,0.33,0.8,0.82,22.93,8,2
"Bread, from white flour, for homemade sandwiches",1002,977,1.9,44.1,44.1,41.4,0,0.28,0.68,0.7,19.35,23,1
"Bread, from white flour, for homemade sandwiches",999,973,1.8,43.9,43.9,41.1,0,0.28,0.66,0.69,18.35,70,1
"Bread, from white flour, for homemade sandwiches, toasted",1179,1149,2.2,51.8,51.8,48.7,0,0.33,0.81,0.82,22.77,56,2
"Bread, from white flour, for homemade sandwiches, toasted",1176,1145,2.2,51.7,51.7,48.4,0,0.32,0.78,0.82,21.59,38,2
"Bread roll, from white flour, commercial",1058,1034,3,45,45,40.9,0,0.51,0.85,1.35,29.86,67,2
"Bread roll, from white flour, commercial, toasted",1230,1202,3.5,52.4,52.4,47.6,0,0.59,0.99,1.57,34.72,56,2
"Bread roll, from white flour, fast food style",1085,1062,2.9,47.8,47.8,38.9,0,0.48,0.81,1.28,28.37,55,2
"Bread, from wholemeal flour, commercial",963,914,2.3,37.7,37.7,35,0,0.37,0.74,0.93,16.56,84,1
"Bread, from wholemeal flour, commercial, toasted",1133,1076,2.7,44.4,44.4,41.2,0,0.43,0.88,1.1,19.48,67,2
"Bread, from wholemeal flour, commercial, added fibre",993,939,2.2,38.8,38.8,36.6,0,0.39,0.66,0.93,16.2,14,1
"Bread, from wholemeal flour, commercial, added fibre, toasted",1183,1118,2.7,46.1,46.1,43.6,0,0.47,0.79,1.11,19.29,76,2
"Bread, from wholemeal flour, commercial, added fibre & vitamins B1, B3, B6 & E, Fe & Zn",1045,981,2.5,41.7,41.7,39.1,0,0.4,0.81,1.01,18,14,2
"Bread, from wholemeal flour, commercial, added fibre & vitamins B1, B3, B6 & E, Fe & Zn, toasted",1244,1167,3,49.6,49.6,46.5,0,0.48,0.96,1.21,21.43,70,2
"Bread, from wholemeal flour, commercial, added iron",963,914,2.3,37.7,37.7,35,0,0.37,0.74,0.93,15.52,21,1
"Bread, from wholemeal flour, commercial, added iron, toasted",1133,1076,2.7,44.4,44.4,41.2,0,0.43,0.88,1.1,18.26,94,2
"Bread, from wholemeal flour, commercial, added omega-3 polyunsaturates",1008,959,3.5,37.7,37.7,35,0,0.56,1.13,1.44,23.62,92,1
"Bread, from wholemeal flour, commercial, added omega-3 polyunsaturates, toasted",1186,1128,4.1,44.4,44.4,41.2,0,0.66,1.33,1.69,27.79,52,2
"Bread, from wholemeal flour, added seeds, commercial",1108,1054,7,34.3,34.3,31.7,0,0.76,1.6,4.2,102.66,85,2
"Bread, from wholemeal flour, added seeds, commercial, toasted",1319,1255,8.4,40.8,40.8,37.7,0,0.9,1.9,5,122.22,93,2
"Bread, from wholemeal flour, mixed grain & seeds, commercial",1155,1097,8.7,33.7,33.7,31.9,0,0.98,1.85,5.17,61.58,93,2
"Bread, from wholemeal flour, mixed grain & seeds, commercial, toasted",1359,1291,10.2,39.6,39.6,37.5,0,1.15,2.18,6.08,72.44,50,2
"Bread, from wholemeal flour, mixed grain, with quinoa & flaxseeds, commercial",1106,1047,6.9,35.1,35.1,33.2,0,0.8,1.57,3.89,29.3,90,2
"Bread, from wholemeal flour, mixed grain, with quinoa & flaxseeds, commercial, toasted",1301,1231,8.1,41.3,41.3,39.1,0,0.95,1.85,4.58,34.46,82,2
"Bread, from wholemeal flour, extra grainy, four seeds, commercial",1414,1345,17.1,27.9,27.9,26.3,0,1.84,4.1,10.19,183.19,10,2
"Bread, from wholemeal flour, extra grainy, four seeds, commercial, toasted",1664,1583,20.2,32.8,32.8,30.9,0,2.17,4.82,11.98,215.52,12,2
"Bread, from wholemeal flour, extra grainy & seeds, commercial",1060,1003,4.6,37.6,37.6,35,0,0.56,1.14,2.48,36.6,74,2
"Bread, from wholemeal flour, extra grainy & seeds, commercial, toasted",1247,1180,5.4,44.2,44.2,41.2,0,0.66,1.34,2.92,43.06,57,2
"Bread, from wholemeal flour, extra grainy & seeds, added oats, commercial",929,877,4,32.9,32.9,30.8,0,0.51,1.04,2.13,29.28,64,1
"Bread, from wholemeal flour, extra grainy & seeds, added oats, commercial, toasted",1093,1032,4.7,38.8,38.8,36.3,0,0.6,1.23,2.51,34.44,6,2
"Bread, from wholemeal flour, organic, commercial",1036,991,2.9,40.3,40.3,39,0,0.58,0.09,1.91,20.88,62,2
"Bread, from wholemeal flour, organic, commercial, toasted",1219,1166,3.4,47.4,47.4,45.9,0,0.68,0.1,2.25,24.56,18,2
"Bread, from wholemeal flour, commercial, fresh, not further defined",964,915,2.3,37.7,37.7,35,0,0.37,0.74,0.94,16.61,23,1
"Bread, from wholemeal flour, commercial, toasted, not further defined",1135,1077,2.7,44.4,44.4,41.2,0,0.44,0.88,1.11,19.54,100,2
"Bread, from wholemeal flour, homemade from basic ingredients, added salt",1043,984,3.4,43,43,41.7,0,0.5,1.57,0.8,0,98,2
"Bread, from wholemeal flour, homemade from basic ingredients, added salt, toasted",1228,1157,3.9,50.5,50.5,49.1,0,0.59,1.85,0.94,0,53,2
"Bread, from wholemeal flour, for homemade sandwiches",965,916,2.3,37.8,37.8,35.1,0,0.37,0.75,0.94,16.43,83,1
"Bread, from wholemeal flour, for homemade sandwiches, toasted",1136,1078,2.7,44.5,44.5,41.3,0,0.44,0.89,1.11,19.33,35,2
"Bread, from wholemeal flour, sour dough, commercial",998,947,2.4,39.1,39.1,36.3,0,0.38,0.77,0.97,17.16,11,1
"Bread, from wholemeal flour, sour dough, commercial, toasted",1024,972,2.4,40.1,40.1,37.2,0,0.39,0.79,0.99,17.6,53,1
"Bread roll, from wholemeal flour, commercial",1095,1048,3,45.2,45.2,42.2,0,0.53,0.79,1.38,21.6,98,2
"Bread roll, from wholemeal flour, commercial, toasted",1288,1233,3.5,53.1,53.1,49.6,0,0.62,0.93,1.62,25.41,94,2
"Bread, from white & wholemeal flour, commercial",1063,1030,1.8,47,47,44.5,0,0.27,0.57,0.71,14.7,19,2
"Bread, from white & wholemeal flour, commercial, toasted",1251,1212,2.1,55.2,55.2,52.4,0,0.32,0.68,0.83,17.3,26,2
"Bread, from white or wholemeal flour, organic, commercial",1034,989,2.9,40.3,40.3,39,0,0.58,0.09,1.9,20.76,57,2
"Bread, from white or wholemeal flour, organic, commercial, toasted",1216,1164,3.4,47.4,47.4,45.9,0,0.68,0.1,2.23,24.43,62,2
"Bread, from white or wholemeal flour, organic, added grains, commercial",1082,1029,3.6,41.2,41.2,39.9,0,0.64,0.23,2.3,21.66,23,2
"Bread, from white or wholemeal flour, organic, added grains, commercial, toasted",1273,1210,4.2,48.4,48.4,46.9,0,0.75,0.27,2.71,25.49,97,2
"Bread, garlic or herb, commercial, cooked",1327,1302,13.5,39,39,35.4,0,4.91,4.22,3.13,341.65,14,2
"Bread, garlic or herb, homemade, cooked",1250,1209,11.2,37.3,37.3,35,0,5.79,2.59,1.5,497.16,15,2
"Bread, gluten free, commercial",888,857,3.9,36.6,36.6,34,0,0.51,1.65,1.27,38.18,99,1
"Bread, gluten free, commercial, toasted",1057,1020,4.6,43.6,43.6,40.5,0,0.61,1.96,1.51,45.45,59,2
"Bread, gluten free, with added grains, commercial",1000,960,7.3,33.8,33.8,31.3,0,0.78,2.21,3.71,79.01,81,1
"Bread, gluten free, with added grains, commercial, toasted",1177,1129,8.6,39.8,39.8,36.8,0,0.92,2.6,4.36,92.95,72,2
"Bread, gluten free, homemade from basic ingredients",1372,1342,13.9,38.9,38.9,36.4,0,4.63,3.01,5.04,448.05,17,2
"Bread, gluten free, homemade from basic ingredients, toasted",1633,1597,16.6,46.3,46.3,43.3,0,5.51,3.58,6,533.39,11,2
"Bread, flat, injera",984,964,0.8,47.9,47.9,47.9,0,0.1,0.07,0.35,0,76,1
"Bread, johnny (jonny) cake, from white flour, homemade from basic ingredients",1116,1093,0.9,54.2,54.2,54.2,0,0.12,0.08,0.41,0,10,2
"Bread, Naan, commercial",1141,1123,8.8,40.3,40.3,38.9,0,1.06,3.33,3.73,148.92,38,2
"Bread, Naan, homemade",1147,1129,8.9,40.5,40.5,39.1,0,1.06,3.35,3.75,149.72,12,2
"Bread, mixed grain, commercial",1043,993,5,36.4,36.4,34.6,0,0.66,1.25,2.55,31.5,45,2
"Bread, mixed grain, commercial, toasted",1227,1168,5.9,42.9,42.9,40.7,0,0.77,1.47,3,37.06,10,2
"Bread, mixed grain, added seeds, commercial",1098,1045,6.8,35.1,35.1,33.3,0,0.87,1.74,3.55,63.72,60,2
"Bread, mixed grain, added seeds, commercial, toasted",1291,1229,8,41.3,41.3,39.2,0,1.02,2.05,4.18,74.96,47,2
"Bread, mixed grain, extra grainy & seeds, added pumpkin seeds, commercial",1232,1184,8.8,38.5,38.5,36.2,0,1.2,2.29,4.74,115.65,10,2
"Bread, mixed grain, extra grainy & seeds, added pumpkin seeds, commercial, toasted",1450,1393,10.3,45.3,45.3,42.5,0,1.41,2.69,5.57,136.06,83,2
"Bread, mixed grain, French stick or baguette, commercial",1159,1103,5.6,40.5,40.5,38.4,0,0.73,1.39,2.84,35,88,2
"Bread, mixed grain, French stick or baguette, commercial, toasted",1288,1225,6.2,45,45,42.7,0,0.81,1.54,3.15,38.89,19,2
"Bread, mixed grain, commercial, fresh, not further defined",1060,1009,5.3,36.8,36.8,34.8,0,0.68,1.31,2.79,38.6,82,2
"Bread, mixed grain, commercial, toasted, not further defined",1247,1188,6.2,43.2,43.2,40.9,0,0.79,1.54,3.28,45.41,93,2
"Bread, mixed grain, homemade from basic ingredients, added salt",1064,1018,4.3,42.2,42.2,40.8,0,0.57,1.76,1.48,0,100,2
"Bread, mixed grain, homemade from basic ingredients, added salt, toasted",1252,1198,5,49.7,49.7,48,0,0.67,2.08,1.74,0,89,2
"Bread, mixed grain, for homemade sandwiches",1060,1009,5.3,36.8,36.8,34.8,0,0.68,1.31,2.78,38.39,86,2
"Bread, mixed grain, for homemade sandwiches, toasted",1247,1188,6.2,43.3,43.3,41,0,0.79,1.55,3.27,45.17,50,2
"Bread, mixed grain, for sandwiches purchased from a cafe, takeaway shop or canteen",1060,1009,5.3,36.8,36.8,34.8,0,0.68,1.31,2.79,38.6,25,2
"Bread, mixed grain, for sandwiches purchased from a cafe, takeaway shop or canteen, toasted",1247,1188,6.2,43.2,43.2,40.9,0,0.79,1.54,3.28,45.41,13,2
"Bread roll, mixed grain, commercial",1027,983,3,40.3,40.3,38,0,0.45,0.96,1.29,18.9,50,1
"Bread roll, mixed grain, commercial, toasted",1209,1156,3.5,47.4,47.4,44.7,0,0.53,1.13,1.51,22.24,67,2
"Bread, paratha",1284,1252,14.5,36.3,36.3,36.1,0,8.96,3.19,0.64,801.67,21,2
"Bread, pizza base, commercial",1017,993,2.2,46.7,46.7,41.6,0,0.3,0.43,1.16,21.54,62,1
"Bread, pizza base, homemade from basic ingredients",1000,981,3.7,43.1,43.1,42.5,0,0.55,2.17,0.56,0,36,1
"Bread, pizza base, thick base, fast food-style",1076,1058,6.4,41.9,41.9,41.3,0,0.96,4.12,0.8,0,44,2
"Bread, pizza base, thin base, fast food-style",1069,1051,5.2,44.1,44.1,43.6,0,0.78,3.25,0.71,0,72,2
"Bread, pumpernickel, commercial",901,829,1.6,39.1,39.1,34.8,0,0.31,0.25,0.88,11.52,6,1
"Bread, pumpernickel, commercial, toasted",1060,975,1.9,46,46,40.9,0,0.36,0.29,1.04,13.55,45,2
"Bread, pumpkin",874,851,2.2,39.1,38.7,36.5,0,0.32,1.15,0.4,0,84,1
"Bread, pumpkin, toasted",1028,1002,2.6,46,45.5,42.9,0,0.37,1.35,0.47,0,52,2
"Bread, Roti, commercial",1297,1230,7.4,47.9,47.9,47.2,0,0.83,2.55,3.28,107.98,80,2
"Bread, soy & linseed, commercial",1150,1083,8.7,33,33,31.1,0,0.95,1.88,5.2,28.35,40,2
"Bread, soy & linseed, commercial, toasted",1353,1274,10.3,38.8,38.8,36.6,0,1.12,2.21,6.12,33.35,7,2
"Bread or bread roll, Turkish, plain, commercial",1035,1007,2.8,45.5,45.5,43.3,0,0.36,1.17,0.9,49.84,80,2
"Bread or bread roll, Turkish, plain, commercial, toasted",1233,1198,3.3,54.2,54.2,51.5,0,0.43,1.39,1.07,59.33,13,2
"Bread, commercial, fresh, not further defined",1015,977,2.9,41.1,41.1,38.6,0,0.41,0.86,1.34,23,66,1
"Bread, fresh, not further defined",999,974,2.7,43,43,40.7,0,0.76,0.83,0.78,48.75,24,1
"Bread, commercial, toasted, not further defined",1194,1150,3.4,48.3,48.3,45.4,0,0.49,1.02,1.58,27.05,27,2
"Bread, toasted, not further defined",1175,1146,3.2,50.6,50.6,47.9,0,0.9,0.98,0.91,57.36,34,2
"Bread, homemade from basic ingredients, not further defined",1056,1022,3.1,46,46,45.1,0,0.44,1.53,0.67,0,27,2
"Bread, homemade from basic ingredients, not further defined, toasted",1242,1203,3.6,54.1,54.1,53.1,0,0.52,1.8,0.79,0,13,2
"Bread roll, commercial, fresh, not further defined",1060,1031,3,44.7,44.7,40.9,0,0.5,0.86,1.34,28.26,71,2
"Bread roll, for use in hamburger or hot dog recipes",1059,1033,3,44.9,44.9,40.9,0,0.51,0.85,1.35,29.24,11,2
"Bread roll, for use in subway sandwich recipes",1108,1078,4.8,42.5,42.5,37.5,0,1.81,1.27,1.32,83.98,47,2
"Bread or bread roll, topped/mixed with cheese",1179,1160,9,36.1,36.1,32.8,0,4.74,2.22,1.34,215.86,92,2
"Bread or bread roll, topped/mixed with cheese & bacon",1186,1171,12.7,27.2,27.2,24.6,0,6.32,4.15,1.43,238.9,6,2
"Bread or bread roll, topped/mixed with cheese & frankfurt",1172,1154,13.4,26.2,26.2,23.8,0,5.27,4.63,2.59,204.44,45,2
"Bread or bread roll, topped/mixed with cheese, meat & vegetables",954,935,8.2,28.5,28.4,24.8,0,2.56,2.74,2.38,128.34,81,1
"Bread or bread roll, topped/mixed with cheese & vegemite",1152,1131,8.3,35.6,35.6,32.3,0,4.3,2.08,1.28,196.07,76,2
"Bread or bread roll, topped/mixed with cheese & vegetables",1039,1021,8.6,30,30,27,0,4.56,2.2,1.16,205.64,58,2
"Bread or bread roll, topped/mixed with olives",1028,1004,5.7,38.5,38.5,35.1,0,0.82,2.97,1.46,25.38,40,2
"Bread or bread roll, topped/mixed with spinach & fetta",1059,1035,5.6,39.7,39.7,36,0,1.35,1.33,2.46,110.34,76,2
"Bread, from wheat flour, commercial, added dried fruit",1151,1129,3.9,50.5,50.5,35.5,0,1.28,1.13,0.97,38.18,46,2
"Bread, from wheat flour, commercial, added dried fruit, toasted",1279,1254,4.3,56.1,56.1,39.4,0,1.43,1.25,1.08,42.42,46,2
"Bread, from wheat flour, homemade from basic ingredients, added dried fruit",1136,1110,3.6,51.5,51.5,36.7,0,1.26,1.04,0.8,62.88,16,2
"Bread, from wheat flour, homemade from basic ingredients, added dried fruit, toasted",1263,1233,4,57.2,57.2,40.8,0,1.4,1.16,0.89,69.87,43,2
"Bun, sweet, chocolate or with chocolate chips, uniced",1388,1360,11.5,50.5,50.5,29.6,0,8.7,0.74,1.37,82.84,25,2
"Bun, sweet, steamed bun, filled with bean paste",958,931,5.6,37.4,37.4,24.4,0,0.79,2.89,1.52,37.18,61,1
"Bun, sweet, sticky cinnamon, with icing",1547,1525,16.4,51.3,51.3,21.1,0,5.26,5.31,4.81,204.45,55,2
"Bun, sweet, with custard, iced",1272,1254,10.7,46.7,46.7,21.5,0,3.84,3.52,2.59,121.89,33,2
"Bun, sweet, with fruit (other than sultanas), uniced",1057,1031,5.1,44.5,44.5,27.6,0,1.42,2.16,1.16,52.32,19,2
"Bun, sweet, with fruit (other than sultanas), iced",1119,1095,6.1,46.9,46.9,25.1,0,2.62,2,1.06,49.61,8,2
"Bun, sweet, with fruit (other than sultanas) & nuts, iced",1387,1359,15.6,40.3,40.3,21.4,0,2.89,3.51,8.34,45.74,20,2
"Bun, sweet, with mock cream & jam, uniced",1195,1171,8,46.5,46.5,27.7,0,3.46,2.71,1.25,172.02,62,2
"Bun, sweet, with sultanas, uniced",1191,1163,6,49.4,49.4,32.5,0,1.67,2.54,1.38,61.74,36,2
"Bun, sweet, with sultanas, iced",1325,1299,9.8,48.3,48.3,30.7,0,4.27,3.27,1.54,136.33,12,2
"Bun, sweet, with taro",1197,1176,6.3,51.7,51.7,32.2,0,0.76,2.35,2.55,116.39,31,2
"Bun, sweet, not further defined",1212,1184,6.8,49.3,49.2,31.6,0,2.34,2.49,1.47,70.98,10,2
"French toast, white bread, plain",808,795,7.6,21.6,21.6,18.8,0,2.68,2.67,1.33,138.47,9,1
"French toast, wholemeal bread, plain",791,768,7.8,18.7,18.7,16,0,2.72,2.7,1.44,137.14,21,1
Panettone,1136,1110,3.6,51.5,51.5,36.7,0,1.26,1.04,0.8,62.88,37,2
"Crumpet, from white flour, commercial",740,722,0.7,36.5,36.5,34.9,0,0.14,0.09,0.4,6.87,77,1
"Crumpet, from white flour, commercial, toasted",844,823,0.8,41.6,41.6,39.8,0,0.16,0.1,0.45,7.83,17,1
"Crumpet, from wholemeal flour, commercial, toasted",830,799,1.1,39.1,39.1,37.6,0,0.2,0.16,0.64,7.92,27,1
"Muffin, English style, mixed grain, commercial, toasted",1098,1064,3.5,43.8,43.8,42,0,0.48,1.12,1.5,43.6,66,2
"Muffin, English style, from white flour, commercial, fresh/untoasted",930,906,2.1,38.7,38.7,37,0,0.35,0.85,0.64,20.56,54,1
"Muffin, English style, from white flour, commercial, toasted",1011,984,2.3,42.1,42.1,40.2,0,0.38,0.93,0.7,22.35,89,1
"Muffin, English style, from white flour, commercial, added dried fruit, toasted",1052,1022,1.8,46.8,46.8,36.5,0,0.38,0.46,0.84,18.41,94,2
"Muffin, English style, from wholemeal flour, commercial, toasted",1047,994,2.5,41,41,38,0,0.4,0.81,1.01,18,63,2
"Stuffing, bread-based, commercial",804,785,8.4,21.6,21.6,20.2,0,2.7,3.94,1.16,46.37,65,1
"Breakfast cereal, beverage, chocolate flavour, added vitamins A, B1, B2, B3, B6, B12, C & folate & Ca",326,319,1.6,12.5,12.5,0.1,0,0.24,0.37,0.89,5.71,52,1
"Breakfast cereal, beverage, non-chocolate flavours, added vitamins A, B1, B2, B3, B6, B12, C & folate & Ca",321,314,1.5,12.4,12.4,0,0,0.2,0.35,0.89,5.74,53,1
"Breakfast cereal, beverage, non-chocolate flavours, added vitamins A, B1, B2, B3, B6, B12, C & folate & Ca & Fe",327,315,1.5,9.8,9.8,0,0,0.2,0.35,0.89,5.74,47,1
"Breakfast cereal, beverage, non-chocolate flavours, natural sweetener, added vitamins A, B1, B2, B3, B6, B12, C & folate & Ca",287,281,1.5,10.3,10.3,0,0,0.2,0.35,0.89,5.74,9,1
"Breakfast cereal, beverage, chocolate flavour, added vitamins A, B1, B2, B3, B6, B12, C & folate & Ca & Fe",327,315,1.5,9.8,9.8,0,0,0.2,0.35,0.89,5.74,80,1
"Breakfast cereal, beverage, not further defined",322,314,1.5,11.9,11.9,0,0,0.21,0.35,0.89,5.73,14,1
"Breakfast cereal, barley, flakes, honey, added sultanas, unfortified",1351,1166,5.6,44.4,44.3,19.6,0,1.03,0.55,2.48,0,19,2
"Breakfast cereal, crispy corn pillows, honey, added vitamins B1, B2, B3 & folate",1603,1595,0.3,88,88,64,0,0.05,0.06,0.16,1.35,43,2
"Breakfast cereal, flakes of corn, no added sugar or salt, unfortified",1522,1417,0.6,79,79,78,0,0.1,0.12,0.32,2.7,58,2
"Breakfast cereal, flakes of corn, unfortified",1546,1509,2.9,75.6,75.6,67.9,0,0.39,0.75,1.46,10.44,61,2
"Breakfast cereal, flakes of corn, added vitamins B1, B2, B3 & folate",1589,1574,1.4,83.5,83.5,73.5,0,0.23,0.29,0.74,6.3,52,2
"Breakfast cereal, flakes of corn, added vitamins B1, B2, B3, C & folate, Fe & Zn",1552,1528,0.6,80.2,80.2,76,0,0.1,0.12,0.32,2.7,40,2
"Breakfast cereal, flakes of corn, added vitamins B1, B2, B3, B6, E & folate & Fe",1593,1568,0.9,84.1,84.1,75.1,0,0.15,0.18,0.48,4.05,60,2
"Breakfast cereal, flakes of corn, added vitamins B1, B2, B3 & folate & Fe",1535,1510,0.4,81.1,81.1,72,0,0.06,0.08,0.21,1.8,11,2
"Breakfast cereal, flakes of corn, with psyllium, added vitamins B1, B2, B3 & folate & Fe",1587,1503,3.6,75.2,75.2,60.3,0,0.58,0.73,1.91,16.2,21,2
"Breakfast cereal, flakes of corn, not further defined",1551,1524,0.7,80.4,80.4,74.3,0,0.11,0.14,0.36,3.04,16,2
"Breakfast cereal, flakes of corn, added nuts, added vitamins B1, B2, B3, C & folate, Fe & Zn",1625,1605,3.3,82.6,82.6,50.9,0,0.87,1.7,0.4,19.9,35,2
"Breakfast cereal, flakes of corn, added nuts, added vitamins B1, B2, B3, B6, folate & E",1641,1612,3.2,83.1,83.1,55.3,0,0.84,1.64,0.39,19.3,76,2
"Breakfast cereal, flakes of corn, added nuts, added vitamins B1, B2, B3 & folate & Fe",1697,1668,6.3,79,79,50,0,1.66,3.24,0.76,37.99,9,2
"Breakfast cereal, frosted flakes of corn, added vitamins B1, B2, B3, C, E & folate, Fe & Zn",1571,1559,0.1,89.3,89.3,48,0,0.02,0.02,0.05,0.45,97,2
"Breakfast cereal, puffed or popped corn, no added sugar or salt, unfortified",1522,1417,0.6,79,79,78,0,0.1,0.12,0.32,2.7,71,2
"Breakfast cereal, corn based, not further defined",1562,1535,1.1,80.8,80.8,70.8,0,0.22,0.37,0.36,5.51,64,2
"Breakfast cereal, mixed grain (barley & oat), flakes, honey, added fruit, nuts & seeds, unfortified",1512,1359,11.7,41,41,25.7,0,1.62,3.7,4.87,69.66,28,2
"Breakfast cereal, mixed grain (barley & soy), flakes, honey, unfortified",1402,1188,7.2,34.5,34.5,23,0,1.26,0.81,3.28,0,100,2
"Breakfast cereal, mixed grain (rice & wheat), flakes, added vitamins B1, B2, B3, B6 & folate, Ca, Fe & Zn",1669,1648,4.1,70.5,70.5,57.3,0,0.72,0.6,1.91,0,96,2
"Breakfast cereal, mixed grain (rice & wheat), flakes, almond & honey, vitamins B1, B2, B3, B6 & folate, Ca, Fe & Zn",1637,1618,3.3,71.6,71.6,47.6,0,0.58,0.48,1.54,0,50,2
"Breakfast cereal, mixed grain (rice & wheat), flakes, berries, added vitamins B1, B2, B3, B6 & folate, Ca, Fe & Zn",1549,1525,0.5,71.8,71.8,46.9,0,0.09,0.07,0.23,0,29,2
"Breakfast cereal, mixed grain (rice & wheat), flakes, fruit & nut, added vitamins B1, B2, B3, B6, E & folate, Ca, Fe & Zn",1593,1558,5.7,65,65,41.8,0,1.01,0.84,2.66,0,94,2
"Breakfast cereal, mixed grain (rice & wheat), flakes, nuts, added vitamins B1, B2 & B3, Ca & Fe",1613,1542,7.3,67.5,67.5,45.9,0,1.06,0.87,3.33,35.22,28,2
"Breakfast cereal, mixed grain (wheat & corn), flakes or extruded, no added salt, unfortified",1553,1533,2.5,62.8,62.8,34.8,0,0.38,0.54,1.09,2.02,22,2
"Breakfast cereal, mixed grain (wheat & corn), flakes, berries & sultanas, added vitamins A, B1, B2, B3, B6, E & folate, Ca, Fe & Zn",1481,1408,1.5,74.4,74.4,48.6,0,0.23,0.33,0.65,1.22,61,2
"Breakfast cereal, mixed grain (wheat & corn), flakes, sultana, apple & currant, added vitamins B1, B2, B3, B6, E & folate, Ca, Fe & Zn",1447,1357,1.7,70,70,46.2,0,0.26,0.37,0.74,1.38,63,2
"Breakfast cereal, mixed grain (wheat & corn), extruded, chocolate malt coating, added vitamins B1, B2, B3, B6, C, E & folate, Ca, Fe & Zn",1607,1544,4.8,72.6,72.6,45.4,0,0.85,1.23,2.45,4.56,47,2
"Breakfast cereal, mixed grain (wheat & oat), clusters, almond, added vitamins B1, B2, B3, B6, C, E & folate, Ca, Fe & Zn",1699,1628,10.1,64.1,64.1,43.4,0,2,2.72,3.66,6.71,100,2
"Breakfast cereal, mixed grain (wheat & oat), flakes, dried fruit, no added salt, unfortified",1467,1401,1.5,71.6,71.6,46.3,0,0.29,0.39,0.53,0.97,76,2
"Breakfast cereal, mixed grain (wheat & oat), flakes, apple, sultana & cranberry, added vitamins B1, B2, B3, B6, C, E & folate",1566,1478,7,63.9,63.9,33.8,0,1.38,1.88,2.54,4.65,65,2
"Breakfast cereal, mixed grain (wheat & oat), flakes, apricot & sultana, added vitamins B1, B2, B3 & folate & Fe",1462,1396,1.5,71.6,71.6,46.3,0,0.29,0.39,0.53,0.97,62,2
"Breakfast cereal, mixed grain (wheat & oat), flakes, berries, added vitamins B1, B2, B3 & folate & Fe",1472,1405,1.7,70.7,70.7,51.4,0,0.34,0.46,0.62,1.09,34,2
"Breakfast cereal, mixed grain (wheat, oat & corn), flakes or extruded, no added salt, unfortified",1548,1528,2.5,62.8,62.8,34.8,0,0.37,0.53,1.06,1.96,38,2
"Breakfast cereal, mixed grain (wheat, oat & corn), flakes, fruit, added vitamins B1, B2, B3, B6, E & folate, Ca, Fe & Zn",1519,1454,2.3,68.6,68.6,44.9,0,0.34,0.49,0.97,1.81,33,2
"Breakfast cereal, mixed grain (wheat, oat & corn), flakes, fruit & nuts, added vitamins B1, B2, B3, C & folate & Fe",1758,1678,15,55.2,55.2,35.7,0,2.2,3.17,6.34,11.78,50,2
"Breakfast cereal, mixed grain (wheat, oat & corn), flakes, fruit & nuts, added vitamins B1, B2, B3, B6, E & folate, Ca, Fe & Zn",1582,1519,6.2,69.2,69.2,46.5,0,0.83,1.18,2.85,4.87,95,2
"Breakfast cereal, mixed grain (wheat, oat & corn), flakes & clusters, pomegranate & berries, added vitamins A, B1, B2, B3, B6, E & folate, Ca, Fe & Zn",1500,1433,2,73.9,73.9,52.6,0,0.3,0.42,0.84,1.57,83,2
"Breakfast cereal, mixed grain (wheat, oat & corn), clusters, honey, nuts, added vitamins B1, B2, B3, E, C & folate, Fe & Zn",1693,1670,7.3,76.7,76.7,48.4,0,1.07,1.54,3.08,5.73,61,2
"Breakfast cereal, mixed grain (wheat, oat & corn), extruded, added vitamins B1, B2, B3, B6 & C, Ca & Fe",1548,1528,2.5,62.8,62.8,34.8,0,0.37,0.53,1.06,1.96,54,2
"Breakfast cereal, mixed grain (wheat, oat & corn), extruded, added vitamins B1, B2, B3, B6, C & folate, Fe & Zn",1577,1542,1.4,72.2,72.2,44.2,0,0.2,0.3,0.59,1.1,17,2
"Breakfast cereal, mixed grain (wheat, oat & corn), extruded, added vitamins B1, B2, B3, B6, C & folate, Ca, Fe & Zn",1552,1532,1.4,72.2,72.2,34.2,0,0.2,0.3,0.59,1.1,26,2
"Breakfast cereal, mixed grain (wheat, oat & corn), extruded, cocoa coating, added B1, B2, B3, B6, C & folate, Ca, Fe & Zn",1572,1507,3.8,74.5,74.5,44.9,0,0.56,0.8,1.6,2.98,67,2
"Breakfast cereal, mixed grain (wheat, oat & corn), extruded, fruit flavours, added vitamins B1, B2, B3, C & folate, Fe & Zn",1636,1617,2.5,85.5,85.5,47.5,0,0.37,0.53,1.06,1.96,72,2
"Breakfast cereal, mixed grain (wheat, rice & oat), flakes, dried fruit, no added salt, unfortified",1462,1396,1.5,71.6,71.6,46.3,0,0.29,0.39,0.53,0.97,57,2
"Breakfast cereal, mixed grain (wheat, rice & oat), flakes, cashew, almond, hazelnut & coconut, unfortified",1776,1705,13.4,60.8,60.8,47.3,0,2.65,3.6,4.86,8.9,80,2
"Breakfast cereal, mixed grain (wheat, rice & oat), flakes, dried fruit, added vitamins B1, B2, B3 & E & Fe",1544,1430,5,63.7,63.7,44.1,0,0.99,1.34,1.81,3.32,74,2
"Breakfast cereal, mixed grain (wheat, rice & oat), flakes, honey, unfortified",1488,1388,4.1,65,65,53.1,0,0.65,0.92,1.81,10.21,25,2
"Breakfast cereal, mixed grain (wheat, rice & oat), flakes, honey, added vitamins B1, B2, B3 & folate & Fe",1629,1571,4.7,73.1,73.1,61.2,0,0.93,1.26,1.71,3.12,52,2
"Breakfast cereal, mixed grain (wheat, rice & oat), flakes & clusters, apple & raisins, unfortified",1592,1522,5.8,68.5,68.5,48.1,0,1.15,1.56,2.1,3.85,90,2
"Breakfast cereal, mixed grain (wheat, rice & oat), flakes & clusters, apple, added vitamins B1, B2, B3, B6, E & folate, Fe & Zn",1486,1365,3,64.5,64.5,44.8,0,0.59,0.81,1.09,1.99,84,2
"Breakfast cereal, mixed grain (wheat, rice & oat), flakes & clusters, sultanas, added vitamins B1, B2, B3, B6, C & folate, Fe & Zn",1434,1365,1.4,71.9,71.9,43.5,0,0.15,0.56,0.41,1.12,64,2
"Breakfast cereal, mixed grain (wheat, corn & rice), extruded, cocoa coating, added vitamins B1, B2, B3, B6, C, E & folate, Ca, Fe, Mg & Zn",1595,1537,4.4,74.1,74.1,45.9,0,0.48,1.75,1.29,3.52,12,2
"Breakfast cereal, mixed grain (wheat, corn, rice & oat), flakes, added fruit &/or nuts, no added salt, unfortified",1508,1447,3.5,70.3,70.3,52.1,0,0.38,1.39,1.02,2.8,59,2
"Breakfast cereal, mixed grain (wheat, corn, rice & oat), flakes, added vitamins B1, B2, B3, B6, E & folate, Ca & Fe",1465,1341,0.6,64.9,64.9,48.8,0,0.06,0.24,0.18,0.48,83,2
"Breakfast cereal, mixed grain (wheat, corn, rice & oat), flakes, apricot & coconut, added vitamins B1, B2, B3, E & folate, Ca & Fe",1621,1562,7.4,69,69,46.1,0,0.8,2.94,2.17,5.92,30,2
"Breakfast cereal, mixed grain (wheat, corn, rice & oat), flakes, berries, added vitamins B1, B2, B3, E & folate, Ca & Fe",1506,1452,2.5,73.3,73.3,50.3,0,0.27,0.99,0.73,2,88,2
"Breakfast cereal, mixed grain (wheat, corn, rice & oat), flakes, fruit, added vitamins B1, B2, B3 & folate & Fe",1524,1473,3,73.4,73.4,50.2,0,0.32,1.19,0.88,2.4,87,2
"Breakfast cereal, mixed grain (wheat, corn, rice & oat), flakes, fruit, added vitamins B1, B2, B3, & folate, Ca & Fe",1513,1451,1.5,75,75,51.4,0,0.16,0.6,0.44,1.2,64,2
"Breakfast cereal, mixed grain (wheat, corn, rice & oat), flakes, fruit & nuts, added vitamins B1, B2, B3, C & folate & Fe",1508,1447,3.5,70.3,70.3,52.1,0,0.38,1.39,1.02,18.76,16,2
"Breakfast cereal, mixed grain (wheat, corn, rice & oat), flakes & clusters, honey & macadamias, added vitamins B1, B2, B3, E & folate, Ca & Fe",1590,1526,7.4,66.8,66.8,49.1,0,0.8,2.94,2.17,5.92,71,2
"Breakfast cereal, mixed grain (wheat, oat, rice & corn), clusters, added vitamins B1, B2, B3, C & folate, Fe & Zn",1550,1496,1.4,77,77,59.1,0,0.28,0.38,0.51,0.9,75,2
"Breakfast cereal, mixed grain (wheat, corn, rice & oat), clusters, apple & almonds, added vitamins B1, B2, B3 & folate & Fe",1632,1580,9.2,64.8,64.8,45.9,0,0.99,3.66,2.69,7.36,87,2
"Breakfast cereal, mixed grain (wheat, corn, rice & oat), clusters, sultana & berries, added vitamins B1, B2, B3, E & folate, Ca & Fe",1709,1657,7.9,72.9,72.9,53.9,0,0.85,3.14,2.31,6.32,53,2
"Breakfast cereal, mixed grain (wheat, corn, rice & oat), crispy pillows, cocoa coating, added vitamins B1, B2, B3 & folate",1535,1509,0.3,83.2,83.2,51.1,0,0.03,0.12,0.09,0.24,83,2
"Breakfast cereal, mixed grain (wheat, corn, rice & oat), extruded, honey, added vitamins B1, B2, B3, B6, C, E & folate, Ca, Fe & Zn",1573,1490,4.2,72.9,72.9,51.1,0,0.45,1.67,1.23,3.36,27,2
"Breakfast cereal, mixed grain (wheat, corn, rice & oat), extruded, added vitamins B1, B2, B3, B6, C, E & folate, Ca, Fe & Zn",1568,1487,3.6,74,74,56.2,0,0.39,1.43,1.06,2.88,78,2
"Breakfast cereal, mixed grain, commercial, not further defined",1555,1503,3.6,68.5,68.5,46.2,0,0.55,0.91,1.41,3.68,28,2
"Breakfast cereal, flakes of rice, added vitamins B1, B2, B3 & folate & Fe",1577,1520,1.3,80.4,80.4,71.2,0,0.24,0.41,0.45,1.1,80,2
"Breakfast cereal, puffed or popped rice, no added sugar or salt, unfortified",1497,1479,2.8,73,73,72.4,0,0.49,0.99,0.88,2.38,78,2
"Breakfast cereal, puffed or popped rice, added vitamins B1, B2 & B3 & Fe",1562,1555,1.3,83,83,73.5,0,0.24,0.41,0.45,1.1,36,2
"Breakfast cereal, puffed or popped rice, added vitamins B1, B3 & folate & Fe",1558,1476,1.6,77,77,70.4,0,0.29,0.5,0.56,1.36,51,2
"Breakfast cereal, puffed or popped rice, added vitamins B1, B2, B3 & folate & Fe",1635,1610,1.2,86.6,86.6,76.6,0,0.22,0.38,0.42,1.02,15,2
"Breakfast cereal, puffed or popped rice, added vitamins B1, B2, B3, C & folate, Fe & Zn",1537,1530,1.1,81.2,81.2,75,0,0.2,0.35,0.38,0.94,34,2
"Breakfast cereal, puffed or popped rice, not further defined",1555,1539,1.2,81.5,81.5,74.7,0,0.23,0.4,0.43,1.06,40,2
"Breakfast cereal, puffed or popped rice, cocoa coating, no added sugar or salt, unfortified",1623,1570,2.9,81.1,81.1,80,0,1.14,0.89,0.43,0,24,2
"Breakfast cereal, puffed or popped rice, cocoa coating, unfortified",1617,1593,1.6,86.3,86.3,56.5,0,0.63,0.49,0.24,0,60,2
"Breakfast cereal, puffed or popped rice, cocoa coating, added vitamins B1, B2, B3, C & folate, Ca, Fe & Zn",1592,1577,2.9,83.2,83.2,52.8,0,1.14,0.89,0.43,0,25,2
"Breakfast cereal, puffed or popped rice, cocoa coating, added vitamins B1, B2, B3 & folate & Fe",1616,1601,1.6,88.1,88.1,48.6,0,0.63,0.49,0.24,0,86,2
"Breakfast cereal, cocoa coating, commercial, not further defined",1594,1578,2.7,83.8,83.8,52.7,0,1.04,0.82,0.4,0.01,54,2
"Breakfast cereal, wheat bran, flakes, unfortified",1514,1418,1.3,65.5,65.5,59.9,0,0.15,0.41,0.5,4.26,65,2
"Breakfast cereal, wheat bran, flakes, added vitamins B1, B2 B3, B6, & folate, Fe & Zn",1417,1264,1.7,59.3,59.3,48.6,0,0.26,0.25,0.88,9.34,32,2
"Breakfast cereal, wheat bran, flakes, honey & almond, added vitamins B1, B2 B3, B6 & folate, Fe & Zn",1508,1383,5,61,61,34.9,0,0.78,0.72,2.59,27.47,77,2
"Breakfast cereal, wheat bran, flakes, sultanas, added vitamins B1, B2, B3 & folate & Fe",1336,1214,1.6,62.2,62.2,30,0,0.29,0.27,0.74,13.28,71,2
"Breakfast cereal, wheat bran, flakes, sultanas, added vitamins B1, B2, B3, B6 & folate, Fe & Zn",1391,1273,1.5,63.3,63.3,38.8,0,0.26,0.25,0.69,12.28,97,2
"Breakfast cereal, wheat bran, pellets, added vitamins B1, B2 & folate",1325,1086,4.9,40.8,40.8,25.8,0,0.78,0.68,2.56,26.92,28,2
"Breakfast cereal, wheat bran, pellets, added vitamins B1, B2, B3 & folate & Fe",1304,1018,4.4,37.4,37.4,20.4,0,0.7,0.61,2.3,24.17,36,2
"Breakfast cereal, wheat bran, pellets, added vitamins E & folate, Ca & Zn",1383,1158,3.2,47.3,47.3,34.3,0,0.51,0.44,1.67,17.58,6,2
"Breakfast cereal, wheat bran, pellets, added vitamins A, B1, B2, B3, E & folate, Ca & Fe",1284,968,4.7,34.9,34.9,21.2,0,0.75,0.65,2.45,25.82,73,2
"Breakfast cereal, wheat bran, pellets, not further defined",1296,1035,4.7,37.9,37.9,24.5,0,0.76,0.66,2.45,24.14,28,2
"Breakfast cereal, wheat bran, small biscuit, with sultana paste, added vitamins B1, B2, B3, B6, E & folate, Fe & Zn",1378,1253,1.5,63.4,63.4,38.3,0,0.27,0.25,0.7,12.42,35,2
"Breakfast cereal, oat & whole wheat, biscuit, added salt, unfortified",1513,1431,5.5,59.8,59.8,57.7,0,0.94,2.16,1.94,5.07,65,2
"Breakfast cereal, whole wheat, biscuit, no added sugar, unfortified",1453,1359,2.7,63.7,63.7,62.6,0,0.35,0.37,1.2,5.83,91,2
"Breakfast cereal, whole wheat, biscuit, no added sugar or salt, unfortified",1493,1387,1.2,69.9,69.9,67.9,0,0.16,0.16,0.54,0.86,25,2
"Breakfast cereal, whole wheat, biscuit, added sugar & salt, unfortified",1486,1398,1.4,67,67,63.7,0,0.19,0.18,0.63,1.01,27,2
"Breakfast cereal, whole wheat, biscuit, added vitamins B1, B2, B3 & folate, Fe & Zn",1442,1353,2.2,62.8,62.8,60.9,0,0.3,0.28,1,1.58,53,2
"Breakfast cereal, whole wheat, biscuit, added vitamins B1, B2 & B3",1507,1423,1.6,67,67,64.3,0,0.21,0.21,0.72,1.15,79,2
"Breakfast cereal, whole wheat, biscuit, added vitamins B1, B2 & B3, Ca, Fe & Zn",1478,1390,1.4,66.5,66.5,63.6,0,0.19,0.18,0.63,1.01,63,2
"Breakfast cereal, whole wheat, biscuit, bran, added vitamins B1, B2, B3 & folate & Fe",1482,1336,5,55.9,55.9,47.4,0,2.71,0.34,0.54,24.12,85,2
"Breakfast cereal, whole wheat, biscuit, multigrain, added vitamins B1, B2, B3 & E & Fe",1581,1507,3.6,71.3,71.3,61.4,0,0.48,0.46,1.63,2.59,80,2
"Breakfast cereal, whole wheat, biscuit, not further defined",1454,1363,2.4,63.2,63.2,60.7,0,0.44,0.29,0.97,3.29,32,2
"Breakfast cereal, whole wheat, small biscuit, added vitamins B1, B2, B3 & folate",1498,1400,1.6,68.1,68.1,59.3,0,0.22,0.21,0.72,7.72,16,2
"Breakfast cereal, whole wheat, small biscuit, with berries, added vitamins B1, B2, B3 & folate, Ca & Fe",1441,1368,1.1,70.1,70.1,47.9,0,0.15,0.14,0.5,0.79,6,2
"Breakfast cereal, whole wheat, small biscuit, with apricot, added vitamins B1, B2, B3 & folate, Ca & Fe",1437,1364,1.1,69.7,69.7,48.6,0,0.15,0.14,0.5,0.79,41,2
"Breakfast cereal, whole wheat, small biscuit, with blackcurrant paste, added vitamins B1, B2, B3 & folate",1478,1406,1.9,70.7,70.7,54.8,0,0.26,0.25,0.86,0,43,2
"Breakfast cereal, whole wheat, small biscuit, with fruit paste, added vitamins B1, B2, B3 & C & Fe",1534,1479,2,76.9,76.9,52.2,0,0.27,0.26,0.9,0,40,2
"Breakfast cereal, whole wheat, small biscuit, with honey, added vitamins B1, B2, B3 & folate, Fe & Zn",1601,1529,3.9,72.4,72.4,50.8,0,0.52,0.5,1.77,2.81,44,2
"Breakfast cereal, whole wheat, flakes, no added sugar, unfortified",1499,1406,2,68,68,66.5,0,0.3,0.24,0.94,9.89,49,2
"Breakfast cereal, whole wheat, flakes, added vitamins B1, B2, B3 & folate",1447,1354,2,65,65,61.6,0,0.3,0.24,0.94,9.89,20,2
"Breakfast cereal, whole wheat, flakes, added vitamins B1, B2, B3, C & folate & Fe",1430,1260,1.2,62.9,62.9,51.1,0,0.17,0.14,0.55,5.79,7,2
"Breakfast cereal, whole wheat, flakes, added dried fruit &/or nuts, no added sugar, unfortified",1484,1399,1.9,69,69,56.8,0,0.22,0.6,0.74,6.24,67,2
"Breakfast cereal, whole wheat, flakes, dried fruit, added vitamins B1, B2, B3, C & folate",1487,1403,2.1,71.2,71.2,47,0,0.27,0.74,0.91,7.73,65,2
"Breakfast cereal, whole wheat, flakes, dried fruit & nuts, added fibre, vitamins B1, B2, B3 & folate, Ca & Fe",1490,1366,3.3,65.6,65.6,40.6,0,0.38,1.05,1.29,10.96,13,2
"Breakfast cereal, whole wheat, puffed, no added sugar or salt, unfortified",1419,1333,2.8,62.4,62.4,61.6,0,0.39,0.34,1.26,6.05,55,2
"Breakfast cereal, whole wheat, puffed, honey, unfortified",1529,1489,0.9,79,79,56,0,0.14,0.1,0.41,4.34,76,2
"Breakfast cereal, whole wheat, puffed, honey, added vitamins B1, B2, B3, B6, E & folate",1581,1543,1.6,82.5,82.5,36.5,0,0.25,0.18,0.72,7.72,12,2
"Breakfast cereal, wheat based, commercial, not further defined",1380,1207,3.1,54,54,36.1,0,0.48,0.54,1.53,16.41,6,2
"Breakfast cereal, not further defined",1494,1415,2.7,66.7,66.7,54.5,0,0.47,0.53,1.07,5.12,69,2
"Breakfast pastry, sweet, fruit-paste filled, commercial",1655,1646,10.5,71,71,38,0,5.21,3.99,0.84,87.78,72,2
"Muesli, commercial, toasted, added dried fruit, unfortified",1706,1637,11.5,62.8,62.8,39,0,2.08,4.97,3.49,107.92,90,2
"Muesli, commercial, toasted, added dried fruit & nuts, unfortified",1636,1555,13.3,54.6,54.6,34.8,0,2.41,5.76,4.05,125.18,94,2
"Muesli, commercial, toasted, added dried fruit & nuts, added vitamins B2, B3, E & folate & Ca",1730,1662,15.4,53.8,53.8,32.8,0,2.79,6.65,4.67,144.51,44,2
"Muesli, commercial, toasted, added nuts, unfortified",1835,1764,21.7,44.1,44.1,38.6,0,2.24,10.76,7.59,98.84,97,2
"Muesli, homemade, toasted, added dried fruit",1525,1429,11.3,50.2,50,33.2,0,1.59,4.46,4.48,107.74,82,2
"Muesli, homemade, toasted, added dried fruit & nuts",1642,1549,16.2,45.6,45.4,30,0,1.85,7.71,5.68,98.89,37,2
"Muesli, homemade, toasted, added dried fruit & seeds",1638,1544,16.1,44.3,44.2,29.3,0,2.19,5.44,7.44,223.51,78,2
"Muesli, homemade, toasted, added dried fruit, nuts & seeds",1731,1640,20,40.8,40.6,26.8,0,2.36,8.24,8.23,204.92,70,2
"Muesli, homemade, toasted, added nuts & seeds",1831,1734,23.3,37,37,31,0,2.74,9.67,9.64,240.56,61,2
"Muesli, commercial, untoasted or natural style, added dried fruit, unfortified",1646,1571,10.8,59.2,59.2,40.5,0,2.77,3.91,3.51,0,31,2
"Muesli, commercial, untoasted or natural style, added dried fruit, low fat, unfortified",1391,1288,2.9,62.3,62.3,34.2,0,0.74,1.05,0.94,0,49,2
"Muesli, commercial, untoasted or natural style, added dried fruit & nuts, unfortified",1746,1672,15.5,53.9,53.9,36.7,0,2.9,7.08,4.76,2.28,73,2
"Muesli, commercial, untoasted or natural style, added nuts & seeds",1744,1651,19,40.1,40.1,38.5,0,2.38,7.99,7.6,142.39,45,2
"Muesli, homemade, untoasted or natural, added dried fruit",1402,1293,6.5,51.3,51.1,37.4,0,1.14,2.49,2.31,6.14,25,2
"Muesli, homemade, untoasted or natural, added dried fruit & nuts",1545,1442,12.5,46.1,45.9,33.3,0,1.47,6.33,3.89,8.06,47,2
"Muesli, homemade, untoasted or natural, added dried fruit & seeds",1543,1439,12.4,44.7,44.5,32.4,0,1.86,3.85,5.88,148.27,44,2
"Muesli, homemade, untoasted or natural, added dried fruit, nuts & seeds",1655,1555,17,40.8,40.6,29.4,0,2.08,7.08,6.91,135.52,24,2
"Muesli, homemade, untoasted or natural, added nuts & seeds",1752,1644,20.2,36.5,36.5,34.6,0,2.46,8.45,8.22,161.83,60,2
"Muesli, commercial, gluten free",1646,1571,10.8,59.2,59.2,40.5,0,2.77,3.91,3.51,0,53,2
"Porridge, rice (congee), cooked with water",160,158,0.1,8.5,8.5,8.5,0,0.02,0.02,0.01,0,51,1
"Porridge, brown rice, with added dry fruit, cooked with cows milk",425,420,2.2,16.2,16.2,9.5,0,1.28,0.59,0.15,61.65,92,1
"Porridge, rolled oats, prepared with water",287,272,1.6,10.1,10.1,9.9,0,0.29,0.7,0.56,1.55,28,1
"Porridge, rolled oats, prepared with regular fat cows milk",536,522,4.8,15.1,15.1,9.3,0,2.36,1.5,0.6,109,44,1
"Porridge, rolled oats, prepared with reduced fat cows milk",455,442,2.8,14.3,14.3,9.2,0,1.1,0.97,0.55,41.06,55,1
"Porridge, rolled oats, prepared with skim cows milk",400,387,1.6,13.9,13.9,9.1,0,0.34,0.67,0.52,3.56,75,1
"Porridge, rolled oats, prepared with cows milk",494,480,3.7,14.8,14.8,9.5,0,1.64,1.21,0.58,70.44,35,1
"Porridge, rolled oats, prepared with rice milk",511,497,2.5,21.5,21.5,17.8,0,0.43,1.1,0.82,21.89,72,1
"Porridge, rolled oats, prepared with soy milk",471,453,3.4,14.1,14.1,10.7,0,0.56,1.03,1.52,16.37,78,1
"Porridge, rolled oats, prepared with cows milk & water",406,392,3.2,12.4,12.4,9.4,0,1.32,1.08,0.57,55.72,48,1
"Porridge, rolled oats, prepared with soy milk & water",373,357,2.5,11.9,11.9,10.1,0,0.42,0.85,1.03,8.99,32,1
"Porridge, rolled oats, with added fibre & Ca, prepared with cows milk",473,452,3.4,13.7,13.7,8.3,0,1.59,1.04,0.49,69.27,89,1
"Porridge, rolled oats mixed with sugar or honey & other flavours, prepared with cows milk",555,541,3.5,20,20,10.1,0,1.24,1.32,0.7,65.88,78,1
"Porridge, rolled oats mixed with sugar or honey & other flavours, prepared with water",371,358,1.7,15.7,15.7,10.3,0,0.06,0.87,0.66,6.43,31,1
"Porridge, rolled oats mixed with sugar or honey & other flavours, prepared with soy milk",539,521,3.2,19.4,19.4,11.3,0,0.31,1.17,1.52,19.15,94,1
"Porridge, rolled oats mixed with sugar, flavours & dried fruit, prepared with cows milk",533,520,3.2,19.2,19.2,8.4,0,1.42,1.06,0.51,60.88,59,1
"Porridge, rolled oats mixed with sugar, flavours & dried fruit, prepared with water",349,336,1.4,15,15,8.6,0,0.25,0.6,0.48,1.33,65,1
"Porridge, rolled oats mixed with sugar, flavours & dried fruit, prepared with soy milk",517,500,3,18.7,18.7,9.7,0,0.49,0.91,1.33,14.14,95,1
"Paste, flour mixed with sugar & cows milk",525,519,2,21.8,21.8,14.2,0,1.14,0.47,0.15,56.12,85,1
"Infant cereal, added vitamin C & Fe",1636,1622,3.4,79.8,79.8,79.8,0,0.74,0.62,1.52,0,12,2
"Infant cereal, added vitamin C & Fe, prepared with water",182,180,0.4,8.9,8.9,8.9,0,0.08,0.07,0.17,0,32,1
"Bread, banana, commercial",1391,1378,14.2,46.1,46.1,21,0,6.4,5.34,1.14,391.47,40,2
"Bread, banana, commercial, toasted",1617,1602,16.5,53.7,53.7,24.5,0,7.45,6.21,1.33,455.19,15,2
"Bread, banana, homemade",1470,1454,11.9,55.5,55.5,26,0,4.61,3.82,2.18,303.37,32,2
"Bread, banana, homemade, toasted",1709,1691,13.8,64.5,64.5,30.3,0,5.36,4.44,2.53,352.75,100,2
"Slice, brownie, chocolate, with nuts, commercial",1862,1846,23.8,52.8,52.8,17,0,12.46,5.86,2.93,875.88,41,2
"Slice, brownie, chocolate, with nuts, homemade from basic ingredients, fat not further defined",1935,1917,25.5,52.9,52.9,17.7,0,9.75,6.29,7,785.22,14,2
"Slice, brownie, chocolate, without nuts, homemade from basic ingredients, butter or dairy blend",1943,1926,27.6,49.8,49.8,13.3,0,18.52,5.16,0.93,1136.54,76,2
"Slice, brownie, chocolate, without nuts, homemade from basic ingredients, fat not further defined",1962,1945,28.1,49.8,49.8,13.3,0,16.26,6.21,2.91,951.48,31,2
"Slice, brownie, chocolate, without nuts, homemade from basic ingredients, with oil",2117,2100,32.4,49.8,49.8,13.3,0,8.6,10.78,11,479.31,7,2
"Cake mix, plain, dry powder",1603,1592,8.2,73.5,73.5,31,0,4.3,2.74,0.81,117.59,37,2
"Cake mix, chocolate flavour, dry powder",1628,1609,10.4,69.1,69.1,26.5,0,5.43,3.51,0.99,149.14,86,2
"Cake mix, orange & poppy seed, dry powder",1616,1604,8.9,72.3,72.3,30.7,0,4.31,2.81,1.42,115.24,27,2
"Cake mix, sponge, dry powder",1455,1442,4.8,69.9,69.9,37.5,0,2.04,1.73,0.64,66.24,62,2
"Cake or cupcake, banana, commercial, uniced",1456,1444,15.7,47,47,19.7,0,7.57,5.5,1.11,455.65,33,2
"Cake or cupcake, banana, commercial, iced",1501,1491,15.5,51.3,51.3,16.3,0,8.74,4.51,0.9,369.57,64,2
"Cake or cupcake, banana, homemade from basic ingredients, butter or dairy blend, uniced",1369,1356,11.6,50.7,50.7,21.4,0,6.72,2.67,0.6,560.57,86,2
"Cake or cupcake, banana, homemade from basic ingredients, butter or dairy blend, iced",1377,1366,11.1,53.9,53.9,17.1,0,6.13,2.72,0.8,502,45,2
"Cake or cupcake, banana, homemade from basic ingredients, margarine, uniced",1309,1295,10,50.7,50.7,21.4,0,2.28,4.01,2.84,57.66,8,2
"Cake or cupcake, banana, homemade from basic ingredients, oil, uniced",1425,1412,13.7,49.6,49.6,20.9,0,1.7,5.38,5.53,225.46,42,2
"Cake or cupcake, banana, homemade from basic ingredients, undefined fat, uniced",1364,1350,11.7,50.1,50.1,21.2,0,5.53,3.16,1.58,462.49,54,2
"Cake or cupcake, banana, homemade from basic ingredients, undefined fat, iced",1373,1362,11.2,53.4,53.4,16.9,0,5.18,3.12,1.59,423.53,43,2
"Cake, cupcake or muffin, banana, prepared from dry mix, uniced",1388,1381,14.9,44.5,44.5,18,0,5.59,5.15,3.08,317.98,36,2
"Cake or cupcake, black forest (chocolate-cherry), layered, cream-filled, commercial",1461,1439,19.3,40.6,40.6,10.6,0,11.55,4.96,1,1001.09,22,2
"Cake or cupcake, black forest (chocolate-cherry), layered, cream-filled, homemade from basic ingredients",1375,1363,20.1,33.5,33.2,11.1,0,11.45,5.35,1.56,790.32,81,2
"Cake or cupcake, berry, undefined fat, uniced",1421,1410,17.9,40,40,16.6,0,8.7,4.8,2.31,738.93,87,2
"Cake or cupcake, berry, reduced fat, commercial, uniced",1129,1112,2.8,55.2,55.2,22.7,0,0.72,1.21,0.59,54.1,56,2
"Cake, cupcake or muffin, berry, prepared from dry mix, undefined fat, uniced",1288,1280,11.3,47.8,47.8,19.7,0,4.43,3.91,2.16,218.42,41,2
"Cake or cupcake, berry shortcake, undefined fat",1414,1398,19.9,34.2,34.2,23.7,0,11.12,4.75,2.02,839.75,51,2
"Cake or cupcake, caramel, uniced",1578,1570,16.3,53.3,53.3,19.4,0,9.52,3.52,1.59,555.85,34,2
"Cake or cupcake, caramel, iced",1598,1591,16,56.4,56.4,16.1,0,10.3,2.92,1.28,449.73,86,2
"Cake or cupcake, carrot, commercial, uniced",1457,1436,17.3,43.6,43.6,13.7,0,5.94,6.3,3.68,360.16,86,2
"Cake or cupcake, carrot, commercial, iced",1582,1570,18.8,49,49,19,0,4.02,8.14,5.63,10.76,50,2
"Cake or cupcake, carrot, commercial, iced, filled with cream",1506,1497,21.2,39.7,39.7,14.4,0,8.11,7.47,4.43,306.93,49,2
"Cake or cupcake, carrot, homemade from basic ingredients, butter or dairy blend, uniced",1419,1397,15.8,44.4,44.4,13.9,0,7.55,3.43,3.07,619.63,13,2
"Cake or cupcake, carrot, homemade from basic ingredients, butter or dairy blend, iced",1417,1399,14.5,48.8,48.8,11.1,0,6.79,3.34,2.78,549.25,40,2
"Cake or cupcake, carrot, homemade from basic ingredients, oil, uniced",1534,1513,19.9,42.5,42.5,13.4,0,2.15,7.18,9.28,281.76,39,2
"Cake or cupcake, carrot, homemade from basic ingredients, oil, iced",1546,1529,19.4,45.4,45.4,10.7,0,3.53,6.69,7.77,350.96,59,2
"Cake or cupcake, carrot, homemade from basic ingredients, undefined fat, uniced",1470,1448,17.7,43.5,43.5,13.7,0,7.1,4.42,4.33,590.03,58,2
"Cake or cupcake, carrot, homemade from basic ingredients, undefined fat, iced",1457,1440,16,48.1,48.1,10.9,0,6.43,4.13,3.79,525.56,7,2
"Cake, cheesecake, biscuit base, chocolate or coffee flavoured cream cheese topping, commercial",1429,1424,22.2,30.2,30.2,10.6,0,12,7.37,1.68,124.17,33,2
"Cake, cheesecake, biscuit base, fruit flavoured cream cheese topping, commercial",1396,1390,20,33.9,33.9,9.6,0,10.8,6.63,1.52,111.75,7,2
"Cake, cheesecake, biscuit base, fruit flavoured cream cheese topping, homemade from basic ingredients",1315,1309,22.2,25.4,25.4,6.6,0,13.32,5.61,1.23,954.75,92,2
"Cake, cheesecake, biscuit base, plain cream cheese topping, commercial",1429,1424,22.2,30.2,30.2,10.6,0,12,7.37,1.68,124.17,53,2
"Cake, cheesecake, biscuit base, plain cream cheese topping, homemade from basic ingredients",1464,1460,25,27.7,27.7,7.4,0,15.02,6.33,1.39,1076.63,61,2
"Cake or cupcake, chocolate, commercial, uniced",1462,1442,14.3,50.1,50.1,17.4,0,6.04,5.78,1.25,342.87,33,2
"Cake or cupcake, chocolate, commercial, uniced, filled with cream",1416,1401,17.9,40.5,40.5,13.2,0,9.63,5.7,1.14,556.01,86,2
"Cake or cupcake, chocolate, commercial, sugar based icing",1499,1481,14.3,53.7,53.7,14.7,0,7.43,4.72,1.01,274.29,18,2
"Cake or cupcake, chocolate, commercial, sugar based icing, filled with cream",1444,1430,17.9,43.2,43.2,11.2,0,10.67,4.9,0.96,504.58,53,2
"Cake or cupcake, chocolate, homemade from basic ingredients, butter or dairy blend, uniced",1535,1523,17.9,44.9,44.9,25.5,0,11.38,5.04,0.71,73.58,40,2
"Cake or cupcake, chocolate, homemade from basic ingredients, butter or dairy blend, sugar based icing",1527,1515,16.3,49.6,49.6,20.6,0,9.96,4.68,0.91,113.48,53,2
"Cake or cupcake, chocolate, homemade from basic ingredients, margarine spread, uniced",1394,1375,12.5,49.7,49.7,17.2,0,3.22,5.03,3.32,70.63,36,2
"Cake or cupcake, chocolate, homemade from basic ingredients, margarine spread, sugar based icing",1414,1396,12,53.4,53.4,14,0,3.44,4.67,3,111.12,64,2
"Cake or cupcake, chocolate, homemade from basic ingredients, oil, uniced",1534,1515,16.8,48.6,48.6,16.8,0,2.54,6.62,6.48,267.93,90,2
"Cake or cupcake, chocolate, homemade from basic ingredients, oil, sugar based icing",1526,1508,15.5,52.5,52.5,13.7,0,2.89,5.95,5.52,268.96,44,2
"Cake or cupcake, chocolate, homemade from basic ingredients, undefined fat, uniced",1444,1425,14.4,48.6,48.6,16.8,0,6.97,3.98,1.81,540.85,25,2
"Cake or cupcake, chocolate, homemade from basic ingredients, undefined fat, uniced, filled with cream",1432,1416,17.2,42.1,42.1,14.3,0,9.17,4.6,1.73,719.32,84,2
"Cake or cupcake, chocolate, homemade from basic ingredients, undefined fat, sugar based icing",1454,1436,13.5,52.5,52.5,13.7,0,6.43,3.84,1.78,487.29,72,2
"Cake or cupcake, chocolate, homemade from basic ingredients, undefined fat, sugar based icing, filled with cream",1444,1429,15.8,47.3,47.3,11.7,0,8.19,4.33,1.72,630.07,37,2
"Cake or cupcake, chocolate, homemade from basic ingredients, undefined fat, almond meal, uniced",2015,1998,36.5,31.8,31.8,2.1,0,13.19,14.81,5.58,842.97,69,2
"Cake, cupcake or muffin, chocolate, prepared from dry mix, undefined fat, uniced",1374,1362,14.8,44.2,44.2,16.8,0,5.79,5.14,2.84,292.37,76,2
"Cake, cupcake or muffin, chocolate, prepared from dry mix, undefined fat, sugar based icing",1398,1386,13.8,49,49,13.7,0,5.49,4.76,2.61,288.51,32,2
"Cake or cupcake, citrus, commercial, uniced",1535,1520,16.2,49.2,49.2,20.7,0,5.66,7.3,1.93,340.17,77,2
"Cake or cupcake, citrus, commercial, iced",1563,1552,16,53.1,53.1,17.1,0,7.22,5.95,1.56,277.19,66,2
"Cake or cupcake, citrus, homemade from basic ingredients, undefined fat, uniced",1542,1527,16.4,49.1,49.1,20.7,0,6.65,5.55,2.52,546.46,16,2
"Cake or cupcake, citrus, homemade from basic ingredients, undefined fat, uniced, filled with cream",1497,1486,20.7,38.2,38.2,15.6,0,10.4,6.19,2.2,842.51,52,2
"Cake or cupcake, citrus, homemade from basic ingredients, undefined fat, iced",1515,1503,15,52.6,52.6,16.6,0,6.08,5.03,2.34,490.71,39,2
"Cake or cupcake, coconut, commercial or homemade, uniced",1595,1576,19.5,46.3,46.3,16.7,0,11.83,3.94,1.8,540.35,23,2
"Cake or cupcake, coffee, homemade from basic ingredients, undefined fat, uniced",1498,1492,16.2,50.5,50.5,14.2,0,7.91,4.34,2.11,679.96,14,2
"Cake or cupcake, coffee, homemade from basic ingredients, undefined fat, iced",1497,1489,15,54,54,11.6,0,7.19,4.12,2.02,598.59,27,2
"Cake or cupcake, date loaf, commercial, uniced",1488,1465,14.1,52.1,52.1,18.8,0,5.85,5.74,1.27,366.27,26,2
"Cake or cupcake, date loaf, homemade from basic ingredients, undefined fat, uniced",1482,1458,14.4,51,51,18.8,0,6.93,3.85,1.9,590.99,49,2
"Cake or cupcake, date loaf, commercial or homemade, undefined fat, iced",1467,1448,13.3,54.1,54.1,15.1,0,6.3,3.67,1.85,526.34,85,2
"Cake, friand, commercial, uniced",1635,1621,19.1,50.6,50.6,5.4,0,5.5,9.63,2.71,339.41,34,2
"Cake, friand, homemade from basic ingredients, uniced",1831,1814,30.5,34.5,34.5,6.5,0,11.22,11.63,4.98,960.65,19,2
"Cake, fruit, dark in colour, commercial, uniced",1416,1392,11.6,53.7,53.7,13.3,0,4.19,4.74,1.87,34.16,6,2
"Cake, fruit, light in colour, commercial, uniced",1501,1475,13.9,53.6,53.6,18.7,0,6.81,5.33,1.06,40.94,63,2
"Cake, fruit, commercial, uniced",1458,1433,12.8,53.6,53.6,16,0,5.5,5.03,1.47,37.55,86,2
"Cake, fruit, commercial, iced",1522,1500,13.6,56.5,56.5,12.2,0,6.56,4.86,1.44,37.24,15,2
"Cake, fruit, commercial, reduced fat, uniced",1413,1386,9.7,57.6,57.6,20.7,0,4.77,3.73,0.74,28.66,41,2
"Cake, fruit, homemade from basic ingredients, butter or dairy blend, uniced",1348,1324,9.7,54.5,54.5,19.2,0,6.1,2.71,0.43,28.57,10,2
"Cake, fruit, homemade from basic ingredients, undefined fat, uniced",1363,1331,9.4,55.4,55.4,8.5,0.7,3.97,2.95,1.45,333.12,91,2
"Cake, fruit, homemade from basic ingredients, undefined fat, iced",1403,1376,10.2,57.4,57.4,6.2,0.5,3.69,3.78,1.71,296.29,34,2
"Cake or cupcake, hazelnut, homemade from basic ingredients, undefined fat, uniced",1832,1814,28.1,41.3,41.3,2.7,0,10.14,12.89,2.92,532.06,25,2
"Cake or cupcake, honey, commercial or homemade, uniced",1538,1527,17,49.1,49.1,18.9,0,8.3,4.56,2.2,687.89,97,2
"Cake or cupcake, honey, commercial or homemade, uniced, filled with cream",1473,1465,19.9,39.7,39.7,14.3,0,11.32,4.78,1.86,814.78,52,2
"Cake or cupcake, honey, commercial or homemade, iced",1512,1503,15.4,52.6,52.6,15.1,0,7.39,4.24,2.09,603.86,98,2
"Cake, lamington, unfilled",1226,1207,9.2,48,48,16.5,0,6.99,1.21,0.45,34.78,94,2
"Cake, lamington, filled with jam &/or cream",1229,1214,12.7,41.6,41.6,12.5,0,9.32,2,0.5,265.17,68,2
"Cake, moon, commercial",1355,1346,14.7,36.9,36.9,22.5,0,5.02,6.38,1.33,206.86,58,2
"Cake or cupcake, mud, caramel or white chocolate, uniced",1764,1763,27.9,41.3,41.3,2.9,0,14.79,7.63,2.92,967.23,41,2
"Cake or cupcake, mud, caramel or white chocolate, sugar based icing",1702,1697,21.5,51.3,51.3,12.5,0,11.16,7.39,1.43,459.43,43,2
"Cake or cupcake, mud, dark chocolate, commercial, chocolate ganache icing",1415,1394,13.9,48.7,48.7,15.6,0,4.01,6.26,2.93,22.52,99,2
"Cake or cupcake, mud, dark chocolate, homemade from basic ingredients, undefined fat, uniced",1886,1882,34.1,32.4,32.4,7.1,0,17.59,9.82,3.49,1073.49,92,2
"Cake or cupcake, mud, dark chocolate, homemade from basic ingredients, undefined fat, chocolate ganache icing",1896,1892,34.1,33.5,33.5,6.9,0,18.4,9.76,3,1055.37,72,2
"Cake or cupcake, orange & almond, commercial, uniced",1653,1633,22.6,41.7,41.7,0.3,0,5.7,10.86,4.28,410.26,92,2
"Cake or cupcake, orange & poppy seed, commercial or homemade, uniced",1616,1606,18.4,51.2,51.2,14.7,0,8.39,4.76,3.26,697.98,62,2
"Cake or cupcake, orange & poppy seed, commercial or homemade, iced",1727,1720,21.7,52,52,12.2,0,13.18,3.91,2.63,558.39,24,2
"Cake, cupcake or muffin, orange & poppy seed, prepared from dry mix, undefined fat, uniced",1361,1352,12.5,49,49,20.8,0,4.73,4.23,2.72,231.5,9,2
"Cake, cupcake or muffin, orange & poppy seed, prepared from dry mix, undefined fat, sugar based icing",1370,1363,11.9,52.6,52.6,16.6,0,4.54,3.97,2.51,238.74,22,2
"Cake, pineapple upside down cake, homemade from basic ingredients, fat not further defined",1354,1336,16.4,39.7,39.7,16,0,8.88,3.87,1.9,603.88,80,2
"Cake or cupcake, plain butter cake, commercial, uniced",1487,1478,15.3,46.9,46.9,21.6,0,7.17,6.29,1.18,62.9,23,2
"Cake or cupcake, plain butter cake, commercial, iced",1554,1545,14.9,55.9,55.9,19.4,0,6.7,6.55,1,24.22,9,2
"Cake or cupcake, plain butter cake, homemade from basic ingredients, butter or dairy blend, uniced",1579,1567,16.9,49.2,49.2,32,0,10.73,4.71,0.74,69.47,56,2
"Cake or cupcake, plain butter cake, homemade from basic ingredients, butter or dairy blend, iced",1518,1509,14.6,53.5,53.5,20.9,0,8.34,3.51,0.97,686.72,92,2
"Cake or cupcake, plain butter cake, homemade from basic ingredients, margarine, uniced",1500,1488,14.3,50.8,50.8,27.7,0,3.43,5.73,4.07,96.85,49,2
"Cake or cupcake, plain butter cake, homemade from basic ingredients, margarine, iced",1481,1472,13.2,54,54,22.2,0,3.5,5.17,3.58,131.02,33,2
"Cake or cupcake, plain butter cake, homemade from basic ingredients, oil, uniced",1600,1589,18.8,47.4,47.4,25.8,0,2.47,7.35,7.61,325.1,85,2
"Cake or cupcake, plain butter cake, homemade from basic ingredients, undefined fat, uniced",1546,1535,16.4,49,49,26.7,0,7.97,4.38,2.17,669.86,65,2
"Cake or cupcake, plain butter cake, homemade from basic ingredients, undefined fat, iced",1518,1509,15,52.5,52.5,21.4,0,7.13,4.09,2.06,589.44,97,2
"Cake, cupcake or muffin, plain butter cake, prepared from dry mix, undefined fat, uniced",1446,1439,15.3,46.9,46.9,19.2,0,5.72,5.32,3.16,320.22,72,2
"Cake, cupcake or muffin, plain butter cake, prepared from dry mix, undefined fat, iced",1438,1433,14.1,50.8,50.8,15.4,0,5.33,4.85,2.86,309.72,69,2
"Cake or cupcake, plain butter cake, commercial or homemade, iced, cream filling",1459,1451,18.5,41.3,41.3,13.7,0,11.35,5.2,0.92,336.6,26,2
"Cake, cupcake or muffin, vanilla with chocolate chip, prepared from dry mix, undefined fat, uniced",1599,1591,16.2,55,55,20.7,0,7.18,5.52,2.49,259.63,63,2
"Cake or cupcake, plum, homemade from basic ingredients, undefined fat, uniced",1108,1092,14.6,28.4,28.1,10.4,0,6.33,4.88,1.91,475.26,85,2
"Cake or cupcake, pumpkin, homemade from basic ingredients, undefined fat, uniced",1397,1384,14.3,46.7,46.4,19.3,0,6.87,3.85,1.92,587.79,51,2
"Cake or cupcake, sponge, plain, commercial, uniced, unfilled",1272,1263,5.6,56.5,56.5,24,0,2.03,2.2,0.92,20.61,38,2
"Cake or cupcake, sponge, plain, commercial, uniced, filled with cream",1274,1267,11.4,45.3,45.3,18.2,0,6.62,3.02,0.89,314.32,79,2
"Cake or cupcake, sponge, plain, commercial, uniced, filled with jam",1223,1213,4.2,58.8,58.8,18,0,1.52,1.65,0.69,15.46,19,2
"Cake or cupcake, sponge, plain, commercial, uniced, filled with jam & cream",1356,1349,14,46.1,46.1,13.4,0,9.98,2.19,0.57,726.18,33,2
"Cake or cupcake, sponge, plain, commercial, iced, unfilled",1353,1346,7.5,58.9,58.9,19.7,0,4.31,1.87,0.75,21.53,35,2
"Cake or cupcake, sponge, plain, commercial, iced, filled with cream",1335,1329,12.8,47.1,47.1,15,0,8.33,2.77,0.77,315.01,24,2
"Cake or cupcake, sponge, plain, homemade from basic ingredients, uniced",1413,1404,12.5,47.8,47.8,20,0,5.25,3.86,1.74,372.43,93,2
"Cake or cupcake, sponge, plain, homemade from basic ingredients, uniced, filled with jam &/or cream",1365,1357,13.6,44.8,44.8,15,0,6.64,3.9,1.46,495.66,75,2
"Cake or cupcake, sponge, plain, homemade from basic ingredients, iced, unfilled",1412,1405,11.8,51.6,51.6,16,0,4.95,3.68,1.72,351.49,57,2
"Cake or cupcake, sponge, plain, uniced, filled with fruit & cream",1138,1130,10,40.6,40.6,16,0,5.83,2.66,0.79,276.6,35,2
"Cake or cupcake, sponge, chocolate flavoured, commercial, uniced, filled with jam & cream",1279,1265,11.4,44.8,44.8,18.4,0,6.64,3.06,0.88,301.95,73,2
"Cake or cupcake, sponge, chocolate flavoured, commercial, iced, filled with cream",1335,1321,13,46.1,46.1,15.1,0,8.46,2.83,0.75,310.61,31,2
"Cake or cupcake, sponge, plain, prepared from dry mix, undefined fat, uniced, unfilled",1159,1149,5.5,49.5,49.5,26.5,0,2,2.09,0.74,49.26,41,2
"Cake or cupcake, sponge, plain, prepared from dry mix, undefined fat, iced",1208,1201,6.2,52.9,52.9,21.2,0,2.35,2.26,0.92,92.95,88,2
"Cake or cupcake, sultana, commercial or homemade from basic ingredients, uniced",1541,1523,13.6,56.9,56.9,17.9,0,6.57,3.55,1.86,552.93,47,2
"Cake, tea cake, commercial, uniced",1433,1420,17.7,41.5,41.4,15.9,0,7.37,7.26,1.55,463.02,20,2
"Cake, tea cake, apricot, homemade from basic ingredients, undefined fat, uniced",1500,1480,19.7,39.5,39.2,19.4,0,10.44,4.82,2.34,725.93,50,2
"Cake, tea cake, cinnamon topped, homemade from basic ingredients, undefined fat, uniced",1413,1402,16.7,43.9,43.8,15.2,0,8.26,4.39,2.16,718.23,54,2
"Cake, custard filled, with & without icing",1400,1390,14.1,46.2,46.2,25.1,0,8.62,4.02,0.71,76,62,2
"Cake, gluten free, with & without icing",1565,1552,16,53.8,53.8,27,0,8.62,3.97,1.76,564.42,36,2
"Doughnut, custard filled",1401,1387,16.8,39.7,39.7,26.1,0,7.78,5.98,2.14,195.52,12,2
"Doughnut, custard filled, with chocolate icing",1406,1398,14.3,46.4,46.4,20.7,0,7.61,4.4,1.35,307.59,64,2
"Doughnut, cream filled",1505,1491,19.7,40,40,25.9,0,10.43,6.03,2.14,229.7,88,2
"Doughnut, cream filled, with chocolate icing",1406,1398,14.3,46.4,46.4,20.7,0,7.61,4.4,1.35,307.59,47,2
"Doughnut, custard & cream filled, with chocolate icing",1406,1398,14.3,46.4,46.4,20.7,0,7.61,4.4,1.35,307.59,96,2
"Doughnut, jam filled, sugar coated",1527,1512,17.4,46.2,46.2,27.2,0,7.97,6.22,2.25,194.29,20,2
"Doughnut, jam filled, with chocolate icing",1586,1572,18.4,48,48,25.2,0,8.79,6.46,2.18,191.85,93,2
"Doughnut, unfilled, with cinnamon & sugar dusting",1574,1559,19.3,43.9,43.9,30.2,0,8.86,6.91,2.5,215.87,76,2
"Doughnut, unfilled, glazed",1581,1574,21.6,42,42,22,0,11.02,7.38,1.77,527.17,22,2
"Doughnut, unfilled, with icing (except chocolate flavoured)",1541,1525,16.6,48.2,48.2,25.3,0,6.83,6.28,1.53,1157.9,93,2
"Doughnut, unfilled, with chocolate flavoured icing",1541,1525,16.6,48.2,48.2,25.3,0,6.83,6.28,1.53,1157.9,34,2
"Muffin, cake-style, apple, commercial, uniced",1482,1468,15.4,48.1,48.1,26.9,0,6.55,6.17,1.37,415.32,97,2
"Muffin, cake-style, apple, homemade from basic ingredients, uniced",1442,1428,15.5,45.7,45.6,25.7,0,4.46,5.28,4.42,403.49,73,2
"Muffin, cake-style, apricot, homemade from basic ingredients, uniced",1307,1290,10.4,50,49.7,20.8,0,2.96,3.52,2.96,265.59,33,2
"Muffin, cake-style, banana, commercial, uniced",1412,1397,11.9,51,51,27.6,0,5.03,4.69,1.1,308.27,82,2
"Muffin, cake-style, banana, homemade from basic ingredients, uniced",1377,1363,12,49,49,26.6,0,3.49,4.05,3.32,298.8,14,2
"Muffin, cake-style, berry, commercial, uniced",1516,1505,17.8,46.3,46.3,20.5,0,1.84,10.06,4.86,27.35,81,2
"Muffin, cake-style, berry, homemade from basic ingredients, uniced",1354,1340,11.4,48.6,48.6,26,0,3.37,3.86,3.09,278.93,98,2
"Muffin, cake-style, bran, with or without dried fruit, commercial, uniced",1345,1299,9.2,49.6,49.6,27.1,0,3.71,3.39,1.15,218.66,25,2
"Muffin, cake-style, bran, with or without dried fruit, homemade from basic ingredients, uniced",1350,1305,9.4,49.5,49.5,27.1,0,2.7,3.04,2.69,215.49,13,2
"Muffin, cake-style, chocolate, homemade from basic ingredients, uniced",1608,1586,17.7,49,49,29.3,0,5.32,6.02,4.87,442.32,50,2
"Muffin, cake-style, chocolate chip, commercial, uniced",1716,1706,20.1,52.7,52.7,23.8,0,3.88,10.39,4.6,47.16,74,2
"Muffin, cake-style, chocolate chip, homemade from basic ingredients, uniced",1632,1620,18.8,50.1,50.1,25.4,0,6.79,6.31,4.25,396.58,76,2
"Muffin, cake-style, chocolate, with or without chocolate chip, commercial, uniced",1719,1703,20.8,50.8,50.8,22.1,0,4.15,10.74,4.7,47.46,77,2
"Muffin, cake-style, coconut & lemon, homemade from basic ingredients, uniced",1465,1445,17.5,43.6,43.6,16.8,0,10.89,3.06,2.24,201.6,73,2
"Muffin, cake-style, orange & poppy seed, commercial, uniced",1538,1523,16.5,48.4,48.4,28,0,6.85,6.47,1.84,430.06,55,2
"Muffin, cake-style, plain, commercial, uniced",1433,1421,12,52,52,28.2,0,5.06,4.67,1.12,303.94,13,2
"Muffin, cake-style, raspberry & white chocolate, commercial, uniced",1518,1503,17.3,46.1,46.1,21.9,0,8.32,6.41,1.29,362.3,54,2
"Muffin, cake-style, raspberry & white chocolate, homemade from basic ingredients, uniced",1460,1446,17,43.5,43.5,20.8,0,6.44,5.58,3.74,348.93,16,2
"Muffin, cake-style, commercial, not further defined",1561,1544,17.1,49.3,49.3,23.5,0,3.87,8.5,3.55,132.58,22,2
"Muffin, cake-style, savoury, homemade from basic ingredients",1000,981,9.2,28.8,28.7,25.6,0,2.83,3.14,2.32,210.58,17,2
"Crepe or pancake, banana, homemade from basic ingredients",810,797,4.8,30.5,30.5,21.5,0,2.02,1.47,0.74,112.03,32,1
"Crepe or pancake, berry, homemade from basic ingredients",796,783,5.4,27.4,27.4,23.4,0,2.29,1.67,0.84,125.42,60,1
"Crepe or pancake, buckwheat flour, homemade from basic ingredients",874,841,6.5,27.4,27.4,23.4,0,2.67,1.95,1.12,143.29,53,1
"Crepe or pancake, buttermilk, homemade from basic ingredients",892,881,6,30.2,30.2,26.7,0,2.52,1.84,0.97,120.43,81,1
"Crepe or pancake, chocolate, homemade from basic ingredients",892,870,7.3,27.9,27.9,20.5,0,3.29,2.3,0.99,153.8,86,1
"Crepe or pancake, gluten free, commercial or homemade",890,887,6,34.1,34.1,30,0,2.6,1.92,0.86,143.29,11,1
"Crepe or pancake, plain, commercial",912,896,4.3,38.4,38.4,24.6,0,0.64,2.2,1.13,16.65,94,1
"Crepe or pancake, plain, dry mix",1408,1394,3.2,67.2,67.2,42,0,1,1.15,0.77,44.16,34,2
"Crepe or pancake, plain, prepared from dry mix using water",838,830,1.9,40,40,25,0,0.59,0.69,0.46,26.29,87,1
"Crepe or pancake, plain, white wheat flour, homemade from basic ingredients",886,875,6.2,30.3,30.3,26.7,0,2.62,1.9,0.96,143.29,16,1
"Crepe or pancake, potato, homemade from basic ingredients",705,691,10.7,12.3,12.3,11.4,0,3.29,4.66,1.82,199.75,46,1
"Crepe or pancake, rice based, homemade from basic ingredients",665,648,2.6,26.4,26.4,25.2,0,0.96,0.79,0.61,61.88,61,1
"Crepe or pancake, wholemeal wheat flour, commercial or homemade",894,861,7.1,27.4,27.4,23.4,0,2.96,2.48,0.84,156.59,54,1
"Pancake, Chinese",981,966,6.2,37.7,37.7,37.7,0,0.94,2.26,2.6,121.12,26,1
"Pikelet, plain, commercial",912,896,4.3,38.4,38.4,24.6,0,0.64,2.2,1.13,16.65,32,1
"Pikelet, plain, homemade from basic ingredients",1160,1147,5.9,47.9,47.9,34.5,0,3.38,1.63,0.42,22.8,56,2
"Crepe or pancake, with butter & syrup, fast food chain",1286,1275,10,48.3,48.3,27.8,0,6.17,2.35,0.44,327.67,52,2
"Crepe or pancake, with savoury filling",811,801,9.1,15.6,15.5,13,0,3.52,3.5,1.22,193.61,87,1
"Crepe or pancake, savoury, filled with duck & vegetables, with sauce (Peking duck)",1033,1019,19,11.1,11.1,7,0,5.57,9.52,2.86,119.12,14,2
"Pudding, bread & butter, homemade from basic ingredients, butter or dairy blend",1050,1041,13.1,27,27,10.8,0,7.7,3.37,0.76,586.01,15,2
"Pudding, chocolate, homemade from basic ingredients",760,749,2.1,37.1,37.1,14,0,1.22,0.49,0.15,68.17,56,1
"Pudding, lemon delicious, homemade from basic ingredients",1076,1070,8.8,39.8,39.8,7,0,4.78,2.31,0.52,355.05,26,2
"Pudding, made from cake or bread, with mixed berries & cream",766,757,8.3,20.9,20.9,3.2,1.1,4.86,2.42,0.34,171.67,29,1
"Pudding, plum, canned, commercial",1168,1151,7.1,49.3,49.3,14.6,0,2.03,3.9,0.82,20.91,58,2
"Pudding, plum, steamed or boiled, homemade from basic ingredients",1396,1370,11.1,53.3,53.3,13.8,0.5,6.33,2.52,0.76,530.45,37,2
"Pudding, self-saucing, chocolate flavoured, prepared from dry mix",913,900,4.8,41,41,11.2,0,1.56,1.45,1.45,19.19,76,1
"Pudding, self-saucing, other flavours, prepared from dry mix",913,900,4.8,41,41,11.2,0,1.56,1.45,1.45,19.19,40,1
"Pudding, sticky date, commercial",1460,1445,16.4,48.3,48.3,9.9,0,7.65,6.2,1.25,527.41,74,2
"Pudding, sticky date, homemade from basic ingredients",1460,1445,16.5,48.2,48.2,9.9,0,10.19,3.72,0.64,866.27,17,2
"Pudding, vanilla & other non-chocolate flavours, homemade from basic ingredients",1084,1081,9,40.1,40.1,6.9,0,4.93,2.36,0.52,361.72,52,2
"Rock cake, commercial or homemade",1750,1731,18.1,56.9,56.9,31.9,0,8.89,4.69,2.44,759.31,45,2
"Scone, cheese, commercial",1570,1553,15.1,46.2,46.2,40.3,0,4.41,6.65,3.05,234.26,75,2
"Scone, cheese, homemade from basic ingredients",1307,1289,10.1,43.4,43.4,41.3,0,4.86,2.83,1.47,270.2,13,2
"Scone, chocolate, with chocolate chips, commercial",1590,1559,14.1,54.8,54.8,34.3,0,9,2.12,2.13,121.72,34,2
"Scone, date, commercial",1322,1289,5.6,58.2,58.2,36,0,2.64,2.14,0.28,322.25,67,2
"Scone, date, homemade from basic ingredients",1279,1256,7.4,51.2,51.2,37.8,0,3.07,2.16,1.34,199.48,10,2
"Scone, plain, commercial",1357,1340,7.4,55.2,55.2,48.7,0,3.4,2.91,0.38,441.44,14,2
"Scone, plain, homemade from basic ingredients",1294,1275,7.8,49.9,49.9,44.2,0,3.18,2.31,1.45,202.41,87,2
"Scone, pumpkin, commercial",1424,1400,7.4,57.1,56.8,48.7,0,0.82,2.71,3.22,120.87,64,2
"Scone, pumpkin, homemade from basic ingredients",1173,1153,6.3,46.8,46.5,38.8,0,2.4,1.91,1.21,146.39,68,2
"Scone, sultana, commercial",1401,1376,5.2,63.6,63.6,37.4,0,0.65,1.79,2.23,78.86,17,2
"Scone, sultana, homemade from basic ingredients",1288,1270,7.4,51.9,51.9,37.8,0,3.1,2.16,1.37,199.48,29,2
"Scone, wholemeal, commercial",1348,1287,8.1,49.5,49.5,43,0,0.92,2.86,3.56,123.28,78,2
"Scone, wholemeal, homemade from basic ingredients",1281,1225,8.4,45.8,45.8,39.6,0,3.26,2.4,1.72,202.41,17,2
"Slice, caramel, commercial",1777,1766,20.1,56.8,56.8,13.7,0,16.88,1.57,0.32,233.11,88,2
"Slice, caramel, homemade from basic ingredients, fat not further defined",1945,1936,25.6,55,55,11.4,0,14.83,6.29,2.23,837,86,2
"Slice, cherry, homemade from basic ingredients, fat not further defined",1926,1906,23.7,57.6,57.6,12.5,0,16.31,4.34,1.26,427.04,70,2
"Slice, chocolate, commercial, chocolate icing",2095,2065,29.7,55.5,55.5,16.7,0,19,7.2,1.44,447.38,68,2
"Slice, chocolate, homemade from basic ingredients, fat not further defined, chocolate icing",2063,2033,28.8,55.4,55.4,15.9,0,17.74,5.74,2.75,820.07,7,2
"Slice, coconut, with jam, commercial",1911,1877,25.7,50.9,50.9,15.2,0,17,5.62,1.23,302.32,72,2
"Slice, coconut, with jam, homemade from basic ingredients, fat not further defined",1853,1829,22.5,55.3,55.3,18.1,0,14.12,4.28,1.99,590.38,17,2
"Slice, dried fruit, homemade from basic ingredients, fat not further defined",1827,1798,20.4,59,59,18.1,0,11.61,4.46,2.2,684.78,47,2
"Slice, fruit mince, commercial, with icing",1261,1245,9.4,51,51,16.3,0,5.36,3.3,0.27,27.68,19,2
"Slice, hedgehog, commercial, chocolate icing",1639,1595,17.5,52.8,52.8,8.7,0,13.58,2.27,0.52,23.71,46,2
"Slice, hedgehog, homemade from basic ingredients, fat not further defined, chocolate icing",1891,1870,26.1,50.8,50.8,13.2,0,10.01,8.15,5.87,656.66,93,2
"Slice, jelly, commercial",1094,1092,16.4,24.1,24.1,5.5,0,9.16,5.07,0.88,589.44,52,2
"Slice, jelly, homemade from basic ingredients, fat not further defined",1099,1097,16.6,24,24,5.5,0,9.65,4.29,1.15,686.06,21,2
"Slice, lemon, homemade from basic ingredients, fat not further defined",1369,1361,11.5,51.9,51.9,13.3,0,5.32,3.25,1.54,434.04,49,2
"Slice, meringue, with jam, homemade from basic ingredients, fat not further defined",1876,1850,26.3,46.4,46.4,23.9,0,15.66,5.51,2.49,740.7,93,2
"Slice, muesli, with sultanas & apricot, homemade from basic ingredients, fat not further defined",1701,1665,17.4,55.6,55.2,22.2,0,8.55,4.55,2.49,614.32,59,2
"Slice, nut, homemade from basic ingredients, fat not further defined",2208,2186,36,43.9,43.9,14.3,0,11.02,14.9,7.22,820.68,26,2
"Slice, oat, with caramel, marshmallow & chocolate, homemade from basic ingredients, fat not further defined",2064,2040,27.3,53.1,53.1,23.4,0,10.67,11.25,3.1,715.7,53,2
"Slice, passionfruit",1702,1678,21.2,48.1,48.1,10.8,0,13.71,4.02,1.55,611.45,100,2
"Slice, vanilla, commercial, with icing (except chocolate flavoured)",857,854,8.9,28.5,28.5,14.5,0,5.16,2.51,0.46,374.56,69,1
"Slice, vanilla, homemade from basic ingredients, fat not further defined, with icing (except chocolate flavoured)",1130,1124,14.4,32.4,32.4,13.9,0,8.02,3.94,1.02,641.48,81,2
"Slice, not further defined",1595,1578,18.2,50.2,50.1,15.8,0,10.84,4,1.68,565.83,24,2
"Souffle, chocolate",1308,1298,16.6,35,35,5.4,0,8.65,5.13,1.34,360.69,56,2
"Souffle, fruit",916,912,10.7,24.8,24.8,4.4,0,4.99,3.22,1.24,359.51,34,1
"Trifle, homemade from basic ingredients",604,600,8.3,14.5,14.5,2.8,0.6,5.14,2.18,0.38,369.65,74,1
"Waffle, plain, frozen, commercial",983,973,8.2,33.4,33.4,24.1,0,3.48,3.13,0.79,202.18,90,1
"Waffle, plain, fresh, homemade from basic ingredients",953,943,7.4,33.4,33.4,24.1,0,3.04,2.3,1.23,181.73,33,1
"Waffle, berry, fresh, homemade from basic ingredients",749,735,5.5,26.4,26.4,18,0,2.26,1.72,0.92,135.56,83,1
"Yorkshire pudding, homemade from basic ingredients",1047,1036,11.1,29.4,29.4,25.5,0,2.63,5.29,2.37,120.59,42,2
"BarleyMax, dry, uncooked",1385,1135,7.8,32,32,27,0,1.4,0.77,3.45,0,68,2
"Barley, pearl, uncooked",1358,1265,2.4,61.2,61.2,60.5,0,0.41,0.28,1.04,0,22,2
"Barley, pearl, cooked in water, no added fat or salt",416,388,0.9,18,18,18,0,0.16,0.1,0.39,0,98,1
"Buckwheat groats, uncooked",1509,1427,2.7,66.4,66.4,65,0,0.58,0.82,0.82,0,28,2
"Buckwheat groats, cooked in water, no added salt",321,304,0.6,14.1,14.1,13.8,0,0.12,0.17,0.17,0,85,1
"Bulgur (burghul, burgaul), dry, uncooked",1336,1238,1.7,59.4,59.4,58.6,0,0.25,0.2,0.78,0,38,2
"Bulgur (burghul, burgaul), soaked in water, no added fat or salt",664,606,0.9,28.3,28.3,27.9,0,0.13,0.1,0.41,0,40,1
"Bulgur (burghul, burgaul), cooked in water, no added fat or salt",383,356,0.4,17.2,17.2,17.2,0,0.06,0.05,0.18,0,10,1
"Seed, chia, cooked, no added salt",392,364,5.1,5.7,5.7,0.8,0,1.63,0.75,2.43,79.59,99,1
"Cornmeal (polenta), uncooked",1406,1382,2,68.9,68.9,68.3,0,0.3,0.39,0.94,0,89,2
"Cornmeal (polenta), cooked in water, no added salt",447,440,0.6,21.9,21.9,21.7,0,0.1,0.12,0.3,0,90,1
"Cornmeal (polenta), cooked in water & fat, no added salt",468,461,1.3,21.7,21.7,21.5,0,0.37,0.34,0.42,19.51,62,1
"Couscous, uncooked",1523,1490,0.2,73.6,73.6,70.2,0,0.03,0.03,0.06,7.1,92,2
"Couscous, cooked in water, no added fat or salt",677,662,0.1,32.7,32.7,31.2,0,0.01,0.02,0.03,3.16,84,1
"Couscous, cooked in water & fat, no added salt",700,686,1.6,31.1,31.1,29.6,0,0.64,0.51,0.3,47.7,29,1
"Grains & pasta, for homemade soup recipes",563,550,0.8,26.4,26.4,26.3,0,0.3,0.24,0.12,2.19,17,1
"Grains, boiled, for homemade mixed dishes",665,656,0.2,35.5,35.5,35.4,0,0.01,0.01,0.02,0,72,1
"Millet, uncooked",1489,1421,4.2,63.3,63.3,62.9,0,0.72,0.77,2.22,0,58,2
"Millet, boiled in water, no added fat or salt",489,480,1,22.5,22.5,22.4,0,0.17,0.18,0.51,0,9,1
"Oat bran, unprocessed, uncooked",1620,1496,7.5,57.9,57.9,55.8,0,1.35,2.59,3.02,0,28,2
"Oats, rolled, uncooked",1548,1471,8.9,54.5,54.5,53.5,0,1.56,3.76,3,8.37,85,2
"Oats, rolled, uncooked, added fibre & Ca",1458,1338,7.1,49.3,49.3,48.2,0,1.26,2.88,2.54,0,69,2
"Oats, rolled, mixed with sugar or honey & other flavours, uncooked",1629,1569,7.5,69.1,69.1,45.1,0,0.27,3.8,2.92,28.2,90,2
"Oats, rolled, mixed with sugar, flavours & dried fruit, uncooked",1534,1473,6.2,65.7,65.6,37.7,0,1.09,2.62,2.09,5.83,38,2
"Psyllium, dry, uncooked",764,99,0.7,1.3,1.3,0,0,0.09,0.28,0.33,0,87,1
"Psyllium, cooked in water, no added salt",19,2,0,0,0,0,0,0,0.01,0.01,0,25,1
"Psyllium, cooked in soy milk, no added salt",226,205,1.9,4.8,4.8,1.5,0,0.3,0.39,1.04,15.31,79,1
"Quinoa, uncooked",1487,1431,6.1,57.2,57.2,52.2,0,0.73,1.67,3.4,0,12,2
"Quinoa, cooked in water, no added salt",414,399,1.7,15.9,15.9,14.6,0,0.2,0.46,0.95,0,44,1
"Quinoa, cooked in water & fat, no added salt",447,432,2.7,15.7,15.7,14.3,0,0.63,0.8,1.12,30.68,45,1
"Quinoa, cooked in milk, no added salt",501,489,3.1,16.3,16.3,10.6,0,1.37,0.83,0.74,61.82,19,1
"Rice bran, extruded or low processed, uncooked",1631,1427,20.4,26.5,26.5,20,0,2.95,7,7.34,0,10,2
"Rice, ground brown rice, with added dry fruit, uncooked",1486,1456,2,75.5,75.3,61.8,0,0.37,0.64,0.67,0,49,2
"Rye, uncooked",1318,1220,2.3,54.9,54.9,53.5,0,0.29,0.29,1.08,0,80,2
"Rye, grains, cooked in water",655,607,1.1,27.3,27.3,26.6,0,0.14,0.14,0.54,0,94,1
"Semolina, uncooked",1361,1336,1.2,66.2,66.2,66.2,0,0.17,0.08,0.55,0,88,2
"Semolina, cooked in water, no added salt",433,425,0.4,21.1,21.1,21.1,0,0.06,0.02,0.18,0,13,1
"Semolina, cooked in cows milk, no added salt",456,452,2.2,17.2,17.2,12.4,0,1.28,0.51,0.15,63.01,55,1
"Spelt, uncooked",1471,1411,2.4,59.1,59.1,58.2,0,0.31,0.43,0.96,10.37,77,2
"Sago, dry, uncooked",1453,1450,0.4,84.4,84.4,84.4,0,0.14,0.08,0.06,0,42,2
"Sago, cooked in water, no added salt",229,228,0.1,13.3,13.3,13.3,0,0.02,0.01,0.01,0,18,1
"Sago, cooked in milk, no added salt",349,348,2.2,12.5,12.5,7.2,0,1.41,0.56,0.06,70.46,99,1
"Tapioca, pearl or seed style, uncooked",1458,1458,0.2,85.3,85.3,85.3,0,0.07,0.04,0.03,0,55,2
"Tapioca, seed or pearl style, boiled in water, no added fat or salt",123,119,0,7,7,7,0,0,0,0,0,22,1
"Wheat bran, unprocessed, uncooked",1119,784,4.1,22.6,22.6,19.9,0,0.66,0.66,2.01,6.72,95,1
Wheat germ,1297,1148,7.1,29.9,29.9,22.4,0,1.26,1.1,4.24,0,40,2
"Rice, white, uncooked",1486,1469,0.5,79,79,78.8,0,0.14,0.16,0.13,0,87,2
"Rice, white, boiled, no added salt",671,663,0.1,36,36,35.9,0,0,0,0,0,25,1
"Rice, white, steamed or rice cooker, no added salt",671,663,0.1,36,36,35.9,0,0,0,0,0,43,1
"Rice, white, boiled, steamed or microwaved with coconut milk",759,751,5.4,29.7,29.7,28.7,0,4.76,0.24,0.08,0,28,1
"Rice, white, fried, no meat or vegetables, oil not further defined, homemade or commercial",1215,1205,10.8,43.7,43.7,43.4,0,1.79,6.36,1.96,78.64,66,2
"Rice, white, purchased par-cooked or instant, cooked",701,693,1.1,35.6,35.6,35.5,0,0.11,0.25,0.6,21.51,27,1
"Rice, brown, uncooked",1554,1529,2.4,77.4,77.4,76.7,0,0.43,0.8,0.81,0,46,2
"Rice, brown, boiled, no added salt",639,627,1,31.8,31.8,31.5,0,0.18,0.33,0.34,0,13,1
"Rice, brown, fried, no meat or vegetables, oil not further defined, homemade",970,954,4.1,43.3,43.3,42.9,0,0.71,2.08,0.96,20.1,86,1
"Rice, brown, purchased par-cooked or instant, cooked",669,657,2,31.5,31.5,31.2,0,0.29,0.58,0.93,21.51,76,1
"Rice, flavoured, instant dry mix",1620,1592,9.6,64.9,64.9,63.2,0,5.37,2.76,0.99,0,35,2
"Rice, flavoured, prepared from dry mix",692,680,4.1,27.7,27.7,27,0,2.29,1.18,0.42,0,94,1
"Rice, purchased as parboiled (gold rice), uncooked",1525,1503,1.2,79.2,79.2,78.4,0,0.17,0.41,0.43,0,9,2
"Rice, purchased as parboiled (gold rice), boiled, no added salt",512,507,0.4,26.8,26.8,26.6,0,0.06,0.13,0.14,0,39,1
"Rice, red, steamed or rice cooker, no added salt",639,627,1,31.8,31.8,31.5,0,0.18,0.33,0.34,0,85,1
"Rice, wild, uncooked",1505,1456,1.1,68.7,68.7,66.2,0,0.14,0.15,0.63,0,63,2
"Rice, wild, boiled, no added salt",425,411,0.3,19.5,19.5,18.8,0,0.04,0.05,0.2,0,51,1
"Rice, cooked, for making sushi",637,630,0.1,34.2,34.2,32,0,0,0,0,0,90,1
"Rice paper wrapper, soaked in water",691,684,0.6,36.3,36.3,36.1,0,0.12,0.19,0.22,0,94,1
"Paella, white rice, with chicken, chorizo & mixed vegetables",680,668,5,16.9,16.9,15.3,0.1,1.45,2.55,0.62,34.68,66,1
"Paella, white rice, with chicken, chorizo, mixed vegetables & seafood",643,632,4.2,15.1,15.1,13.3,0.1,1.17,1.97,0.56,31.77,19,1
"Paella, white rice, with mixed vegetables & seafood",646,635,4.1,15.1,15.1,13.3,0.1,1.12,1.9,0.56,33.06,56,1
"Rice, brown, fried with bacon or ham, egg & mixed vegetables",709,690,5.9,20.6,20.6,18.5,0,1.28,3.02,1.03,29.88,34,1
"Rice, brown, fried with chicken, egg & mixed vegetables",685,670,5.3,17.7,17.6,15.8,0,1.12,2.7,0.99,27.76,85,1
"Rice, brown, fried with mixed vegetables",692,670,4.9,25.3,25.3,22.8,0,0.82,2.68,1,30.18,47,1
"Rice, white, fried with bacon or ham, egg & mixed vegetables",728,711,5.4,23.1,23,21,0,1.18,2.83,0.83,29.88,46,1
"Rice, white, fried with bacon or ham, egg, mixed vegetables & nuts",880,860,8.9,23.3,23.3,21,0,1.74,5.07,1.32,34.37,23,1
"Rice, white, fried with bacon or ham, egg, prawns & vegetables",920,912,8.5,29.5,29.5,29.1,0,3.39,3.35,1.2,181.69,17,1
"Rice, white, fried with beef, lamb or pork & mixed vegetables",734,720,4.8,21,21,19.2,0,1.08,2.45,0.75,82.89,15,1
"Rice, white, fried with chicken, egg & mixed vegetables",701,687,4.9,19.7,19.7,18,0,1.02,2.53,0.82,27.76,37,1
"Rice, white, fried with chicken & mixed vegetables",698,684,4.4,21.1,21.1,19.3,0,0.87,2.36,0.76,28.77,98,1
"Rice, white, fried with egg",1012,1003,10.1,29.3,29.3,28.4,0,2.22,5.06,1.73,75.27,34,2
"Rice, white, fried with egg & mixed vegetables",746,728,5.7,25.9,25.8,23.6,0,1.1,2.98,0.98,40.91,44,1
"Rice, white, fried with egg, mixed vegetables & seafood",691,677,4.1,19.7,19.7,18,0,0.76,2.07,0.71,25.46,35,1
"Rice, white, fried with lentils",642,614,4.6,21.4,21.4,20.4,0,0.76,2.61,0.9,31.92,77,1
"Rice, white, fried with mixed vegetables",715,695,4.3,28.3,28.3,25.9,0,0.69,2.44,0.76,30.18,66,1
"Rice, white, fried with mixed vegetables & seafood",736,721,4.6,21.2,21.2,19.2,0,0.8,2.29,0.97,40.86,99,1
"Rice, white, pilaf style, with butter, stock & spices",892,882,3.7,40.4,40.4,40.1,0,2.31,0.78,0.15,200.46,64,1
"Risotto, bacon or ham & mixed vegetables, with cheese",865,852,10.5,20,20,18.9,0.1,4.28,4.62,1.03,119.59,24,1
"Risotto, beef, lamb or pork & mixed vegetable, with cheese",648,637,4.1,20.8,20.6,19.5,0.1,1.63,1.51,0.54,105.4,70,1
"Risotto, chicken & mixed vegetables, with cheese",630,619,3.9,20.8,20.6,19.5,0.1,1.53,1.46,0.54,78.99,6,1
"Risotto, mixed vegetables, with cheese",627,615,3.8,23.8,23.6,22.3,0.2,1.55,1.37,0.51,86.67,22,1
"Risotto, mushroom, with cheese",720,710,4.5,27.3,27.1,26.5,0.2,1.86,1.64,0.63,103.34,95,1
"Risotto, plain, with cheese",781,773,4.9,30,30,29.3,0.2,2.04,1.81,0.66,114.1,60,1
"Risotto, prawn & mixed vegetables, with cheese",613,603,3.4,20.8,20.6,19.5,0.1,1.38,1.22,0.48,77.18,15,1
"Risotto, pumpkin, with cheese",633,621,3.7,24.5,24.2,22.4,0.2,1.55,1.37,0.5,86.48,27,1
"Flour, arrowroot",1453,1446,0.2,84.5,84.5,84.5,0,0.04,0.03,0.06,0,83,2
"Flour, chick pea (besan)",1478,1375,5.4,49.6,49.6,43.8,0,0.58,1.25,2.49,0,24,2
"Flour, cornflour, from maize starch",1529,1526,0.1,89.2,89.2,88.4,0,0,0,0,0,92,2
"Flour, cornflour, from maize & wheat starch",1442,1438,0.5,83.4,83.4,83.3,0,0.07,0.05,0.22,0,97,2
"Flour, gluten free mix (rice, soy, corn & tapioca)",1507,1499,0.7,83.5,83.5,82.1,0,0.11,0.15,0.27,0,58,2
"Flour, rice",1536,1519,1.4,80.7,80.7,80.2,0,0.27,0.43,0.49,0,56,2
"Flour, rye, wholemeal",1318,1220,2.3,54.9,54.9,53.5,0,0.29,0.29,1.08,0,23,2
"Flour, soya",1573,1492,6.7,27.8,27.8,8,0,0.97,1.48,3.78,0,67,2
"Flour, spelt",1471,1411,2.4,59.1,59.1,58.2,0,0.31,0.43,0.96,10.37,39,2
"Flour, wheat, white, plain",1498,1468,1.2,73,73,73,0,0.16,0.11,0.54,0,24,2
"Flour, wheat, white, plain, added vitamins B1, B2, B3, B6, E & folate & Fe, Mg & Zn (Jackaroo)",1417,1387,1.5,67.3,67.3,66.2,0,0.23,0.14,0.63,0,96,2
"Flour, wheat, white, self-raising",1479,1449,1.2,71.8,71.8,71.8,0,0.16,0.1,0.54,0,39,2
"Flour, wheat, white, self-raising, added vitamins B1, B2, B3, B6, E & folate & Fe, Mg & Zn (Jackaroo)",1417,1387,1.5,67.3,67.3,66.2,0,0.23,0.14,0.63,0,8,2
"Flour, wheat, white, high protein or bread making flour",1492,1461,1.2,72,72,72,0,0.16,0.11,0.54,0,10,2
"Flour, wheat, white, self-raising, added calcium & folate",1479,1449,1.2,71.8,71.8,71.8,0,0.16,0.1,0.54,0,55,2
"Flour, wheat, wholemeal, plain",1464,1375,2.1,65,65,64.2,0,0.3,0.24,0.97,0,60,2
"Flour, wheat, wholemeal, self-raising",1458,1367,2.1,65.3,65.3,64.4,0,0.3,0.24,0.97,0,50,2
"Gluten, from wheat (vital wheat gluten)",1598,1597,2.2,14.3,14.3,14.2,0,0.3,0.21,1.04,0,43,2
"Starch, potato",1332,1285,0.5,74.5,74.5,74.5,0,0.18,0.09,0.12,0,38,2
"Bacon burger, bread roll, bacon rasher, with cheese, takeaway & homemade",1085,1069,8.2,29,29,25.3,0,3.39,2.68,1.42,124.92,58,2
"Bacon burger, bread roll, bacon rasher, with cheese & salad, takeaway & homemade",744,727,5.3,20.3,20.3,16.4,0,2.2,1.73,0.92,80.85,78,1
"Bacon burger, bread roll, bacon rasher, with egg, takeaway & homemade",990,975,7.6,26.2,26.2,22.9,0,2.23,2.87,1.65,74.33,56,1
"Bacon burger, bread roll, bacon rasher, with salad, takeaway & homemade",687,669,3.6,21.6,21.6,17.5,0,0.96,1.36,0.91,25.8,61,1
"Breakfast wrap, white tortilla, bacon, egg , cheese & sauce, fast food chain",984,972,11.8,20.1,20.1,17.2,0,3.7,5.08,1.88,160.51,11,1
"Chicken burger, white roll, chicken breast, with bacon, cheese, egg & sauce, fast food chain-style",1012,1005,13,13.3,13.3,9.1,0,3.09,6.23,2.75,117.49,59,2
"Chicken burger, white roll, chicken breast, with bacon, cheese, lettuce & mayonnaise, fast food chain",891,880,8,18.8,18.8,15.1,0,2,2.65,2.89,71.09,71,1
"Chicken burger, white roll, chicken breast, with cheese, lettuce & mayonnaise, fast food chain",1051,1042,13.2,17.1,17.1,13.6,0,3.97,4.1,4.37,153.82,7,2
"Chicken burger, white roll, double chicken breast, with cheese, lettuce, chilli sauce & mayonnaise, fast food chain",1057,1046,12.8,17.9,17.9,13.8,0,3.23,4.66,4.15,125.53,9,2
"Chicken burger, white roll, chicken breast, with lettuce, tomato & mayonnaise, fast food chain",757,746,5.9,17.7,17.7,14.1,0,0.98,2.02,2.49,29.8,9,1
"Chicken burger, white roll, crumbed chicken breast, with bacon, cheese, lettuce, mayonnaise & BBQ sauce, fast food chain",952,941,9.2,20.9,20.9,15.6,0,2.12,3.33,3.2,78.29,66,1
"Chicken burger, white roll, crumbed chicken breast, with bacon, cheese, lettuce, pineapple & mayonnaise, fast food",851,839,7.7,19.4,19.4,15.1,0,1.9,2.77,2.56,71.8,65,1
"Chicken burger, white roll, crumbed chicken breast, with bacon, cheese, lettuce, tomato & mayonnaise, fast food chain",982,969,9.9,20.9,20.9,19.1,0,2.87,3.39,3.01,113.68,19,1
"Chicken burger, white roll, crumbed chicken breast, with cheese & mayonnaise, fast food chain",1207,1196,14.4,23.4,23.4,19.3,0,3.52,4.97,5.1,135.74,51,2
"Chicken burger, white roll, crumbed chicken breast, with cheese, lettuce, hash brown, mayonnaise & sauce, fast food",948,934,8.9,23.6,23.6,19.8,0,1.93,3.89,2.53,98.38,73,1
"Chicken burger, white roll, crumbed chicken breast, with cheese, lettuce, onion, tomato, relish & mayonnaise, fast food chain",947,932,9,22.5,22.5,19.7,0,2.59,3.13,2.69,106.04,73,1
"Chicken burger, white roll, crumbed chicken breast, with lettuce & mayonnaise, fast food chain",972,959,9.8,21.8,21.8,18.1,0,1.48,3.67,4.05,50.12,97,1
"Chicken roll, white roll, chicken, with mayonnaise, fast food chain",1044,1032,10.2,22.7,22.7,20.5,0,1.72,3.68,4.21,52.69,34,2
"Chicken wrap, white tortilla, coated chicken breast strips, with salad & mayonnaise, fast food chain",1089,1077,14.7,20.1,20.1,17.2,0,3.31,5.52,4.83,172.75,34,2
"Chicken wrap, white tortilla, chicken breast strips, with salad & mayonnaise, fast food chain",750,739,7.9,15.5,15.5,12.6,0,2.02,2.64,2.6,65.22,43,1
"Chicken burger, bread roll, chicken fillet or patty, takeaway & homemade",946,931,5.8,25.9,25.9,22.9,0,1.16,2.3,1.92,54.22,10,1
"Chicken burger, bread roll, chicken fillet or patty & salad, takeaway & homemade",876,861,5.1,24.1,24.1,21.8,0,1.04,2.03,1.61,49.82,58,1
"Chicken burger, bread roll, chicken fillet or patty, with bacon & salad, takeaway & homemade",710,695,4.4,17.8,17.8,15,0,1.04,1.8,1.18,39.9,44,1
"Chicken burger, bread roll, chicken fillet or patty & cheese, takeaway & homemade",993,979,7.7,24,24,21.1,0,2.59,2.67,1.86,116.41,16,1
"Chicken burger, bread roll, chicken fillet or patty, with cheese & salad, takeaway & homemade",734,721,6.7,14.1,14.1,10.8,0,2.41,2.32,1.47,106.43,89,1
"Filled bread roll, Asian-style, pork, mayonnaise, pate & vegetables",903,885,11.8,14.4,14.4,12.2,0,2.45,5.84,2.54,151.25,92,1
"Filled bread roll, commercial, bacon & egg, no sauce",1108,1087,10.4,28.5,28.5,25,0,3.33,4.4,1.87,96.07,41,2
"Filled bread roll, commercial, bacon & egg, water based sauce",1069,1049,10,27.6,27.6,24.1,0,3.2,4.22,1.79,92.22,90,2
"Filled bread roll, commercial, bacon & egg, cheese, water based sauce",1095,1077,11.6,24.6,24.6,21.5,0,4.66,4.41,1.67,160.79,59,2
"Filled bread roll, commercial, beef, no sauce",948,930,4.7,25.7,25.7,22.7,0,1.73,1.61,0.94,123.16,39,1
"Filled bread roll, commercial, beef, water based sauce",919,901,4.6,25,25,21.9,0,1.67,1.56,0.9,118.68,60,1
"Filled bread roll, commercial, beef, cheese, no sauce",985,969,6.8,23.1,23.1,20.4,0,3.27,2.05,0.91,185.09,99,1
"Filled bread roll, commercial, beef, cheese, oil based sauce",1048,1033,9.1,22.4,22.4,19.7,0,3.5,2.83,2.1,189.12,99,2
"Filled bread roll, commercial, beef, cheese & water based sauce",958,942,6.6,22.5,22.5,19.7,0,3.17,1.99,0.88,179.02,78,1
"Filled bread roll, commercial, chicken & no sauce",917,898,4.8,26.6,26.6,23.5,0,1.67,1.6,1.12,60.98,85,1
"Filled bread roll, commercial, chicken & oil based sauce",991,973,7.4,25.7,25.7,22.7,0,1.99,2.49,2.46,70.13,91,1
"Filled bread roll, commercial, chicken & water based sauce",889,870,4.6,25.9,25.9,22.7,0,1.61,1.54,1.08,58.72,58,1
"Filled bread roll, commercial, chicken, cheese & no sauce",958,941,6.9,23.9,23.9,21.1,0,3.25,2.05,1.08,130.41,26,1
"Filled bread roll, commercial, chicken, cheese & oil based sauce",1023,1007,9.2,23.2,23.2,20.4,0,3.48,2.84,2.28,136.33,94,2
"Filled bread roll, commercial, chicken, cheese & water based sauce",931,914,6.6,23.3,23.3,20.4,0,3.14,1.98,1.04,126.07,29,1
"Filled bread roll, commercial, crumbed chicken, no sauce",1135,1113,10.2,32,32,28.7,0,3.14,3.23,3.1,69.73,11,2
"Filled bread roll, commercial, crumbed chicken, cheese & no sauce",1152,1133,11.6,28.8,28.8,25.9,0,4.49,3.5,2.87,134.88,11,2
"Filled bread roll, commercial, crumbed chicken, cheese & oil based sauce",1208,1189,13.7,28,28,25.1,0,4.67,4.2,3.96,140.38,62,2
"Filled bread roll, commercial, crumbed chicken, cheese & water based sauce",1120,1101,11.3,28.1,28.1,25.1,0,4.34,3.38,2.78,130.6,55,2
"Filled bread roll, commercial, ham & salami, cheese, oil based sauce",1049,1029,10.4,23.4,23.4,20.4,0,3.94,3.55,2.29,144.05,27,2
"Filled bread roll, commercial, ham & salami, cheese, water based sauce",956,936,7.9,23.5,23.5,20.4,0,3.6,2.69,1.05,133.79,86,1
"Filled bread roll, commercial, ham, oil based sauce",1069,1044,8,32.1,32.1,28.2,0,2.05,2.49,2.95,79.63,26,2
"Filled bread roll, commercial, ham, cheese, no sauce",908,887,6.1,24.1,24.1,21.1,0,3.04,1.7,0.9,124.41,16,1
"Filled bread roll, commercial, ham, cheese, oil based sauce",975,954,8.5,23.4,23.4,20.4,0,3.28,2.5,2.11,130.53,82,1
"Filled bread roll, commercial, ham, cheese, water based sauce",883,861,5.9,23.5,23.5,20.4,0,2.94,1.64,0.87,120.27,21,1
"Filled bread roll, commercial, meatball & no sauce",830,808,5.4,25.5,25.5,21.1,0,1.67,1.98,1.23,89.52,95,1
"Filled bread roll, commercial, meatball, cheese, no sauce",875,855,7.2,23.1,23.1,19.1,0,3.1,2.35,1.17,149.77,25,1
"Filled bread roll, commercial, meatball, cheese & oil based sauce",937,917,9.3,22.5,22.5,18.5,0,3.31,3.06,2.27,154.56,12,1
"Filled bread roll, commercial, meatball, cheese & water based sauce",853,833,7,22.6,22.6,18.6,0,3,2.28,1.14,145.23,85,1
"Filled bread roll, commercial, tuna & water based sauce",1242,1226,17.7,23.7,23.7,19,0,3.02,5.79,7.93,109.57,36,2
"Filled bread roll, commercial, tuna, cheese & no sauce",1280,1265,18.9,22.1,22.1,17.8,0,4.31,5.97,7.53,166.88,96,2
"Filled bread roll, commercial, tuna, cheese & oil based sauce",1326,1311,20.5,21.6,21.6,17.3,0,4.48,6.53,8.37,170.85,93,2
"Filled bread roll, commercial, vegetable & water based sauce",950,921,5.6,34.1,34.1,27.4,0,1.33,2.03,1.76,74.22,73,1
"Filled bread roll, commercial, vegetable, cheese & no sauce",1009,982,7.6,31.7,31.7,25.6,0,2.83,2.46,1.72,138.22,26,1
"Filled bread roll, commercial, vegetable, cheese & oil based sauce",1066,1040,9.7,30.9,30.9,24.8,0,3.05,3.17,2.79,143.36,39,2
"Filled bread roll, commercial, vegetable, cheese & water based sauce",983,956,7.4,31,31,24.9,0,2.74,2.39,1.66,134.03,79,1
"Fish burger, with cheese, fast food chain",1019,1006,9,27,27,21.7,0,1.95,3.18,3.25,83.93,45,2
"Fish burger, bread roll, with salad & mayonnaise, takeaway & homemade",638,623,3.4,17.4,17.4,14.4,0,0.58,1.04,1.42,25.45,53,1
"Hamburger, no roll, beef patty, with cheese, fast food chain",1028,1024,15.5,3.4,3.4,0.2,0,7.65,5.95,0.31,479.61,86,2
"Hamburger, no roll, beef patty, with salad, takeaway & homemade",757,748,8.7,6.4,6.4,4.4,0,3.08,3.89,0.76,198.16,96,1
"Hamburger, no roll, vegetable & lentil patty, with salad, takeaway & homemade",603,576,3.9,21,21,13,0,0.48,1.81,1.22,19.24,28,1
"Hamburger, white roll, beef patty, with bacon, beetroot, cheese, egg, lettuce, onion & tomato & tomato sauce, fast food chain",873,862,10.2,14.8,14.8,10.6,0,3.74,3.55,1.95,244.37,90,1
"Hamburger, white roll, beef patty, with bacon, cheese, onion, pickles & sauce, fast food chain",1071,1057,11.7,21.4,21.4,18.6,0,5.66,4.58,0.91,386.06,20,2
"Hamburger, white roll, beef patty, with bacon, cheese, lettuce, onion rings, tomato, pickles, mayonnaise & sauce, fast food chain",1070,1060,14.5,18.6,18.6,13.5,0,4.07,4.74,4.65,284.25,88,2
"Hamburger, white roll, 2 beef patties, with bacon, cheese, lettuce, onion, pickles, tomato, mayonnaise & sauce, fast food chain",1067,1059,16,12.1,12.1,8.2,0,5.07,5.06,4.66,370.79,76,2
"Hamburger, white roll, 2 beef patties, with bacon, cheese, lettuce, tomato & mayonnaise, fast food style",1136,1128,16.5,13.8,13.8,10.9,0,5.53,5.41,4.31,340.38,80,2
"Hamburger, white roll, beef patty, with beetroot, cheese, lettuce, onion, tomato & tomato sauce, fast food chain",868,855,9.3,17.5,17.5,12.5,0,3.55,3.1,1.77,250.68,84,1
"Hamburger, white roll, beef patty, with cheese, lettuce, onion, pickles, tomato, mayonnaise & tomato sauce, fast food chain",1042,1031,14.8,17,17,11.7,0,4.23,4.41,5.1,311.07,95,2
"Hamburger, white roll, beef patty, with cheese, lettuce, sauce, fast food chain",974,961,12.2,17.6,17.6,14.7,0,4.86,4.75,2.01,66.54,22,1
"Hamburger, white roll, beef patty, with cheese, onion, pickles & sauce, fast food chain",1096,1082,12.1,22.4,22.4,19.5,0,5.88,4.71,0.94,404.87,12,2
"Hamburger, white roll, 2 beef patties, with cheese, onion, pickles & sauce, fast food chain",1104,1093,13.1,18.1,18.1,15.8,0,6.23,5.23,0.81,433.51,94,2
"Hamburger, white roll, beef patty, with cheese, sauce, fast food chain",1072,1064,12.9,15.5,15.5,11,0,6.57,4.51,0.62,378.52,84,2
"Hamburger, white roll, beef patty, with lettuce, onion, pickles & tomato, mayonnaise & sauce, fast food chain",999,988,13.6,18,18,12.4,0,3.31,4.15,5.08,273.49,67,2
"Hamburger, white roll, 2 beef patties, with lettuce, onion, pickles, tomato, mayonnaise & sauce, fast food chain",1059,1051,15.3,14,14,9.7,0,4.38,5,4.66,355.2,66,2
"Hamburger, white roll, beef patty, with pickles, tomato sauce & mustard, fast food chain",1067,1053,9.8,26.8,26.8,19.2,0,2.93,4.47,1.5,193.87,80,2
"Hamburger, bread roll, beef patty, takeaway & homemade",1009,992,6.8,28.6,28.6,25.1,0,1.99,2.72,1.39,123.57,12,2
"Hamburger, bread roll, beef patty, with avocado, cheese & salad, takeaway & homemade",768,750,6.7,18.5,18.5,15.5,0,2.54,2.59,0.91,124.17,47,1
"Hamburger, bread roll, beef patty, with bacon & cheese, takeaway & homemade",1049,1035,9,23.7,23.7,20.6,0,3.56,3.31,1.32,173.74,84,2
"Hamburger, bread roll, beef patty, with bacon, cheese & salad, takeaway & homemade",782,767,6.5,18.1,18.1,14.7,0,2.54,2.36,0.94,123.91,41,1
"Hamburger, bread roll, beef patty, with bacon & salad, takeaway & homemade",739,722,5.1,19.1,19.1,15.5,0,1.56,2.09,0.93,82.1,40,1
"Hamburger, bread roll, beef patty, with cheese, takeaway & homemade",1055,1039,8.7,26.3,26.3,23,0,3.48,3.08,1.37,185.66,8,2
"Hamburger, bread roll, beef patty, with cheese & salad, takeaway & homemade",765,748,6.1,19.5,19.5,15.9,0,2.4,2.13,0.95,128.11,78,1
"Hamburger, bread roll, beef patty, with egg & salad, takeaway & homemade",722,706,5.6,18.6,18.6,15.1,0,1.59,2.27,1.08,85.77,39,1
"Hamburger, bread roll, beef patty, with salad, takeaway & homemade",870,849,9.1,18,18,16.7,0,3.7,3.68,1.11,246.23,51,1
"Hamburger, bread roll, goat fillet or patty, with salad, takeaway & homemade",648,631,3.5,18.7,18.7,15.3,0,1.1,1.23,0.79,56.28,97,1
"Hamburger, bread roll, lamb fillet or patty, takeaway & homemade",988,971,6.3,28.3,28.3,24.8,0,1.78,2.35,1.46,201.12,10,1
"Hamburger, bread roll, lamb fillet or patty, with cheese, takeaway & homemade",1036,1020,8.2,26,26,22.7,0,3.29,2.75,1.43,256.85,70,2
"Hamburger, bread roll, lamb fillet or patty, with cheese & salad, takeaway & homemade",751,735,5.7,19.3,19.3,15.7,0,2.27,1.9,0.99,177.23,21,1
"Hamburger, bread roll, lamb fillet or patty, with salad, takeaway & homemade",702,684,4.2,20.4,20.4,16.6,0,1.19,1.58,0.98,135.04,31,1
"Hamburger, bread roll, beef patty, with avocado & cheese, takeaway & homemade",1043,1027,9.6,24.6,24.6,21.5,0,3.57,3.73,1.47,173.46,14,2
"Hamburger, bread roll, processed meat, with onion, takeaway & homemade",862,843,6,23.8,23.8,20,0,1.6,2.64,1.34,51.45,67,1
"Hot dog, bread roll, frankfurt filling",1018,999,9.6,26.3,26.3,24.7,0,3.39,4.47,1.01,65.17,14,2
"Hot dog, bread roll, frankfurt & onion filling",845,824,7.6,22.3,22.3,19.5,0,2.68,3.53,0.8,51.45,62,1
"Hot dog, bread roll, frankfurt, onion & sauce filling",813,793,7,22.4,22.4,18.1,0,2.47,3.26,0.74,47.47,57,1
"Hot dog, bread roll, frankfurt & sauce filling",962,944,8.7,26.1,26.1,22.4,0,3.07,4.04,0.91,58.92,38,1
"Hot dog, bread roll, frankfurt, cheese & sauce filling",1070,1055,12.7,21,21,17.9,0,6.26,4.58,0.93,208.2,92,2
"Hot dog, bread roll, frankfurt, cheese, onion & sauce filling",929,912,10.7,18.8,18.8,15,0,5.25,3.84,0.78,174.61,78,1
"Hot dog, bread roll, frankfurt, onion, meat & sauce filling",801,781,7.6,18.3,18.3,16.1,0,2.69,3.53,0.78,46.08,12,1
"Hot dog, bread roll, vegetarian style frankfurt filling",902,884,5.5,26,26,23.6,0,0.55,3.04,1.37,19.41,95,1
"Kebab wrap, beef, with salad, takeaway",1028,1002,11.2,21.4,21.4,19.6,0,3.63,5.15,1.34,311.24,78,2
"Kebab wrap, beef, with salad & sauce, takeaway",1002,977,10.6,21.8,21.8,19.2,0,3.43,4.93,1.3,292.87,50,2
"Kebab wrap, beef, with salad, cheese & sauce, takeaway",1043,1020,12.1,20.2,20.2,17.8,0,4.64,5.09,1.29,335.45,74,2
"Kebab wrap, chicken, with salad, takeaway",846,830,8.5,18.4,18.4,16.4,0,2.52,4.04,1.33,38.56,48,1
"Kebab wrap, chicken, with salad & sauce, takeaway",831,815,8.1,19,19,16.2,0,2.39,3.89,1.29,37.23,90,1
"Kebab wrap, chicken, with salad, cheese & sauce, takeaway",885,870,9.8,17.7,17.7,15,0,3.68,4.13,1.28,98.34,71,1
"Kebab wrap, falafel, with salad & sauce, takeaway",769,718,4.9,24.9,24.9,20.6,0,1,1.87,1.69,39.4,88,1
"Kebab wrap, lamb, with salad, takeaway",814,798,7.7,18.4,18.4,16.4,0,2.94,2.85,0.7,565.16,57,1
"Kebab wrap, lamb, with salad & sauce, takeaway",801,786,7.4,19,19,16.2,0,2.78,2.78,0.71,530.92,18,1
"Kebab wrap, lamb, with salad & sauce, homemade from basic ingredients",705,690,3.8,18.3,18.3,15.3,0,1.34,1.47,0.52,128.98,65,1
"Kebab wrap, lamb, with salad, cheese & sauce, takeaway",857,842,9.1,17.6,17.6,15,0,4.04,3.1,0.74,556.25,8,1
"Mexican nachos, corn chips, beans, with cheese & salsa",930,895,11.5,19.8,22,18.6,0,5.66,3.84,1.26,169.45,70,1
"Mexican nachos, corn chips, beans, with cheese, guacamole & salsa",899,866,12.4,16.9,18.8,15.7,0,5.39,4.87,1.42,143.33,25,1
"Mexican nachos, corn chips, beef, with cheese & salsa",1147,1131,14.9,14.3,14.3,12.7,0,6.74,5.64,1.48,283.92,97,2
"Mexican nachos, corn chips, beef, with cheese, guacamole & salsa",1091,1073,15.3,12.5,12.5,11,0,6.36,6.3,1.6,245.19,13,2
"Mexican nachos, corn chips, beef & bean, with cheese & salsa",1012,986,12.7,16.6,17.8,15.2,0,5.94,4.58,1.32,219.07,29,2
"Mexican nachos, corn chips, beef & bean, with cheese, guacamole & salsa",973,947,13.4,14.4,15.5,13.1,0,5.66,5.4,1.46,188.75,19,1
"Mexican nachos, corn chips, with cheese, guacamole, salad & salsa",969,944,15,16.5,16.5,14.7,0,6.58,5.88,1.72,179.9,77,1
"Mexican nachos, corn chips, with cheese & salsa",1083,1058,14.9,22,22,19.3,0,7.49,4.96,1.64,231.74,100,2
"Mexican nachos, corn chips, with cheese, salad & salsa",842,821,11.4,17.3,17.3,14.7,0,5.71,3.78,1.25,176.7,76,1
"Mexican nachos, corn chips, with salsa",980,950,11.6,26.6,26.6,23.4,0,4.8,4.48,1.75,94.65,24,1
"Mexican taco, hard shell, bean, with cheese & salsa",775,740,9,16,18.5,14.8,0,4.75,2.79,0.81,159.76,68,1
"Mexican taco, hard shell, bean, with cheese, salad & salsa",577,549,6.5,12,13.9,10.6,0,3.42,2.01,0.59,114.92,96,1
"Mexican taco, hard shell, beef, with cheese & salsa",1058,1042,13.5,11.7,11.7,9.8,0,6.36,4.95,1.18,290.95,45,2
"Mexican taco, hard shell, beef, with cheese, salad & salsa",789,775,9.9,9.1,9.1,7.2,0,4.63,3.61,0.86,211.88,39,1
"Mexican taco, hard shell, beef, with salad & salsa",701,685,7.6,10,10,8,0,2.87,3.2,0.83,136.4,37,1
"Mexican taco, hard shell, beef & bean, with cheese & salsa",920,894,11.3,13.8,15.1,12.2,0,5.57,3.89,1,226.67,12,1
"Mexican taco, hard shell, beef & bean, with cheese, salad & salsa",685,664,8.2,10.5,11.4,8.9,0,4.03,2.82,0.72,164.11,60,1
"Mexican taco, hard shell, chicken, with cheese, salad & salsa",716,701,8.5,9.1,9.1,7.2,0,3.83,3.09,1.02,126.66,40,1
"Mexican taco, hard shell, chicken, with salad & salsa",619,603,6,10,10,8,0,1.98,2.63,1,41.56,95,1
"Mexican taco, hard shell, chicken & bean, with cheese, salad & salsa",648,626,7.5,10.5,11.4,8.9,0,3.63,2.56,0.8,120.83,20,1
"Mexican wrap, bean, with cheese, guacamole, salad & salsa",581,558,5.7,15.2,16.5,13.7,0,2.2,2.14,0.84,75.2,90,1
"Mexican wrap, bean, with cheese & salsa",765,736,6.2,22.3,24.8,21.2,0,2.79,1.83,0.95,112.33,26,1
"Mexican wrap, bean, with cheese, salad & salsa",566,544,4.5,16.6,18.1,15,0,2.03,1.32,0.69,82.61,74,1
"Mexican wrap, bean, with salad & salsa",492,468,2.6,17.7,19.4,16.1,0,0.68,0.88,0.66,23.55,6,1
"Mexican wrap, beef & bean, with cheese, salad & salsa",628,611,5.1,15.2,16,13.5,0,2.16,1.62,0.81,98.63,88,1
"Mexican wrap, beef, with cheese & salsa",956,945,7.9,17.9,17.9,16.2,0,3.19,2.76,1.3,162.75,21,1
"Mexican wrap, beef, with cheese, salad & salsa",690,679,5.6,14,14,12.1,0,2.29,1.9,0.92,114.17,57,1
"Mexican wrap, beef, with cheese, guacamole & salsa",930,918,9,16,16,14.4,0,3.28,3.65,1.42,144.22,49,1
"Mexican wrap, beef, with cheese, guacamole, salad & salsa",694,681,6.7,12.9,12.9,11,0,2.44,2.66,1.04,104.21,43,1
"Mexican wrap, beef, with salad & salsa",627,615,3.9,15,15,12.9,0,1.01,1.52,0.91,59.26,99,1
"Mexican wrap, beef & bean, with cheese & salsa",862,843,7.1,20.1,21.3,18.7,0,3,2.31,1.13,138.06,63,1
"Mexican wrap, beef & bean, with cheese, guacamole, salad & salsa",638,620,6.2,14,14.7,12.3,0,2.32,2.4,0.94,89.91,97,1
"Mexican wrap, beef & bean, with salad & salsa",560,542,3.2,16.3,17.1,14.5,0,0.85,1.21,0.78,41.69,89,1
"Mexican wrap, with cheese & salsa",1245,1233,14.8,27.8,27.8,26.1,0,8.03,3.95,1.66,348.9,15,2
"Mexican wrap, chicken, with cheese & salsa",941,930,8.8,17.9,17.9,16.2,0,3.38,3.28,1.51,128.28,96,1
"Mexican wrap, chicken, with cheese, salad & salsa",682,671,6.2,14.1,14.1,12,0,2.4,2.23,1.05,92.82,23,1
"Mexican wrap, chicken, with cheese, guacamole & salsa",917,905,9.8,16,16,14.4,0,3.44,4.1,1.6,113.68,72,1
"Mexican wrap, chicken, with cheese, guacamole, salad & salsa",687,674,7.2,12.9,12.9,11,0,2.54,2.95,1.16,84.72,78,1
"Mexican wrap, chicken, with salad & salsa",619,606,4.5,15,15,12.9,0,1.13,1.87,1.04,36.38,36,1
"Mexican wrap, chicken & bean, with cheese & salsa",883,864,7.8,21.4,22.5,19.9,0,3.27,2.62,1.29,129.33,68,1
"Mexican wrap, chicken & bean, with cheese, salad & salsa",625,608,5.4,15.3,16,13.5,0,2.22,1.78,0.87,87.79,73,1
"Mexican wrap, chicken & bean, with salad & salsa",556,538,3.5,16.4,17.2,14.5,0,0.91,1.38,0.86,30.07,73,1
"Mexican wrap, fish, with cheese, guacamole, salad & salsa",704,691,7.7,12.9,12.9,11,0,2.53,3.24,1.3,94.12,92,1
"Mexican wrap, with cheese, guacamole, salad & salsa",752,738,9.7,15.3,15.3,13.5,0,4.58,3.22,1.11,179.72,36,1
"Muffin, English style, with bacon, cheese & egg, fast food chain",916,903,9.3,19.3,19.3,18.2,0,2.85,3.89,1.52,86.06,57,1
"Muffin, English style, with bacon & beef sausage patty, fast food chain",965,950,9.5,21.1,21.1,19.8,0,4.1,3.76,0.63,408.97,23,1
"Muffin, English style, with beef sausage patty, cheese & egg, fast food chain",997,986,12.6,17.3,17.3,16.4,0,4.99,4.96,1.29,361.19,51,2
"Pizza, bacon & egg, thick base, BBQ sauce, fast food chain",1030,1018,10.1,26.4,26.4,23.6,0,3.84,4.58,0.91,86.96,22,2
"Pizza, bacon & egg, thin base, BBQ sauce, fast food chain",1015,1004,9.8,26.1,26.1,23.1,0,3.97,4.13,0.87,94.1,94,2
"Pizza, cheese & pesto, purchased frozen, uncooked",1038,1013,10.4,26.5,26.5,18.5,0,4.46,3.78,1.6,0,23,2
"Pizza, cheese & tomato, purchased frozen, baked",1169,1150,9.9,29.7,29.7,25.5,0,5.68,2.26,1.08,191.83,42,2
"Pizza, cheese & tomato, thick base, takeaway style or homemade",1127,1110,10.1,30.5,30.5,29,0,5.27,3.25,0.56,227.83,88,2
"Pizza, cheese & tomato, thin base, takeaway style",1125,1109,11.5,25.9,25.9,24.2,0,6.43,3.45,0.54,284.79,10,2
"Pizza, cheese & tomato, thick base, fast food chain",1128,1112,11.4,28.4,28.4,27,0,5.32,4.38,0.69,217.92,58,2
"Pizza, cheese & tomato, thin base, fast food chain",1114,1099,11.9,25.4,25.4,23.7,0,6.28,3.89,0.6,272.41,98,2
"Pizza, cheese & tomato, flat bread base, homemade",1184,1161,10.4,29.4,29.4,26.2,0,6.32,2.55,0.5,288.76,83,2
"Pizza, chicken & bacon, BBQ sauce, purchased frozen, baked",1010,995,7.5,28.6,28.5,23.3,0,3.46,2.38,1.06,102.86,16,2
"Pizza, chicken & bacon, thick base, BBQ sauce, takeaway style or homemade",1005,992,8.1,27.5,27.5,24.8,0,3.46,3.3,0.73,86.68,65,1
"Pizza, chicken & bacon, thin base, BBQ sauce, takeaway style",996,984,8.5,25.5,25.5,22.6,0,3.75,3.4,0.74,95.62,50,1
"Pizza, chicken & bacon, thick base, BBQ sauce, fast food chain",1044,1032,9.6,26.7,26.6,24,0,3.68,4.41,0.86,86.28,57,2
"Pizza, chicken & bacon, thin base, BBQ sauce, fast food chain",1028,1016,9.3,26,25.9,23.1,0,3.86,3.94,0.81,95.12,51,2
"Pizza, chicken & vegetable, thick base, takeaway style & homemade",1064,1049,10.5,24.4,24.4,22.8,0,4.37,4.53,0.75,157.69,47,2
"Pizza, chicken & vegetable, thin base, takeaway style",1058,1045,11.9,20.1,20.1,18.3,0,5.2,4.99,0.77,192.94,86,2
"Pizza, chicken & vegetable, thin base, fast food chain",1088,1076,12.5,20.5,20.5,18.8,0,5.3,5.45,0.83,192.94,90,2
"Pizza, chicken & vegetable, flat bread base, homemade",1102,1084,11.1,22.6,22.6,19.8,0,5.16,4.33,0.74,198.2,85,2
"Pizza, ham & cheese, frozen, baked",1047,1031,9.7,25.1,25.1,24.2,0,4.68,3.47,0.64,176.29,62,2
"Pizza, ham & cheese, thick base, takeaway style & homemade",1062,1045,9.3,27.2,27.2,26.6,0,4.3,3.45,0.66,157.3,91,2
"Pizza, ham & cheese, thin base, takeaway style",1068,1054,10.9,22.3,22.3,21.7,0,5.54,3.74,0.66,214.86,33,2
"Pizza, ham & cheese, thin base, fast food chain",1139,1126,12.6,22.9,22.9,22.3,0,6.33,4.39,0.72,251.63,9,2
"Pizza, ham & cheese, flat bread base, homemade",1084,1062,8.5,26,26,23.9,0,4.93,2.25,0.5,215.6,26,2
"Pizza, ham & pineapple, purchased frozen, baked",961,936,6,28.3,28.3,23.4,0,2.58,2.08,0.87,119.05,65,1
"Pizza, ham & pineapple, thick base, takeaway style & homemade",1006,989,8.2,28.7,28.7,26.6,0,3.92,2.94,0.55,154.29,95,2
"Pizza, ham & pineapple, thin base, takeaway style",984,969,9.3,24.1,24.1,21.7,0,4.75,3.09,0.54,192.87,40,1
"Pizza, ham & pineapple, thick base, fast food chain",1073,1050,8.1,31.5,31.5,27,0,3.88,2.41,1.29,205.58,12,2
"Pizza, ham & pineapple, thin base, fast food chain",998,975,8.5,26,26,23.2,0,3.36,2.72,1.52,215.73,59,1
"Pizza, lamb, thick base, takeaway style & homemade",979,965,9.2,25.1,25.1,22.9,0,3.66,3.83,0.74,308.42,51,1
"Pizza, meat lovers, BBQ sauce, purchased frozen, baked",1180,1166,10.2,32.1,32.1,22.3,0,4.89,3.42,1.09,161.12,54,2
"Pizza, meat lovers, thick base, takeaway style & homemade",1143,1128,10.5,30.8,30.8,27.8,0,4.34,4.54,0.76,154.84,32,2
"Pizza, meat lovers, thin base, takeaway style",1163,1151,12.5,25.9,25.9,23,0,5.35,5.36,0.84,192.48,17,2
"Pizza, meat lovers, thick base, BBQ sauce, fast food chain",1168,1155,11.7,30.7,30.7,25.9,0,4.39,5.53,0.87,147.37,70,2
"Pizza, meat lovers, thin base, fast food chain",1168,1158,12.5,27.8,27.8,22.3,0,5.11,5.54,0.86,179.62,26,2
"Pizza, pepperoni, purchased frozen, baked",1263,1244,11.4,33.3,33.3,29,0,5.21,4.06,1.36,150.4,12,2
"Pizza, pepperoni, thick base, takeaway style & homemade",1242,1225,11.7,33.9,33.9,32.7,0,4.77,5.23,0.87,148.02,51,2
"Pizza, pepperoni, thin base, takeaway style",1320,1306,15.5,27.9,27.9,26.8,0,6.65,6.83,1.03,206.45,89,2
"Pizza, pepperoni, thick base, fast food chain",1241,1225,13.2,31.4,31.4,30.4,0,4.86,6.42,1,141.23,22,2
"Pizza, pepperoni, thin base, fast food chain",1300,1287,15.7,27.2,27.2,26.2,0,6.48,7.16,1.07,196.88,11,2
"Pizza, pepperoni, flat bread base, homemade",1384,1362,14.4,31.7,31.7,29,0,6.61,5.87,0.99,215.07,79,2
"Pizza, prawn & vegetable, thick base, takeaway style & homemade",1030,1015,10.1,24.4,24.4,22.8,0,4.26,4.34,0.71,156.86,17,2
"Pizza, prawn & vegetable, thin base, takeaway style",1025,1013,11.6,20,20,18.2,0,5.11,4.83,0.73,192.02,79,2
"Pizza, prosciutto, thick base, takeaway style & homemade",1164,1147,9.3,33.7,33.7,32.6,0,3.82,3.84,0.77,126.47,66,2
"Pizza, seafood, thin base, purchased frozen, baked",922,907,6.9,24.4,24.4,21.1,0,3.22,2.11,0.98,98.56,81,1
"Pizza, seafood, thick base, takeaway style & homemade",886,873,7.2,22.8,22.8,21.6,0,3.08,2.84,0.65,80.2,42,1
"Pizza, seafood, thin base, takeaway style",867,855,7.5,20.5,20.5,19.4,0,3.31,2.88,0.65,87.67,75,1
"Pizza, seafood, thick base, fast food chain",921,908,8.5,22.1,22.1,20.9,0,3.28,3.81,0.76,79.86,94,1
"Pizza, seafood, thin base, fast food chain",894,883,8.2,20.9,20.9,19.8,0,3.4,3.36,0.72,87.26,40,1
"Pizza, supreme, purchased frozen, baked",1142,1116,11.6,26.3,26.3,25.4,0,5.39,4.3,0.9,295.68,90,2
"Pizza, supreme, thick base, takeaway style & homemade",1095,1079,11.1,26.9,26.9,25.1,0,4.66,4.76,0.76,171.42,93,2
"Pizza, supreme, thin base, takeaway style",1129,1114,13.1,22.9,22.9,20.9,0,5.77,5.46,0.81,217.89,11,2
"Pizza, supreme, thick base, fast food chain",1044,1024,9,27.6,27.6,25.2,0,4.3,2.67,1.44,228.42,57,2
"Pizza, supreme, thin base, fast food chain",1022,998,8.7,25.7,25.7,24.7,0,3.44,2.86,1.39,220.81,52,2
"Pizza, supreme, stuffed crust, fast food chain",1107,1093,12.5,23.2,23.2,21.5,0,5.77,4.99,0.75,225.33,13,2
"Pizza, supreme, flat bread base, homemade",1179,1158,12.2,25.8,25.8,22.6,0,5.73,4.71,0.77,223.88,34,2
"Pizza, tomato sauce, thick base, takeaway style or homemade",1176,1151,4.3,50.5,50.5,49.3,0,0.63,2.52,0.66,0,56,2
"Pizza, vegetable, purchased frozen, baked",1006,984,6.9,31.3,31.2,26.1,0,3.36,1.86,1.01,114.18,11,1
"Pizza, vegetable, thick base, takeaway style & homemade",935,916,7.2,29.1,28.9,26.6,0,3.12,2.8,0.54,125.62,70,1
"Pizza, vegetable, thin base, takeaway style",955,935,8.4,26.4,26.3,23.4,0,3.96,3.09,0.55,165.17,53,1
"Pizza, vegetable, thick base, fast food chain",959,940,8.6,27.6,27.5,25.2,0,3.3,3.92,0.66,122.55,89,1
"Pizza, vegetable, thin base, fast food chain",966,948,9,26.3,26.1,23.3,0,3.98,3.58,0.61,160.77,63,1
"Pizza, vegetable, flat bread base, homemade",1011,984,7.4,29.7,29.6,25.3,0,3.91,2.24,0.51,171.9,50,2
"Pizza, vegetable, gluten free base, takeaway style & homemade",895,867,7.9,25.1,24.9,21.8,0,3.53,2.62,1.03,161.57,80,1
"Sandwich or roll, filled with canned spaghetti, toasted",618,599,2.8,23.6,23.6,19.5,0,0.54,1.04,1.04,19.19,65,1
"Sandwich or roll, filled with cheese",1223,1198,13.3,27.7,27.7,25.9,0,6.32,3.85,2.2,265.56,49,2
"Sandwich or roll, filled with cheese, toasted",1456,1426,15.8,33,33,30.8,0,7.52,4.58,2.62,316.14,34,2
"Sandwich or roll, filled with chicken",907,886,5.9,24.5,24.5,23,0,1.23,2.33,1.89,37.93,61,1
"Sandwich or roll, filled with chicken & salad",653,632,4,18,18,15.6,0,0.83,1.58,1.28,25.68,69,1
"Sandwich or roll, filled with egg",979,957,11.8,20.3,20.3,18.9,0,2.34,4.41,3.9,45.65,22,1
"Sandwich or roll, filled with ham",974,944,6.2,30.5,30.5,28.5,0,1.26,2.32,2.14,40.04,66,1
"Sandwich or roll, filled with ham & cheese",1102,1078,11.6,23.6,23.6,21.9,0,5.44,3.4,1.89,224.16,49,2
"Sandwich or roll, filled with ham & cheese, toasted",961,937,9.3,22.3,22.3,20.3,0,4.31,2.74,1.59,177.95,52,1
"Sandwich or roll, filled with ham & salad",649,623,3.9,20.6,20.6,17.7,0,0.78,1.44,1.33,24.84,32,1
"Sandwich or roll, filled with ham & tomato, toasted",879,849,5.5,27.6,27.6,25.1,0,1.11,2.04,1.88,35.18,11,1
"Sandwich or roll, filled with peanut butter",1295,1259,13,34.8,34.8,31.7,0,2.36,6.95,2.83,64.1,88,2
"Sandwich or roll, filled with roast beef or lamb",917,901,6.8,17.6,17.6,16.6,0,1.92,2.66,1.54,181.44,28,1
"Sandwich or roll, filled with roast beef or lamb & salad",707,690,5,14.1,14.1,12.2,0,1.42,1.96,1.13,133.63,19,1
"Sandwich or roll, filled with salad",507,482,2.9,17.6,17.6,14.1,0,0.54,1.04,1.04,19.17,22,1
"Sandwich or roll, filled with tuna",881,863,6.9,19.6,19.6,18.1,0,1.36,2.23,2.83,45.36,24,1
"Sandwich or roll, filled with tuna & salad",667,649,5,15.3,15.3,13,0,0.98,1.61,2.04,32.67,11,1
"Sandwich or roll, filled with vegemite",1076,1040,6.7,36.1,36.1,33.8,0,1.28,2.5,2.44,45.27,43,2
"Sandwich or roll, filled with vegemite & cheese",1194,1168,12.6,26.8,26.8,25,0,5.99,3.68,2.08,251.5,7,2
"Sandwich or roll, not further defined",885,861,7,23.6,23.6,21.4,0,1.76,2.58,2.1,65.41,89,1
"Sandwich or roll, not further defined, toasted",1267,1235,11.9,31.3,31.3,28.7,0,5.13,3.6,2.29,210.48,71,2
"Wrap, filled, not further defined",465,442,1.7,18.9,18.9,14.6,0,0.44,0.49,0.47,14.1,96,1
"Steak sandwich, bread roll, beef steak, takeaway & homemade",886,878,8.2,13.8,13.8,12.2,0,2.63,3.73,1.05,266.3,74,1
"Steak sandwich, bread roll, beef steak, with cheese, takeaway & homemade",938,931,9.9,12.8,12.8,11.3,0,3.98,4,1.06,313.54,97,1
"Steak sandwich, bread roll, beef steak, with cheese & salad, takeaway & homemade",695,685,7,10.3,10.3,7.9,0,2.8,2.81,0.74,220.61,96,1
"Steak sandwich, bread roll, beef steak, with salad, takeaway & homemade",645,634,5.7,10.8,10.8,8.4,0,1.81,2.56,0.72,182.85,22,1
"Vegetable burger, bread roll, vegetable patty, with cheese, lettuce, onion, sauce & mayonnaise, fast food chain",976,959,12.6,22.8,22.8,17.1,0,2.72,3.39,5.8,189.2,68,1
"Vegetable or lentil burger, bread roll, vegetable patty, takeaway & homemade",909,882,4.3,35.3,35.3,28.2,0,0.61,1.7,1.64,28.09,28,1
"Vegetable or lentil burger, bread roll, vegetable patty, with cheese, takeaway & homemade",957,932,6.3,32.7,32.7,26.2,0,2.04,2.1,1.6,90.68,87,1
"Vegetable or lentil burger, bread roll, vegetable patty, with cheese & salad, takeaway & homemade",717,693,4.5,24.6,24.6,18.7,0,1.46,1.5,1.14,64.67,42,1
Apple pie,670,645,3.1,25.9,25.9,19.7,0,0.42,1.19,1.15,19.59,79,1
Baby back ribs,1468,1424,1.6,69.5,69.5,69,0,0.28,0.31,0.6,0,24,2
Beef carpaccio,567,550,0.6,26.8,26.8,26.7,0,0.11,0.12,0.23,0,41,1
Beef tartare,608,594,1,26.5,26.5,26.5,0,0.46,0.36,0.1,1.56,96,1
Beef salad,1479,1458,1.5,69.8,69.8,69.8,0,0.31,0.28,0.52,1.57,45,2
Beignets,601,586,0.6,27.4,27.4,27.4,0,0.12,0.12,0.24,0.67,87,1
Bibimbap,1851,1784,19,54.3,54.3,54.3,0,8.66,6.77,1.95,104.95,36,2
Bread pudding,750,722,7.7,22,22,22,0,3.51,2.74,0.79,42.5,58,1
Beignets,281,271,2.9,8.3,8.3,8.3,0,1.32,1.03,0.3,15.95,86,1
Breakfast burrito,1920,1851,19.7,56.4,56.4,56.4,0,8.98,7.02,2.02,108.89,22,2
Bruschetta,778,749,8,22.8,22.8,22.8,0,3.64,2.84,0.82,44.1,83,1
Caesar salad,292,281,3,8.6,8.6,8.6,0,1.37,1.07,0.31,16.55,59,1
Cannoli,851,823,10,22.7,22.7,22.7,0,3.87,4.02,1.37,56.87,73,1
Caprese salad,658,630,2,26.8,26.8,26.8,0,0.91,0.71,0.21,11.04,18,1
Carrot cake,247,236,0.8,10.1,10.1,10.1,0,0.34,0.27,0.08,4.14,90,1
Ceviche,658,630,2,26.8,26.8,26.8,0,0.91,0.71,0.21,11.04,99,1
Cheesecake,247,236,0.8,10.1,10.1,10.1,0,0.34,0.27,0.08,4.14,27,1
Cheese plate,688,663,6.9,20.5,20.5,20.5,0,3.14,2.46,0.71,38.08,38,1
Chicken curry,366,362,0.3,19.1,19.1,19.1,0,0,0,0,0,10,1
Chicken quesadilla,627,609,3.8,23.3,23.3,23.3,0,1.68,1.32,0.41,19.52,52,1
Chicken wings,545,532,1,24.3,24.3,24.3,0,0.41,0.32,0.11,3.23,51,1
Chocolate cake,639,630,0.7,32.4,32.4,32.4,0,0.28,0.08,0.19,14.87,52,1
Chocolate mousse,639,630,0.7,32.4,32.4,32.4,0,0.28,0.08,0.19,14.87,48,1
Churros,1458,1433,1.4,68.5,68.5,68.5,0,0.24,0.14,0.58,1.62,12,2
Clam chowder,510,494,0.1,23.8,23.8,23.7,0,0.01,0.01,0.03,0.09,88,1
Club sandwich,506,491,0.3,24.6,24.6,24.6,0,0.05,0.03,0.12,0.34,76,1
Crab cakes,1152,1126,3.4,49.4,49.4,48.5,0,0.41,1.06,0.92,128.14,42,2
Creme brulee,682,660,3,27.1,27.1,26,0,0.36,0.93,0.81,112.84,12,1
Croque madame,703,691,2.3,28.8,28.8,28.7,0,0.55,0.8,0.46,2.1,13,1
Cup cakes,702,690,2.3,28.8,28.8,28.7,0,0.55,0.8,0.46,2.09,18,1
Deviled eggs,1487,1466,1.5,70.2,70.2,70.2,0,0.32,0.28,0.53,1.58,75,2
Donuts,601,586,0.6,27.4,27.4,27.4,0,0.12,0.12,0.24,0.67,76,1
Dumplings,564,548,0.6,25.6,25.6,25.6,0,0.12,0.11,0.22,0.63,14,1
Edamame,1453,1365,2.1,68.3,68.3,68.3,0,0.29,0.55,0.93,3.01,27,2
Eggs benedict,503,465,0.7,23.1,23.1,23.1,0,0.1,0.19,0.33,1.06,72,1
Escargots,1525,1490,1.3,73.1,73.1,70.4,0,0.22,0.1,0.55,1.48,9,2
Falafel,554,543,0.4,27.3,27.3,27.1,0,0.06,0.04,0.16,0.46,18,1
Filet mignon,554,543,0.4,27.3,27.3,27.1,0,0.06,0.04,0.16,0.46,43,1
Fish and chips,1404,1324,2.2,60.6,60.6,60.6,0,0.33,0.27,0.98,2.69,15,2
Foie gras,579,534,0.8,24.6,24.6,24.6,0,0.11,0.1,0.36,0.98,73,1
French fries,579,534,0.8,24.6,24.6,24.6,0,0.11,0.1,0.36,0.98,56,1
French onion soup,629,613,3.9,21.3,21.3,21,0,1.28,1.59,0.68,121.99,89,1
French toast,444,425,2.8,13.5,13.5,12.5,0,1.02,0.77,0.42,113.01,59,1
Fried calamari,419,403,2.6,11.9,11.9,11.3,0,1.25,0.71,0.22,72.95,9,1
Fried rice,536,523,3,18.6,18.6,17.5,0,1.43,0.87,0.46,62.1,35,1
Frozen yogurt,603,589,1.2,26.8,26.8,26.8,0,0.29,0.39,0.29,1.6,22,1
Garlic bread,555,538,0.7,25,25,24.7,0,0.12,0.2,0.18,13.96,96,1
Gnocchi,554,537,4.8,12.7,12.7,9.6,0,2.6,1.23,0.4,157.94,41,1
Greek salad,511,496,4.3,11.4,11.4,9.1,0,2.55,1.03,0.18,157.94,67,1
Grilled cheese sandwich,555,543,4.3,9,9,7.2,0,2.32,1.23,0.28,137.16,28,1
Grilled salmon,485,471,3.3,15.3,15.3,12.5,0,1.05,1.4,0.51,64.24,33,1
Guacamole,559,541,3.4,21.1,21.1,19.8,0,1.9,0.74,0.41,30.15,66,1
Gyoza,467,456,3.7,10.9,10.8,9.7,0,1.03,1.59,0.65,64.99,97,1
Hamburger,469,452,0.9,21.3,21.3,19.4,0,0.13,0.16,0.43,0,65,1
Hot and sour soup,726,716,7.5,15.2,15,13,0,3.24,2.6,0.96,184.93,98,1
Hot dog,713,701,7.2,15.5,15.4,13.1,0,3.15,2.44,0.91,178.66,59,1
Huevos rancheros,563,546,6,12.7,12.7,10.2,0,3.12,1.97,0.5,157.72,87,1
Hummus,713,701,7.2,15.5,15.4,13.1,0,3.15,2.44,0.91,178.66,23,1
Ice cream,649,638,5.3,15.7,15.7,13,0,2.6,1.45,0.63,135.99,84,1
Lasagna,506,489,5.8,11,10.8,7.1,0,2.25,2.03,0.89,126.47,47,1
Lobster bisque,645,634,5.3,20.3,20.3,19.4,0,3.28,1.28,0.27,209.92,67,1
Lobster roll sandwich,614,603,4.9,15.2,15.2,14.3,0,1.33,2.35,0.65,75.34,8,1
Macaroni and cheese,593,582,4.7,14.7,14.6,13.7,0,1.27,2.25,0.62,72.33,47,1
Macarons,507,490,3.9,15.4,15.4,13,0,0.92,1.95,0.61,58.24,98,1
Miso soup,491,474,3.5,15.5,15.5,13.6,0,0.79,1.78,0.54,48.42,84,1
Mussels,563,550,3.7,14.4,14.4,13.3,0,1.11,1.75,0.44,76.99,99,1
Nachos,545,532,3.7,13.7,13.6,12.7,0,1.08,1.8,0.44,73.32,22,1
Omelette,878,867,12.9,14.8,14.8,14.3,0,5.53,5.12,1.29,275.12,49,1
Onion rings,805,794,10.2,14.8,14.7,14.3,0,4.42,3.77,1.11,255.82,91,1
Oysters,847,837,12.1,14.3,14.3,13.8,0,5.67,4.49,1.03,297.29,44,1
Pad thai,884,872,13.4,16.4,16.4,14.8,0,6.16,4.79,1.4,387.04,41,1
Paella,887,874,13.1,16.6,16.5,15.4,0,5.88,4.83,1.37,345.22,54,1
Pancakes,835,824,11.2,14.5,14.5,13.5,0,5.02,4.11,1.23,300.2,70,1
Panna cotta,818,807,11.1,14.8,14.7,13.7,0,4.92,3.97,1.3,303.57,89,1
Peking duck,817,801,11.5,16.3,16.2,14.9,0,5.22,4.15,1.25,321.71,6,1
Pho,500,483,4.1,15.9,15.9,14.3,0,2.52,1.02,0.21,48.55,96,1
Pizza,565,548,6.1,14.7,14.7,13.1,0,2.8,2.3,0.57,59.39,80,1
Pork chop,564,548,5,14.4,14.4,13.1,0,2.19,1.88,0.55,48.86,79,1
Poutine,580,563,5.3,14.4,14.4,13.1,0,2.44,1.94,0.46,77.38,19,1
Prime rib,547,531,4.8,14.5,14.5,13.1,0,2.1,1.67,0.64,48.62,50,1
Pulled pork sandwich,523,502,4.7,15.6,15.5,13.9,0,2.13,1.66,0.48,46.95,78,1
Ramen,753,738,10.6,15.6,15.6,13.3,0,5.05,3.62,1.08,352.93,52,1
Ravioli,757,741,11,13.8,13.7,11.5,0,5,4.04,1.12,315,92,1
Red velvet cake,709,695,7.9,15.5,15.5,14.2,0,3.63,2.76,0.87,245.59,88,1
Risotto,740,726,8.7,15.5,15.5,14.2,0,3.99,3.07,0.87,272.47,30,1
Samosa,702,688,8,15.6,15.6,14.2,0,3.6,2.72,0.99,247.97,9,1
Sashimi,708,689,9.3,15.5,15.4,13.6,0,4.32,3.2,0.99,297.25,9,1
Scallops,865,849,10.3,22.7,22.7,22.4,0,3.39,4.78,1.2,224.66,47,1
Seaweed salad,677,662,8.2,16.5,16.5,15.8,0,2.76,3.82,0.93,164.1,6,1
Shrimp and grits,657,645,7.4,14.7,14.7,14.2,0,2.37,3.43,0.9,146.94,95,1
Spaghetti bolognese,652,640,7.4,16,16,15.5,0,2.38,3.36,0.92,156.74,91,1
Spaghetti carbonara,643,629,7.5,17,16.9,16.2,0,2.45,3.45,0.87,162.35,50,1
Spring rolls,530,514,4.2,17.6,17.6,15.9,0,0.74,2.2,0.79,25.3,48,1
Steak,570,555,5.4,16.4,16.4,15.1,0,1.18,2.81,0.88,33.69,41,1
Strawberry shortcake,557,544,4.2,15.7,15.7,14.7,0,0.78,2.21,0.79,24.39,63,1
Sushi,537,524,4,15.7,15.7,14.6,0,0.73,2.02,0.83,24.29,55,1
Tacos,514,498,4.2,16.5,16.5,15.2,0,0.74,2.28,0.78,24.12,32,1
Takoyaki,454,435,2.5,16.7,16.7,13.8,0,0.38,1.2,0.6,18.46,80,1
Tiramisu,495,476,3.7,15.9,15.9,13.3,0,0.8,1.81,0.7,26.71,49,1
Tuna tartare,486,469,2.7,15,15,12.9,0,0.49,1.3,0.59,18.22,62,1
Waffles,476,459,2.8,15.2,15.2,12.9,0,0.44,1.25,0.71,20.52,75,1
"Pasta dish, homemade, cooked unfilled pasta, commercial tomato based sauce, added vegetables",442,423,2.5,16,16,13.5,0,0.37,1.25,0.57,16.89,49,1
"Pasta dish, homemade, cooked unfilled pasta, homemade tomato based sauce",407,391,2,15.2,15.2,13.5,0,0.33,1.11,0.37,13.66,83,1
"Pasta dish, homemade, cooked unfilled pasta, homemade tomato based sauce, added bacon, with or without added vegetables",513,497,4.5,14.5,14.5,13.1,0,1.18,2.3,0.64,36.39,99,1
"Pasta dish, homemade, cooked unfilled pasta, homemade tomato based sauce, added chicken, with or without added vegetables",484,469,2.5,14.9,14.9,13.7,0,0.49,1.26,0.45,20.1,67,1
"Pasta dish, homemade, cooked unfilled pasta, homemade tomato based sauce, added liver, with or without added vegetables",501,484,3.1,16.3,16.2,14.8,0,0.64,1.35,0.57,56.62,70,1
"Pasta dish, homemade, cooked unfilled pasta, homemade tomato based sauce, added mixed seafood, with or without added vegetables",463,448,2.3,15.1,15.1,13.7,0,0.39,1.12,0.46,21.22,15,1
"Pasta dish, homemade, cooked unfilled pasta, homemade tomato based sauce, added salmon or tuna, with or without added vegetables",483,468,2.8,15,15,13.8,0,0.49,1.27,0.71,24.1,19,1
"Pasta dish, homemade, cooked unfilled pasta, homemade tomato based sauce, added vegetables",416,397,2.5,14.4,14.4,12.8,0,0.4,1.36,0.46,19.54,39,1
"Pasta dish, cooked unfilled pasta, commercial tomato based sauce, added meat",517,501,3.4,15.5,15.5,13.4,0,0.79,1.57,0.64,38.42,91,1
"Pasta dish, cooked unfilled pasta, homemade tomato based sauce, added meat",519,505,3.3,15.4,15.4,14.3,0,0.82,1.55,0.51,42.42,30,1
"Pasta dish, cooked filled pasta, beef bolognese sauce",512,498,5.6,10,9.9,8.6,0,1.49,2.67,0.93,103.66,95,1
"Pasta dish, cooked filled pasta, dairy based sauce",694,680,11,11.6,11.6,9.5,0,5.3,3.72,1.09,303.71,77,1
"Pasta dish, cooked filled pasta, dairy based sauce, added bacon, with or without added vegetables",702,689,10.5,11.9,11.9,10.2,0,4.88,3.78,1.05,271.78,95,1
"Pasta dish, cooked filled pasta, dairy based sauce, added meat",665,652,8.9,11,11,9.4,0,4.17,3.09,0.94,241.72,62,1
"Pasta dish, cooked filled pasta, dairy based sauce, added vegetables",619,599,8.7,11.8,11.7,9.7,0,4.06,2.98,0.92,233.68,7,1
"Pasta dish, cooked filled pasta, oil based sauce",1055,1039,19.2,14.3,14.3,13.6,0,6.07,9.18,2.4,415.84,34,2
"Pasta dish, cooked filled pasta, oil based sauce, added vegetables",846,828,14.8,12,11.9,10.5,0,4.65,7.01,1.86,317.89,38,1
"Pasta dish, cooked filled pasta, tomato based sauce",450,431,3.9,13.1,13.1,9.9,0,0.98,1.71,0.8,66.54,72,1
"Pasta dish, cooked filled pasta, tomato based sauce, added bacon",519,502,5.5,12.5,12.5,9.8,0,1.58,2.5,0.93,82.62,10,1
"Pasta dish, cooked filled pasta, tomato based sauce, added meat",489,474,4.2,11.6,11.6,9.1,0,1.08,1.82,0.81,69.86,18,1
"Pasta dish, cooked filled pasta, tomato based sauce, added meat & vegetables",480,464,4,11.6,11.6,9.2,0,1.05,1.77,0.77,68.79,57,1
"Pasta dish, cooked filled pasta, tomato based sauce, added vegetables",430,411,3.9,12,12,9.1,0,0.94,1.79,0.77,61.39,68,1
"Tuna mornay, homemade, cooked unfilled pasta, homemade white sauce, cheese & breadcrumbs",720,710,6.4,15.7,15.7,13.9,0,2.51,1.91,1.49,131.07,38,1
"Pasta dish, not further defined",508,493,3.6,14.8,14.8,13.2,0,1,1.69,0.49,53.91,79,1
"Pasta in cream based sauce, dry mix only",1585,1553,6.1,66.1,66.1,59,0,3.05,1.44,1.09,222.82,37,2
"Pasta in cream based sauce, prepared from dry mix with regular fat milk cows & margarine spread",484,477,3.3,17.2,17.2,13.7,0,1.56,0.85,0.61,89.17,53,1
"Pasta in tomato based sauce, dry mix",1432,1391,2.1,65.3,65.3,56,0,0.68,0.64,0.68,44.89,39,2
"Pasta in tomato based sauce, prepared from dry mix with water & margarine spread",345,336,1.2,14.5,14.5,12.4,0,0.31,0.38,0.48,11.59,90,1
"Spaghetti in meat sauce, canned, regular",297,289,2.3,8.9,8.9,7.1,0,1.02,0.9,0.2,71.94,64,1
"Spaghetti in tomato & cheese sauce, canned, regular",227,220,0,10.7,10.7,6.7,0,0,0,0,0,25,1
"Spaghetti in tomato & cheese sauce, canned, reduced salt",248,241,0.4,10.9,10.9,10.4,0,0.13,0.09,0.15,11.41,62,1
"Gnocchi, potato, commercially prepared, boiled",620,601,0.9,29.1,29.1,28.8,0,0.15,0.1,0.5,0,25,1
"Cannoli, unfilled, fried",2108,2093,26.8,59.7,59.7,35.4,0,5.33,13.44,6.18,353.64,9,2
"Cannoli, filled with vanilla, ricotta & cream cheese filling",1390,1382,18.2,34.6,34.6,18.8,0,5.38,8.08,3.37,364.34,13,2
"Croissant, commercial, plain",1500,1478,19.1,35.6,35.6,30.5,0,12,4.36,0.84,919.72,40,2
"Croissant, chocolate filled, commercial",1628,1609,21,41,41,26.5,0,13.02,5.32,0.86,765.2,88,2
"Danish, custard filled",1019,1005,11.3,29.8,29.8,17.9,0,6.44,3.12,0.52,545.87,37,2
"Danish, custard & fruit filled",1300,1271,15,35.6,35.6,19.2,0,8.8,4.01,0.82,575.81,74,2
"Danish, custard & pecan filled, commercial",1314,1300,13.5,41,41,20,0,4.8,5.35,2.26,353.79,13,2
"Eclair or profiterole, cream & custard filled, commercial, chocolate icing",1309,1305,21,26.9,26.9,10,0,10.86,6.5,1.32,1190.08,76,2
"Eclair or profiterole, custard filled, commercial, chocolate icing",1212,1207,16.5,30.8,30.8,10.8,0,7.64,5.49,1.35,927.43,26,2
"Eclair or profiterole, cream filled, commercial, chocolate icing",1514,1509,28,23.5,23.5,9.9,0,15.15,8.25,1.8,1583.3,39,2
"Eclair or profiterole, mock cream filled, reduced fat, commercial, chocolate icing",1168,1163,13.5,38,38,7.5,0,9.23,2.28,0.59,585.98,69,2
"Eclair or profiterole, custard filled, homemade from basic ingredients",795,791,10.5,17.9,17.9,9.7,0,6.11,2.56,0.48,461.18,84,1
"Fritter, banana, fried or deep-fried",1378,1361,21.1,31.3,31.3,15.4,0,2.27,8.37,8.97,371.67,89,2
"Fritter, pineapple, fried or deep-fried",1262,1247,21,25.4,25.4,11,0,2.27,8.37,8.97,371.67,61,2
"Pastry, choux, commercial, baked, unfilled",1222,1216,21.7,16.4,16.4,16.3,0,8.66,7.34,2.08,2170.29,8,2
"Pastry, choux, homemade from basic ingredients, raw",922,917,15.4,13.7,13.7,13.6,0,8.83,3.69,0.75,719.05,84,1
"Pastry, choux, homemade from basic ingredients, baked, unfilled",1488,1479,24.8,22.1,22.1,22,0,14.25,5.96,1.21,1159.75,97,2
"Pastry, filo (fillo), commercial, raw",1277,1257,3.8,55.8,55.8,54.5,0,0.53,0.87,1.16,21.93,56,2
"Pastry, filo (fillo), commercial, baked",1631,1597,3.1,75.1,75.1,73,0,0.42,0.7,0.94,17.66,64,2
"Pastry, puff, with butter, commercial, raw",1383,1356,19,32.9,32.9,31.9,0,11.9,4.64,0.65,797.5,67,2
"Pastry, puff, with butter, commercial, baked",1797,1761,24.7,42.7,42.7,41.4,0,15.45,6.03,0.85,1035.71,86,2
"Pastry, puff, vegetable oil, commercial, raw",1321,1294,16.4,35,35,34,0,7.5,5.63,0.97,1600.3,32,2
"Pastry, puff, vegetable oil, commercial, baked",1906,1893,26.5,46.8,46.8,45.1,0,12.11,9.09,1.57,2584.07,42,0
"Pastry, puff, commercial, raw, not further defined",1368,1341,18.4,33.4,33.4,32.4,0,10.8,4.89,0.73,998.2,66,2
"Pastry, shortcrust style, commercial, raw",1685,1679,23.8,42,42,34.5,0,10.41,9.24,2.1,1006.54,9,2
"Pastry, shortcrust style, commercial, baked",2080,2066,27.5,55.6,55.6,46,0,12.04,10.69,2.43,1164.65,19,2
"Pastry, shortcrust style, reduced fat, commercial, raw",1534,1527,17.4,47,47,39.5,0,7.61,6.75,1.54,735.63,21,2
"Pastry, shortcrust style, homemade from basic ingredients, baked",1794,1773,18,57.2,57.2,52.1,0,10.78,3.89,0.92,926.75,92,2
"Pastry, shortcrust, wholemeal, commercial, raw",1402,1355,19.2,30.6,30.6,28,0,10.48,6.28,0.78,813.14,40,2
"Pastry, shortcrust, wholemeal, commercial, baked",1937,1854,26.3,42,42,39.6,0,15.24,7.8,1.11,1113.83,66,2
"Pastry, spring roll, homemade from basic ingredients, raw",845,829,1.6,38.9,38.9,38.8,0,0.49,0.75,0.23,12.69,57,1
"Pastry, dumpling wrapper style, raw",966,948,1.6,44.5,44.5,44.5,0,0.33,0.42,0.44,0.98,48,1
"Pastry, gow gee wrapper style, raw",900,891,0.4,48.2,48.2,48,0,0.05,0.03,0.16,0,26,1
"Pastry, dumpling wrapper, not further defined",933,919,1,46.4,46.4,46.2,0,0.19,0.23,0.3,0.49,52,1
"Pastry, for use in quiche recipes, raw",1553,1538,21.1,39.2,39.2,34.3,0,10.25,7.34,1.56,973.1,85,2
"Chiko roll, takeaway style, deep fried",970,946,10.4,25.8,25.8,19.1,0,2.56,4.67,2.46,218.73,96,1
"Curry puff, beef & vegetable, deep fried, commercial",1090,1073,17.3,15.2,15.2,14.1,0,6.24,7.69,1.92,488.78,6,2
"Curry puff, beef & vegetable, homemade from basic ingredients",1095,1079,17.4,15.2,15.2,14.1,0,5.84,7.54,2.64,479.78,98,2
"Dim sim, vegetable & meat filling, purchased frozen, microwaved or steamed",880,858,8.2,26.4,26.4,23,0,4.15,2.94,0.44,79.21,14,1
"Dim sim, vegetable &/or meat filling, takeaway style, deep fried",952,928,8.6,26,26,19.9,0,2.49,2.52,3.16,145.52,63,1
"Dumpling, savoury, plain, homemade from basic ingredients",1402,1385,13.9,43.4,43.4,40.4,0,5.8,4.45,2.41,367.75,63,2
"Dumpling or wonton, savoury, chicken, fried",1126,1113,12.5,26.4,26.4,25.5,0.1,1.84,5.04,4.69,186.52,81,2
"Dumpling or wonton, savoury, chicken, steamed, boiled or microwaved",658,650,2.7,23.3,23.3,22.4,0.1,0.7,1.14,0.61,19.19,33,1
"Dumpling or wonton, savoury, meat & vegetable filled, takeaway style, cooked",789,768,8,15.3,15.3,14.5,0,2.48,3.54,1.58,80.6,11,1
"Dumpling or wonton, savoury, meat, fried",1209,1196,14.2,28.2,28.2,27.2,0.1,2.44,5.64,5.03,221.73,69,2
"Dumpling or wonton, savoury, meat, steamed, boiled or microwaved",709,700,3.5,25,25,24.1,0.1,1.15,1.39,0.63,37.73,32,1
"Dumpling or wonton, savoury, meat & seafood, steamed, boiled or microwaved",686,675,3.5,22.1,22.1,21.3,0.1,0.98,1.38,0.73,32.34,41,1
"Dumpling or wonton, savoury, seafood, fried",1125,1113,13,25.6,25.6,24.8,0.1,1.58,5.03,5.34,218.99,90,2
"Dumpling or wonton, savoury, seafood, steamed, boiled or microwaved",616,608,1.8,22.9,22.9,22.1,0.1,0.35,0.58,0.57,21.83,17,1
"Dumpling or wonton, savoury, vegetable, steamed, boiled or microwaved",565,554,1.4,25.1,25,24,0.1,0.29,0.46,0.41,10.31,22,1
"Fritter, corn, fried or deep-fried",1028,1011,13.7,21.3,21.3,18.1,0,4.1,6.5,2.12,208.73,80,2
"Fritter, corned beef, fried or deep-fried",1069,1060,13.6,19.9,19.9,18,0,3.78,6.94,1.9,192.95,32,2
"Fritter, zucchini, fried or deep-fried",1138,1126,17.8,18.2,18.2,16.1,0,5.3,8.56,2.55,273.67,13,2
"Pakora (coated & deep fried vegetables), Indian restaurant-style",1060,1032,9.7,21.2,21.2,20.8,0,1.62,4.13,3.52,164.14,11,2
"Pastry, filled with salmon, with or without vegetables, homemade from basic ingredients",1317,1300,20.1,17.7,17.7,16.6,0.1,9.48,5.88,2.59,674.91,15,2
"Pastry, filled with spinach, commercial, ready to eat",1254,1206,20.6,20.8,20.8,15.4,0,3.64,5.83,10.22,348.58,98,2
"Pastry, filled with spinach, homemade from basic ingredients",1108,1077,14.7,25.9,25.9,24.6,0,1.73,8.04,3.92,87.37,23,2
"Pastry, filled with spinach & cheese, from frozen, baked, no added fat",1215,1195,16.4,24.7,24.7,22,0,8.31,5.97,1.31,275.77,54,2
"Pastry, filled with spinach & cheese, commercial, ready to eat",1215,1195,16.4,24.7,24.7,22,0,8.31,5.97,1.31,275.77,70,2
"Pasty, filled with vegetables, commercial, baked",786,762,7.7,23.8,23.8,22.1,0,3.51,2.63,0.46,747.85,38,1
"Pasty, filled with vegetables, homemade from basic ingredients",1151,1138,16.3,27,27,21.7,0,6.27,6.78,1.9,583.59,70,2
"Pasty, filled with vegetables & meat, commercial, ready to eat",1119,1103,15.4,24.8,24.8,22.3,0,7.2,5.67,0.95,774.19,64,2
"Pasty, filled with vegetables & meat, homemade from basic ingredients",1009,999,13.6,19.4,19.4,15.6,0,5.29,5.63,1.42,476.63,95,2
"Pie, savoury, chicken & vegetable, commercial",983,965,10.8,24.6,24.6,22.5,0,5.13,3.61,1.18,399.34,26,2
"Pie, savoury, chicken & vegetable, homemade from basic ingredients",818,801,11.5,11.7,11.7,10.2,0,5.01,4.26,1.23,348.53,86,1
"Pie, savoury, meat, commercial",943,924,11.2,21.2,21.2,19.9,0,5.55,3.61,0.98,563.23,69,1
"Pie, savoury, meat, commercial, family size",958,941,14.6,15.4,15.4,14.4,0,7.59,5.04,0.43,738.06,76,2
"Pie, savoury, meat, from frozen, baked or microwaved",910,893,11.3,19.3,19.3,19.3,0,5.49,4.16,0.78,506.78,79,1
"Pie, savoury, meat & cheese, commercial",1081,1063,11.1,29.4,29.4,28,0,6.05,3.76,0.7,136.2,97,2
"Pie, savoury, meat & kidney, commercial",906,888,10.3,19.1,19.1,17.9,0,5.1,3.31,0.92,516.99,42,1
"Pie, savoury, meat, kidney & vegetable filling, homemade from basic ingredients",1083,1075,14.1,22.8,22.8,18.1,0,5.93,5.58,1.34,570.33,38,2
"Pie, savoury, meat & mushroom, from frozen, baked or microwaved",832,815,10.2,17.6,17.4,17.4,0,4.95,3.75,0.73,456.64,47,1
"Pie, savoury, meat & vegetable filling, homemade from basic ingredients",1067,1057,14.3,23.2,23.2,18.2,0,5.95,5.72,1.36,571.67,67,2
"Pie, savoury, meat filling, topped with potato, commercial",780,762,8.5,19.3,19.3,18.2,0,4.33,2.71,0.7,417.08,64,1
"Pie, savoury, pumpkin & fetta (feta), homemade from basic ingredients",865,847,13.2,15.3,14.8,12.2,0,7.78,3.46,0.58,637.5,33,1
"Pie, savoury, salmon & vegetable, homemade from basic ingredients",1306,1289,20.3,17.9,17.9,16.6,0.2,9.48,6.22,2.62,661.93,97,2
"Pie, savoury, seafood & vegetable, homemade from basic ingredients",586,577,6.2,8.4,8.4,5.7,0,3.04,1.86,0.62,194.17,35,1
"Pie, savoury, spinach & cheese, commercial",1215,1195,16.4,24.7,24.7,22,0,8.31,5.97,1.31,275.77,33,2
"Pie, savoury, vegetable, homemade from basic ingredients",818,801,11.3,17.7,17.7,14,0,5.02,4.13,1.15,401.3,80,1
"Pie, savoury, without pastry, meat filling, topped with mashed potato, commercial",441,425,4.5,10.3,10.3,8.4,0,2.09,1.63,0.38,138.91,83,1
"Pie, savoury, without pastry, meat filling, topped with mashed potato & cheese, homemade from basic ingredients",488,477,6.1,7.2,7.2,5.3,0,3.09,1.92,0.51,216.61,23,1
"Prawn toast, white bread, fried",828,815,6.5,12.7,12.7,11.7,0,0.83,2.43,2.72,125.88,88,1
"Samosa, meat & vegetable, deep fried",1082,1060,12.7,23.7,23.7,16.9,0,3.16,5.22,3.6,258.35,38,2
"Samosa, vegetable, deep fried",1116,1088,12.6,29.6,29.6,21.1,0,2.6,5.16,4.22,213.21,48,2
"Sausage roll, commercial, ready to eat",1179,1155,14.3,27.2,27.2,24.4,0,7.89,3.99,0.95,886.56,66,2
"Sausage roll, from frozen, baked or microwaved",1118,1094,12.7,27.2,27.2,24.4,0,6.34,4.16,0.83,779.29,91,2
"Sausage roll, homemade from basic ingredients, baked",1069,1050,11,24.8,24.8,22.9,0,5.84,3.29,0.66,507.4,45,2
"Sausage roll, chicken, homemade from basic ingredients, baked",946,930,10.6,17.4,17.4,15.3,0,5.06,3.58,0.94,380.5,92,1
"Spring roll, meat &/or vegetable, purchased frozen, baked",859,837,7.7,28.5,28.5,26.1,0,2.23,3.18,1.82,130.29,89,1
"Spring roll, meat &/or vegetable, purchased frozen, deep fried",1047,1025,11.7,27.5,27.5,23.2,0,3.4,4.84,2.78,198.63,21,2
"Spring roll, meat & vegetable filling, takeaway style, deep fried",1047,1025,11.7,27.5,27.5,23.2,0,3.4,4.84,2.78,198.63,95,2
"Spring roll, meat filling, takeaway style, deep fried",927,911,10.9,22,22,19.5,0,2.1,4.45,3.55,221.68,45,1
"Spring roll, vegetable filling, takeaway style, deep fried",931,913,10.5,26.4,26.4,23.2,0,1.37,4.18,4.23,184.45,92,1
"Spring roll, meat & vegetable filling, fried, homemade from basic ingredients",602,593,5.4,10,9.9,9.2,0,1.39,2.19,1.36,60.87,11,1
"Spring roll or rice paper roll, chicken & vegetable filling, fresh",329,319,2.1,7.2,7.2,5.8,0,0.46,1.16,0.26,8.16,100,1
"Spring roll or rice paper roll, chicken, prawn & vegetable filling, fresh",311,300,1.7,7.2,7.2,5.8,0,0.35,0.97,0.21,6.87,70,1
"Spring roll or rice paper roll, prawn & vegetable filling, fresh",292,282,1.4,7.2,7.2,5.8,0,0.24,0.78,0.16,5.58,11,1
"Spring roll or rice paper roll, vegetable filling, fresh",247,234,1.5,8.5,8.5,6.7,0,0.24,0.94,0.14,4.29,10,1
"Steamed bun, savoury, plain",1020,1004,7.7,36.9,36.9,31.6,0,1.08,4.04,2.04,52.06,11,2
"Steamed bun, savoury, pork",785,773,6.9,23.3,23.3,19,0,1.51,3.37,1.57,40.49,75,1
"Frittata, cheese/plain, homemade",845,841,14.5,2.6,2.6,0.1,0,6.9,4.64,1.23,281.54,33,1
"Frittata, cheese & bacon, homemade",887,882,15.2,2.2,2.2,0.1,0,6.99,5.32,1.3,257.89,11,1
"Frittata, cheese, bacon & mixed vegetable, homemade",662,650,10.3,3.8,3.7,1.4,0,4.7,3.58,0.89,173.36,58,1
"Frittata, cheese, chicken & mixed vegetable, homemade",648,637,8.5,3.5,3.4,1.2,0,3.89,2.81,0.81,152.7,90,1
"Frittata, cheese, meat & mixed vegetable, homemade",666,655,9.4,3.6,3.5,1.3,0,4.34,3.13,0.79,215.14,67,1
"Frittata, cheese & mixed vegetable, homemade",495,477,6.7,5.1,5,2.1,0,3.12,2.1,0.58,127.18,98,1
"Frittata, cheese & salmon or tuna, homemade",819,816,11.6,1.9,1.9,0.1,0,5.14,3.69,1.42,203.66,97,1
"Frittata, cheese & spinach, homemade",720,709,12.1,2,2,0.1,0,5.74,3.86,1.02,234.03,34,1
"Quiche, Lorraine, commercial, baked",1299,1287,22.1,18,18,14.8,0,10.58,7.55,1.88,899.2,82,2
"Quiche, Lorraine, homemade",1251,1245,23.4,12.4,12.4,9.3,0,12.76,7.3,1.41,867.18,34,2
"Quiche, bacon & vegetables, homemade",1025,1016,18.6,11.3,11.3,8.2,0,9.88,5.86,1.25,696.62,23,2
"Quiche, chicken & vegetable, homemade",965,957,15.8,11.5,11.5,8.5,0,8.34,4.83,1.18,657.34,72,2
"Quiche, meat & vegetable, homemade",1019,1011,16.9,10.7,10.7,7.9,0,9.2,5.03,1.12,726.37,13,2
"Quiche, mixed vegetables, homemade",947,935,16.7,12.2,12.1,8.8,0,9.29,4.8,1.08,713.01,71,2
"Quiche, plain, homemade",1247,1241,23,14.2,14.2,10.7,0,13.21,6.54,1.28,972.12,65,2
"Quiche, pumpkin, homemade",924,913,15.8,13.4,13.2,9.1,0,8.8,4.54,1.01,675.21,33,1
"Quiche, salmon or tuna, commercial",1223,1220,20.7,14.9,14.9,11.2,0,10.24,6.71,1.68,924.02,58,2
"Quiche, salmon or tuna, homemade from basic ingredients",1115,1110,19.4,11.5,11.5,8.5,0,10.31,5.62,1.73,778.44,76,2
"Quiche, spinach, commercial",1141,1131,19.7,15,15,11.2,0,9.99,6.3,1.37,917.41,54,2
"Quiche, spinach, homemade",1025,1015,18.6,12.2,12.2,8.9,0,10.35,5.34,1.19,794.52,87,2
"Zucchini slice, with bacon",820,810,13.3,9.4,9.4,7.7,0,6.54,4.2,1.21,347.88,69,1
"Zucchini slice, without bacon",729,718,11.4,9.6,9.6,7.7,0,5.93,3.08,1.02,347.32,10,1
Baklava,1949,1922,30.3,39.4,39.4,19.3,0,6.26,13.66,8.25,331.54,75,2
"Crumble, apple, baked, homemade",817,799,8.1,27.8,27.6,7.5,0,2.36,3.42,1.66,153.96,71,1
"Crumble, apple & berry, baked, homemade",787,767,8.2,25.6,25.5,7.5,0,2.36,3.42,1.66,153.96,22,1
"Crumble, apple & rhubarb, baked, homemade",803,784,8.2,26.1,26,7.5,0,2.36,3.42,1.66,153.96,25,1
"Crumble, stone fruits, baked, homemade",856,832,9.7,25,24.6,8.9,0,2.83,4.11,1.99,184.68,11,1
"Dumpling, sweet, soaked in syrup",1492,1482,20.4,38.6,38.6,5.9,0,6.85,6.88,5.42,504.97,14,2
"Pie, sweet, apple, commercial",1009,999,11.6,31.4,31.4,16.3,0,5.66,4.66,0.66,491.27,21,2
"Pie, sweet, apple, from frozen, baked",1009,999,11.6,31.4,31.4,16.3,0,5.66,4.66,0.66,491.27,92,2
"Pie, sweet, apple, from frozen, reduced fat, baked",922,912,5.8,39.3,39.3,19,0,2.83,2.33,0.33,245.64,31,1
"Pie, sweet, apple, homemade",974,963,9.5,34.5,34.4,13.9,0,4.15,3.68,0.84,400.98,34,2
"Pie, sweet, apple, fast food outlet",1181,1170,16.7,30.8,30.8,22.2,0,3.82,8.46,3.19,127.72,77,2
"Pie, sweet, apple & berry, from frozen, baked",1013,1001,11.2,32.3,32.3,15.8,0,5.46,4.5,0.64,474.52,43,2
"Pie, sweet, apple & rhubarb",938,920,6.7,36.8,36.7,19.1,0,3.94,1.42,0.34,338.3,76,1
"Pie, sweet, fruit (apple or apricot), commercial",1022,1011,10.6,34.3,34.3,17.1,0,4.58,4.5,0.65,448.92,34,2
"Pie, sweet, fruit mince, commercial",1711,1686,15.7,62.7,62.7,22.9,0,6.73,6.06,1.5,645.14,80,2
"Pie, sweet, fruit mince, homemade",1759,1728,15.4,65.2,65.2,25.8,0,9.17,3.41,0.79,786.97,66,2
"Pie, sweet, lemon meringue, commercial",1108,1103,8.2,45,45,14.9,0,3.46,3.23,0.75,305.85,100,2
"Pie, sweet, lemon meringue, homemade",1034,1026,5.7,45.5,45.5,16.5,0,3.13,1.45,0.35,243.62,20,2
"Pie, sweet, mixed berry, homemade",1242,1223,14.6,35.8,35.8,24.9,0,8.8,3.25,0.65,753.74,74,2
"Pie, sweet, pecan, commercial",1787,1775,28.6,36.7,36.7,20.9,0,9.38,12.57,4.57,733.97,66,2
"Pie, sweet, pumpkin, commercial or homemade",920,908,12.3,24,23.6,8.5,0,7.46,2.99,0.57,595.3,76,1
"Pie, sweet, stone fruit, homemade",908,886,6.6,34.9,34.5,19,0,3.94,1.42,0.34,338.3,96,1
"Strudel, apple, commercial",1139,1117,13.9,33.3,33.1,14.2,0,6.75,5.36,0.58,364.22,57,2
"Strudel, apple, homemade",925,902,5.9,38.1,37.9,14.8,0,2.47,1.91,0.8,199.9,100,1
"Tart, caramel, homemade",1809,1803,23.4,51.4,51.4,13.1,0,14.66,5.27,0.81,1179.16,52,2
"Tart, chocolate, homemade",1935,1927,27.3,49.9,49.9,17.2,0,15.88,7.49,1.2,891.05,45,2
"Tart, custard, commercial",1102,1094,13.1,30.2,30.2,18.8,0,6.56,4.64,0.68,548.41,83,2
"Tart, custard, homemade",1458,1449,17,43.6,43.6,23.6,0,9.89,4.14,0.8,791.75,86,2
"Tart, frangipane or almond, commercial or homemade",1860,1839,25.7,44.6,44.6,29.8,0,11.66,8.76,2.55,964.18,18,2
"Tart, jam, commercial",1507,1500,14.9,55,55,21.6,0,7.41,5.61,0.65,631.03,47,2
"Tart, jam, homemade",1643,1628,14.6,62.5,62.5,20.8,0,8.89,3.24,0.61,764.19,92,2
"Tart, lemon or lime, commercial",1201,1193,15,33.6,33.6,12.1,0,7.28,5.12,1.16,610.15,93,2
"Tart, lemon or lime, homemade",1241,1231,15.1,35.1,35.1,12.1,0,8.78,3.74,0.78,701.36,87,2
"Tart or tarte tatin, apricot, homemade",879,856,6.8,35.1,34.5,6.9,0,3.49,1.97,0.67,297.33,44,1
"Tart or tarte tatin, banana, homemade",1089,1068,13,31.5,31.5,16.9,0,7.63,3.24,0.5,684.01,98,2
"Tart or tarte tatin, pineapple, homemade",1328,1308,17.8,35.4,35.4,19.8,0,10.76,4.38,0.63,978.66,87,2
"Turnover, apple",1070,1048,14.4,27.2,27,16.6,0,7.87,4.46,0.56,629.9,44,2
"Casserole base, cream style, dry mix",1490,1452,3.4,67,67,42.6,0,0.55,1.33,1.37,0,57,2
"Casserole base, dry mix",1561,1514,4.9,72.3,72.3,53.2,0,0.79,1.9,2.04,0,10,2
"Dressing, Asian style, with lime juice, chilli and fish sauce",390,367,0.3,18.3,18.3,0.3,0,0.04,0.03,0.06,0.06,22,1
"Dressing, Caesar, commercial",1840,1838,45.4,6.9,6.9,2.1,0,5.97,25.33,11.67,291.91,50,2
"Dressing, Caesar, homemade",2297,2290,59.6,0.9,0.9,0.4,0,7.62,33.3,15.34,355.66,73,2
"Dressing, coleslaw, commercial, regular fat",1607,1607,30.1,28.4,28.4,3.9,0,6.23,9.81,12.59,129.49,19,2
"Dressing, coleslaw, commercial, reduced fat",608,608,9.8,13,13,4.6,0,1.23,2.25,5.84,41.94,84,1
"Dressing, creamy, commercial, 97% fat free",534,534,2.7,24.8,24.8,3.8,0,0.36,0.94,1.26,15.41,38,1
"Dressing, honey mustard, homemade",1345,1338,25.9,21.1,21.1,0.7,0,3.13,14.64,6.79,159.42,81,2
"Dressing, lemon vinaigrette, homemade",2738,2731,73.1,0.7,0.7,0.2,0,8.65,41.38,19.32,451.49,68,2
"Dressing, mustard, homemade",1612,1602,41.1,2.2,2.2,0.8,0,4.82,23.35,10.86,250.41,36,2
"Dressing, oil & vinegar, commercial, regular fat",1103,1103,23.8,11.7,11.7,0.3,0,2.78,5.48,14.45,45.51,36,2
"Dressing, oil, vinegar & vegetables/herbs, commercial, regular fat",1309,1309,31.4,7.2,7.2,0.3,0,3.15,7.62,19.18,60.04,60,2
"Dressing, ranch, commercial",2087,2082,53.6,4.6,4.6,0.2,0,6.6,30.16,13.98,324.24,13,2
"Dressing, sesame soy, homemade",800,797,15.1,11.1,11.1,0.6,0,2.18,6.59,5.67,267.12,66,1
"Dressing, thousand island, commercial, regular fat",1495,1483,31.8,16.6,16.6,1.9,0,3.37,7.72,19.24,60.8,87,2
"Dressing, thousand island, commercial, reduced fat",721,710,10.4,17.6,17.6,1.4,0,1.2,2.69,6,19.78,73,1
"Dressing, vinegar based, commercial, fat free",85,85,0.1,2.9,2.9,0.2,0,0,0,0,0,69,1
"Dressing, vinegar based & vegetables/herbs, commercial, fat free",131,131,0,5.5,5.5,0.3,0,0,0,0,0,55,1
"Dressing, vinaigrette, homemade",2738,2736,73,1,1,0.2,0,8.65,41.38,19.32,451.49,6,2
"Gravy powder, dry mix",1311,1310,6.2,54.7,54.7,28.5,0,2.89,1.75,1.21,69.74,35,2
"Gravy, prepared, commercial",188,171,1.6,5.3,5.3,5.2,0,0.62,0.74,0.17,17.94,42,1
"Gravy, prepared from dry powder with water",109,109,0.5,4.5,4.5,2.4,0,0.24,0.14,0.1,5.78,96,1
"Gravy, prepared from pan-drippings",857,851,16.3,12.7,12.7,12.7,0,8.41,5.91,0.49,793.87,29,1
"Gravy powder, dry mix, reduced salt",1311,1310,6.2,54.7,54.7,28.5,0,2.89,1.75,1.21,69.75,19,2
"Gravy, prepared, reduced salt, commercial",188,171,1.6,5.3,5.3,5.2,0,0.62,0.74,0.17,17.94,58,1
"Gravy, reduced salt, prepared from dry powder with water",109,109,0.5,4.5,4.5,2.4,0,0.24,0.14,0.1,5.78,54,1
"Horseradish, prepared",200,173,0.7,8,8,0,0,0.09,0.13,0.33,0,26,1
"Marinade, Asian style",727,690,9.5,19.8,19.8,6.4,0,1.51,3.08,4.36,53.96,83,1
"Marinade, teriyaki, commercial",596,596,0.8,31.8,31.8,4.4,1.1,0.13,0.43,0.19,8.71,84,1
"Mayonnaise, commercial, regular fat",2911,2911,76.7,2.7,2.7,0.2,0,10.2,25.66,37.24,307.89,58,2
"Mayonnaise, commercial, reduced fat",1187,1187,21.2,23.2,23.2,4.6,0,2.8,7.42,9.88,90.72,40,2
"Mayonnaise, commercial, low fat",557,557,5.3,21.5,21.5,5.4,0,0.7,2.3,2.02,30.24,92,1
"Mayonnaise, commercial, 97% fat free",534,534,2.7,24.8,24.8,3.8,0,0.36,0.94,1.26,15.41,61,1
"Mayonnaise, commercial, not further defined",2383,2383,60.3,7.6,7.6,1.1,0,8.02,20.21,29.23,243.3,6,2
"Mayonnaise, homemade",3216,3214,85.7,0.4,0.4,0.2,0,10.78,48.09,22.12,512.13,43,2
"Mayonnaise, soybean oil, homemade",3216,3214,85.7,0.4,0.4,0.2,0,13.15,16.76,51.58,1770.83,68,0
"Mustard, cream style",348,315,3.1,6.2,6.2,2.6,0,0.15,2.06,0.76,2.96,18,1
"Paste, curry, Indian style, commercial",1306,1244,26.4,10.2,10.2,6,0,2.73,15.32,7.28,25.29,100,2
"Paste, curry, commercial, not further defined",919,849,14.5,13.8,13.8,8,0,1.88,6.54,5.1,50.02,16,1
"Paste, green curry, commercial",461,437,7.9,6.3,6.3,2.9,0,1.39,1.77,4.13,7.55,12,1
"Paste, green curry, homemade",450,395,7.4,4.7,4.7,1.1,0,0.9,4.06,1.9,42.26,38,1
"Paste, korma, commercial",1170,1111,22.6,13.3,13.3,5.4,0,9.92,7.94,3.37,71.2,71,2
"Paste, massaman curry, commercial",1154,1021,15.1,19.1,19.1,13.3,0,2.08,6.24,5.02,43.35,86,2
"Paste, red curry, commercial or homemade",755,697,8.7,19.4,19.4,9.9,0,1.31,2.81,3.98,123.9,92,1
"Paste, shrimp",1200,1178,2.5,60.7,60.7,10.1,0,0.87,0.55,0.95,47.01,61,2
"Paste, vindaloo, commercial",2050,2003,46,14.8,14.8,9.9,0,5.52,25.86,12.08,264.01,95,2
"Paste, wasabi, commercial",1073,1060,7.5,45.6,45.6,42.8,0,1.67,2.84,2.52,26.76,77,2
"Sauce, apple, commercial",325,313,0.1,18.9,18.6,0.2,0,0,0,0,0,9,1
"Sauce, apple, homemade",287,270,0.2,15.7,15.4,0.2,0,0.13,0.04,0,11.39,80,1
"Sauce, apricot, commercial or homemade",275,260,0.4,13.8,13.8,7.5,0,0.2,0.04,0.08,0,56,1
"Sauce, barbecue, commercial",738,733,0.2,44.3,44.3,4.1,0,0,0,0,0,54,1
"Sauce, barbecue, homemade",570,558,0.4,32.9,32.9,0.9,0,0.05,0.16,0.11,0.4,45,1
"Sauce, basil pesto, homemade",2149,2129,53.8,1.4,1.4,0.9,0,8.92,32.93,9.42,98.57,14,2
"Sauce, bearnaise, homemade",1554,1553,39.2,0.6,0.6,0,1,24.03,8.85,1.13,2028.18,34,2
"Sauce, black bean, commercial",528,503,2.8,19.5,19.5,4.2,0,0.57,0.64,1.42,0,28,1
"Sauce, butter chicken, commercial",425,409,7.9,5.8,5.8,2.2,0,4.62,1.97,0.88,86.1,84,1
"Sauce, cheese, homemade with undefined cows milk & fat",834,832,14.6,9.2,9.2,5,0,7.74,4.09,1.6,424.94,70,1
"Sauce, chilli (chili), Asian, commercial",472,437,2.6,18.9,18.9,3.9,0,0.51,0.54,1.42,0,72,1
"Sauce, cocktail or seafood, commercial or homemade",884,871,12.4,23.1,23.1,4.2,0,1.75,4.22,5.65,48.29,51,1
"Sauce, cranberry, commercial",643,643,0.1,39.7,39.7,0.6,0,0,0,0,0,61,1
"Sauce, cream based, homemade from basic ingredients",1201,1193,29.7,3.6,3.6,0.1,0,17.22,8.52,1.7,1353.33,94,2
"Sauce, curry, Asian, commercial",620,592,11.8,6.7,6.7,4.5,0,6.67,3.34,1.18,11.28,97,1
"Sauce, enchilada, commercial",167,161,0.3,8.3,8.3,2.2,0,0.02,0.19,0.05,0,96,1
"Sauce, fish, commercial",213,203,0.3,4.4,4.4,0,0,0.05,0.09,0.07,0.21,73,1
"Sauce, garlic, commercial",781,766,5.8,31.4,31.4,24.8,0,0.73,3.16,1.52,34.57,53,1
"Sauce, garlic, homemade",2060,2046,52.5,4.8,4.8,4.1,0,10.82,26.56,11.86,758.47,68,2
"Sauce, hoi sin, commercial",922,839,5.4,37.2,37.2,3.7,0,0.82,1.24,3.09,5.16,96,1
"Sauce, hollandaise, homemade",2403,2401,62.4,0.2,0.2,0.1,0,38.28,14.1,1.8,3230.8,14,0
"Sauce, honey soy, commercial",677,673,1.1,37.2,37.2,5.9,0,0.14,0.58,0.3,6.25,36,1
"Sauce, horseradish, commercial",784,768,11,17.9,17.9,4.1,0,1.33,6.07,2.97,67.06,11,1
"Sauce, HP, commercial, regular",569,564,0.1,34.3,34.3,3.5,0,0.01,0.01,0.02,0,44,1
"Sauce, lemon chicken, commercial",461,449,0.2,25.6,25.6,4.6,0,0.03,0.02,0.08,0,40,1
"Sauce, mint, commercial or homemade",564,557,0,33,33,0.1,0,0.01,0,0.01,0,34,1
"Sauce, mushroom, homemade",791,780,18.6,3,2.4,0.9,0.2,10.68,5.01,1.27,867.36,90,1
"Sauce, mushroom, commercial, ready to eat",619,615,11.4,10.2,10.2,8.5,0.1,2.62,5.66,2.48,175.79,64,1
"Sauce, mushroom, prepared from commercial dry mix",153,152,0.7,6.5,6.5,3.6,0,0.37,0.2,0.12,13.47,60,1
"Sauce, mustard, homemade",627,623,12,7.8,7.8,2.7,0,7,3.18,0.69,559.41,18,1
"Sauce, oyster, commercial",473,468,1,21,21,5.4,0,0.33,0.07,0.27,0.7,56,1
"Sauce, pad Thai, commercial",618,602,0.3,34.9,34.9,7.7,0,0.07,0.04,0.07,0,51,1
"Sauce, pasta or simmer, not further defined, commercial, low fat",240,230,2.9,6.6,6.6,3.1,0,0.32,1.14,1.25,0,90,1
"Sauce, pasta, basil pesto, commercial",1598,1586,37.1,7.4,7.4,5.3,0,4.1,14.6,15.94,35.47,51,2
"Sauce, pasta, beef bolognese, commercial",378,368,4.6,6.3,6.3,1.8,0,1.43,2.18,0.52,96.65,91,1
"Sauce, pasta, bolognese, homemade using beef mince & commercial tomato based sauce",489,475,6.1,4.5,4.5,0.8,0,1.49,2.86,1.11,96.35,21,1
"Sauce, pasta, bolognese, homemade using beef mince & homemade tomato based sauce",379,370,4.8,1.9,1.7,0.2,0,1.3,2.27,0.72,89.68,34,1
"Sauce, pasta, bolognese, homemade using beef mince & homemade tomato based sauce with vegetables",356,344,4.2,2.4,2.3,0.3,0,1.15,1.99,0.64,78.86,31,1
"Sauce, pasta, carbonara, commercial",565,564,10.6,6.6,6.6,3.9,0,5.73,3.28,0.75,393.05,67,1
"Sauce, pasta, carbonara, homemade",1367,1365,28,1.1,1.1,0.2,0,13.12,10.97,1.8,653.59,57,2
"Sauce, pasta, cheese or cream-based, commercial",436,421,8.3,5.2,5.2,1.9,0,5.42,2.02,0.25,90.46,26,1
"Sauce, pasta, pesto, for pasta recipes",1582,1567,37.5,4.8,4.8,2.6,0,5.32,17.47,12.52,251.4,57,2
"Sauce, pasta, rocket pesto, homemade",2141,2127,53.8,0.9,0.9,0.3,0,8.86,32.89,9.48,98.57,60,2
"Sauce, pasta, tomato-based, commercial",227,208,1.6,7.5,7.5,1.4,0,0.15,0.54,0.59,0,25,1
"Sauce, pasta, tomato based, homemade",110,96,0.3,3.9,3.9,0.2,0,0.01,0,0,0,37,1
"Sauce, pasta, tomato pesto, commercial",1265,1250,29.1,4.5,4.5,1.3,0,4.46,11.71,11.2,520.05,16,2
"Sauce, pepper, commercial",238,228,0.5,10.2,10.2,6.6,0,0.1,0.19,0.12,2,42,1
"Sauce, pepper, homemade",1019,1006,24,4.9,4.9,3.4,0.1,14.29,6.39,1.4,1147.69,31,2
"Sauce, plum, commercial",958,953,0.8,56.5,56.5,8.3,0,0.41,0.14,0.19,0,10,1
"Sauce, wine reduction, homemade",587,582,14,1.1,1.1,0.3,0.9,9.19,2.77,0.26,823.89,28,1
"Sauce, salsa, tomato-based, commercial",146,133,0,6.3,6.3,1.4,0,0,0,0,0,31,1
"Sauce, salsa, tomato-based, homemade from basic ingredients",96,78,0.2,2.8,2.8,0.1,0,0.03,0.01,0.01,0,52,1
"Sauce, satay, commercial",1176,1151,17.2,25.8,25.8,10.5,0,3.88,10.79,1.79,16.44,8,2
"Sauce, satay, homemade",1163,1141,22.8,10.6,10.6,1.7,0,7.3,12.13,2.11,67.67,58,2
"Sauce, savoury meat with vegetables and gravy, commercial",472,455,6.9,4.8,4.8,1.5,0,2.71,2.72,0.73,203.85,83,1
"Sauce, savoury meat with vegetables and gravy, homemade",406,393,4.3,3.4,3.4,1.2,0,1.26,1.98,0.57,113.93,54,1
"Sauce, simmer for chicken, not further defined, commercial",376,362,7.3,4.8,4.8,1.5,0,3.38,2.17,1.41,6.98,62,1
"Sauce, simmer, curry flavoured, commercial",437,419,5.4,10.7,10.7,3.6,0,2.42,1.54,1,4.97,86,1
"Sauce, soy, commercial, regular",136,136,0,2.7,2.7,1,0,0,0,0,0,44,1
"Sauce, soy, commercial, reduced salt",136,136,0,2.7,2.7,1,0,0,0,0,0,47,1
"Sauce, stroganoff, commercial",397,385,6.6,7.4,7.4,1.9,0,2.08,2.81,1.15,117.27,66,1
"Sauce, stroganoff, homemade",502,490,9,7,6.5,4.9,0,3.58,3.37,1.33,204.62,21,1
"Sauce, sweet chilli (chili), commercial",947,928,0.1,57,57,4.1,0,0.01,0,0.01,0,31,1
"Sauce, sweet & sour, commercial",786,782,0.5,45.6,45.6,7.8,0,0,0,0,0,78,1
"Sauce, tabasco, commercial",74,69,0.8,1.1,1.1,1,0,0.11,0.06,0.42,0,12,1
"Sauce, taco style, commercial",123,104,0.3,4.8,4.8,1.3,0,0,0,0,0,81,1
"Sauce, tartare (tartar), commercial, regular fat",1764,1757,42.3,10,10,0.4,0,5.62,14.13,20.5,169.34,34,2
"Sauce, tartare (tartar), homemade",1800,1796,43.7,9.2,9.2,1,0,5.8,14.63,21.12,175.69,61,2
"Sauce, teriyaki, commercial",850,840,1,43.5,43.5,9.1,1.1,0.15,0.14,0.56,0.03,7,1
"Sauce, tomato, commercial, regular",435,423,0.2,24.3,24.3,1,0,0,0,0,0,22,1
"Sauce, tomato, commercial, reduced salt",435,423,0.2,24.3,24.3,1,0,0,0,0,0,37,1
"Sauce, tomato, commercial, no added salt",435,423,0.2,24.3,24.3,1,0,0,0,0,0,88,1
"Sauce, tomato, homemade",281,267,4.7,4.1,4.1,0.3,0,0.56,2.59,1.22,28.18,35,1
"Sauce, tomato, not further defined",431,419,0.3,23.8,23.8,1,0,0.01,0.06,0.03,0.71,13,1
"Sauce, white, savoury, homemade with an undefined cows milk & fat",653,651,10.8,10.9,10.9,5.9,0,4.89,3.33,1.64,319.66,99,1
"Sauce, worcestershire, commercial",311,311,0.2,17.6,17.6,0.7,0,0.04,0.08,0.06,0,90,1
"Sauce, for use in hamburger recipes",845,832,12.1,22,22,1.8,0,1.58,4.08,5.74,46.82,45,1
Vinegar (except balsamic vinegar),65,65,0,0,0,0,0,0,0,0,0,72,1
"Vinegar, balsamic",329,312,0,15,15,0,0,0,0,0,0,55,1
"Batter for coating food, commercial, uncooked",487,477,0.4,23.7,23.7,23.7,0,0.05,0.04,0.17,0,50,1
"Batter for coating food, homemade, uncooked",541,533,2.1,21.4,21.4,19.7,0,0.76,0.69,0.34,24.64,93,1
"Breadcrumbs for coating food, commercial, uncooked",1610,1588,18.4,44.5,44.5,41.6,0,2.37,9.8,5.22,121.93,59,2
"Breadcrumbs for coating food, homemade, uncooked",1447,1418,6.5,58.2,58.2,55,0,0.96,2.89,2.1,47.79,14,2
"Coating, homemade, for chicken & meat, uncooked",1421,1392,6.5,57,57,53.8,0,1.05,2.84,2.04,56.31,43,2
"Coating, commercial, for fish & seafood, uncooked",659,647,3.2,26.9,26.9,26.5,0,0.41,1.53,0.95,18.67,26,1
"Coating, homemade, for fish & seafood, uncooked",1039,1020,4.6,41.5,41.5,39.1,0,0.97,1.92,1.29,48.4,87,2
"Tempura for coating food, commercial, uncooked",506,498,0.4,25.6,25.6,25.5,0,0.07,0.09,0.17,0,22,1
"Tempura for coating food, homemade, uncooked",523,513,1.4,22.4,22.4,22.4,0,0.32,0.45,0.31,1.15,8,1
"Chestnut puree, added sugar",1095,1074,0.2,67.7,67.7,9.5,0,0.04,0.07,0.08,0.06,81,2
"Peanut butter, smooth & crunchy, added sugar & salt",2509,2462,50,14.3,14.3,5.7,0,8.69,34.67,4.11,162.49,68,2
"Peanut butter, smooth & crunchy, added sugar, no added salt",2486,2439,50.4,12,12,3.5,0,8.77,34.98,4.14,163.9,12,2
"Peanut butter, smooth & crunchy, no added sugar or salt",2634,2582,54.3,9.7,9.7,4.2,0,9.44,37.66,4.46,176.5,92,2
"Peanut butter, not further identified",2515,2468,50.3,13.9,13.9,5.6,0,8.74,34.86,4.13,163.38,54,2
"Spread, yeast, cheesybite",1033,1028,17.1,18.1,18.1,13.7,0,11.08,3.64,0.37,912.13,90,2
"Spread, yeast, marmite",624,529,0.9,16.6,16.6,4.8,0,0.14,0.58,0,0,53,1
"Spread, yeast, vegemite, regular",679,627,0.9,10.9,10.9,9.3,0,0.14,0.58,0,0,67,1
"Spread, yeast, vegemite, my first vegemite",889,857,0.9,24.1,24.1,19.4,0,0.14,0.58,0,0,75,1
"Spread, vegetable & yeast extract, Promite",856,816,2.2,29.7,29.7,11.3,0,0.33,1.42,0.01,0,90,1
"Spread, vegetable & yeast extract, mightymite",681,629,1.6,24.4,24.4,19.9,0,0.24,1.04,0,0,62,1
"Spread, yeast, not further defined",688,637,1,12,12,9.5,0,0.14,0.62,0,0,18,1
"Cheese spread, cheddar, regular fat",1187,1187,25.3,3.8,3.8,0,0,16.16,7.05,0.69,741.16,71,2
"Cheese spread, cream cheese, regular fat",1215,1215,28.2,2.4,2.4,0.3,0,18.01,7.86,0.77,826.12,15,2
"Cheese spread, cream cheese, reduced fat",921,921,18,4.6,4.6,0,0,11.47,5,0.49,525.84,50,1
"Cheese, blended for pizza use, regular fat",1328,1328,21.9,0.1,0.1,0,0,14.13,5.15,0.96,459.44,28,2
"Cheese, bocconcini",1081,1081,20.4,0,0,0,0,13.26,4.8,0.48,616.9,15,2
"Cheese, brie",1543,1543,32,0.1,0.1,0,0,20.93,8.22,0.94,937.44,33,2
"Cheese, blue vein",1571,1571,32.4,0,0,0,0,20.71,9.04,0.95,949.74,23,2
"Cheese, camembert",1286,1286,25,0.1,0.1,0,0,16.38,6.44,0.73,733.84,8,2
"Cheese, cheddar, natural, flavoured",1627,1620,31.5,1.5,1.5,0.7,0,20.64,7.52,1.3,912.88,34,2
"Cheese, cheddar, natural, plain, regular fat",1663,1663,32.8,0.5,0.5,0,0,21.65,7.71,1.26,959.89,37,2
"Cheese, cheddar, natural, plain, reduced fat (~25%)",1403,1403,24.2,0,0,0,0,15.64,5.7,1.06,508.32,88,2
"Cheese, cheddar, natural, plain, reduced fat (~ 15%)",1109,1109,15.3,0,0,0,0,9.87,3.6,0.67,320.98,100,2
"Cheese, cheddar, natural, plain, not further defined",1611,1611,31.1,0.4,0.4,0,0,20.48,7.31,1.22,883,30,2
"Cheese, cheddar, processed, regular fat",1311,1311,25,0.1,0.1,0,0,16.89,5.94,0.67,732.16,86,2
"Cheese, cheddar, processed, reduced fat (~16%)",1054,1054,15.4,4.9,4.9,0,0,10.26,3.77,0.48,480.25,89,2
"Cheese, cheddar, processed, reduced fat (~8%)",806,806,7.8,4.9,4.9,0,0,5.56,1.69,0.12,132.68,93,1
"Cheese, cheddar, processed, reduced fat (3%)",660,660,2.7,5.5,5.5,0,0,1.93,0.58,0.04,45.93,32,1
"Cheese, cheddar, processed, reduced fat, not further defined",743,743,5.4,5.3,5.3,0,0,3.73,1.24,0.12,129.08,81,1
"Cheese, cheddar, processed, babybel style",1563,1563,31,1,1,0,0,20.95,7.36,0.83,527.31,99,2
"Cheese, cheddar, processed, stick style",1443,1443,29.2,5.6,5.6,0,0,19.73,6.94,0.78,496.69,12,2
"Cheese, processed, stick shape with string texture",1250,1250,20.7,0,0,0,0,13.46,4.87,0.49,625.97,81,2
"Cheese, processed, with added phytosterols",713,713,9.4,4.9,4.9,0,0,3.69,1.12,0.08,87.98,70,1
"Cheese, cheddar, processed, not further defined",1248,1248,22.7,1.4,1.4,0,0,15.33,5.38,0.6,611.52,73,2
"Cheese, cheddar, regular fat, not further defined",1533,1533,30,0.6,0.6,0,0,19.94,7.07,1.03,854.72,92,2
"Cheese, cheddar, reduced fat, not further defined",1092,1092,15.3,2.1,2.1,0,0,9.95,3.58,0.62,326.54,44,2
"Cheese, cheddar, not further defined",1496,1496,28.4,0.7,0.7,0,0,18.86,6.7,1.02,797.25,86,2
"Cheese, cheshire",1641,1641,32.5,0,0,0,0,20.97,7.65,1.42,681.82,23,2
"Cheese, colby style",1631,1631,32.3,0.1,0.1,0,0,20.84,7.6,1.42,677.62,85,2
"Cheese, cottage, regular fat",529,529,5.7,1.8,1.8,0,0,3.47,1.41,0.27,253.07,90,1
"Cheese, cottage, reduced fat",398,398,2.5,4.2,4.2,0,0,1.52,0.62,0.12,110.8,21,1
"Cheese, cottage or cream, sweet chilli flavoured",728,724,9.2,15.1,15.1,1,0,5.83,2.15,0.25,402.85,94,1
"Cheese, cream, plain, regular fat (35% fat)",1420,1420,34.2,0.2,0.2,0,0,22.08,7.95,0.74,1515.76,70,2
"Cheese, cream, plain, reduced fat (25% fat)",1079,1079,25,0.2,0.2,0,0,16.14,5.81,0.54,1100.92,15,2
"Cheese, cream, plain, reduced fat (5% fat)",445,445,4.7,4.8,4.8,0,0,3.03,1.09,0.1,208.31,78,1
"Cheese, cream, plain, not further defined",1195,1195,27.8,0.7,0.7,0,0,17.94,6.46,0.6,1229.3,11,2
"Cheese, cream, fruit flavoured",1155,1138,24.7,5.9,5.7,0.2,0,16.03,5.6,0.74,895.48,76,2
"Cheese, cream, herb or spice flavoured",1229,1223,28.6,1.1,1.1,0.6,0,18.33,6.63,0.7,1253.3,49,2
"Cheese, edam",1510,1510,27.2,0,0,0,0,17.22,7.8,0.77,797.85,62,2
"Cheese, fetta (feta), regular fat",1179,1179,23.2,0.2,0.2,0,0,15.13,5.27,0.65,1026.02,59,2
"Cheese, fetta (feta), reduced fat",1000,1000,14.5,0.1,0.1,0,0,9.26,3.53,0.35,642.65,58,2
"Cheese, fetta (feta), not further defined",1154,1154,21.9,0.2,0.2,0,0,14.3,5.02,0.6,971.81,84,2
"Cheese, goat, firm",1502,1502,31.3,0.8,0.8,0,0,20.74,7.22,0.83,591.57,91,2
"Cheese, goat, soft",1194,1194,21.7,0.9,0.9,0,0,14.38,5,0.58,410.13,19,2
"Cheese, gloucester style",1721,1721,34.3,0,0,0,0,22.13,8.07,1.5,719.58,89,2
"Cheese, gouda",1605,1605,30.6,0,0,0,0,19.36,8.77,0.87,897.31,73,2
"Cheese, haloumi",1050,1050,17.1,1.8,1.8,0,0,11.03,4.02,0.75,358.74,70,2
"Cheese, havarti style",1716,1716,36.7,0.1,0.1,0,0,23.68,8.64,1.61,769.93,22,2
"Cheese, jarlsberg",1620,1620,30,0.1,0.1,0,0,18.96,8.59,0.85,878.41,74,2
"Cheese, mozzarella, regular fat",1213,1213,22.1,0,0,0,0,14.37,5.2,0.52,668.3,82,2
"Cheese, mozzarella, reduced fat",1229,1229,17.9,0.1,0.1,0,0,11.64,4.21,0.42,541.3,42,2
"Cheese, mozzarella, not further defined",1215,1215,21.5,0,0,0,0,13.99,5.06,0.51,650.66,78,2
"Cheese, mozzarella, buffalo",1318,1318,27.1,0.3,0.3,0,0,17.62,6.38,0.64,973.16,26,2
"Cheese, neufchatel",1365,1365,30.9,2.2,2.2,0,0,19.74,7.52,0.74,1369.5,71,2
"Cheese, parmesan, dried, finely grated",1949,1949,33.3,0,0,0,0,21.07,9.54,0.94,976.46,67,2
"Cheese, parmesan, fresh",1690,1690,28.8,0,0,0,0,18.23,8.26,0.82,844.86,15,2
"Cheese, pecorino style",1512,1512,27.2,0.2,0.2,0,0,17.55,6.4,1.19,570.63,83,2
"Cheese, provolone style",1550,1550,28.4,0.1,0.1,0,0,18.33,6.68,1.24,595.8,76,2
"Cheese, quark",349,349,1.1,2.9,2.9,0,0,0.7,0.27,0.03,48.75,81,1
"Cheese, ricotta, regular fat",551,551,8.7,2,2,0,0,5.53,2.11,0.21,383.82,19,1
"Cheese, ricotta, reduced fat",279,279,2.8,2,2,0,0,1.82,0.69,0.07,126.31,10,1
"Cheese, ricotta, not further defined",458,458,6.7,2,2,0,0,4.27,1.63,0.16,296.03,86,1
"Cheese, romano style",1594,1594,27.9,0.2,0.2,0,0,17.64,7.99,0.79,817.33,11,2
"Cheese, smoked, regular fat",1487,1487,28.9,0.3,0.3,0,0,19.27,6.82,0.97,846.02,24,2
"Cheese, soft, white mould coated, not further defined",1465,1465,30.3,0.1,0.1,0,0,19.7,7.84,0.92,887.64,6,2
"Cheese, soy",1238,1234,28,4.7,4.7,2.9,0,6.96,12.62,5.66,515.2,45,2
"Cheese, swiss",1620,1620,30,0.1,0.1,0,0,18.96,8.59,0.85,878.41,77,2
"Cheese, not further defined",1465,1465,27.8,0.7,0.7,0,0,18.26,6.71,0.95,809.51,31,2
"Cheese, for use on sandwiches, not further defined",1527,1527,29.3,0.6,0.6,0,0,19.29,7.02,1.08,833.86,84,2
"Cheese, for use on sandwiches, not further defined",1489,1489,28.1,1,1,0,0,18.55,6.67,1.05,795.17,66,2
"Cheese, for use in hamburgers & Mexican food",1570,1570,30.5,0.6,0.6,0,0,20.2,7.2,1.12,880.46,19,2
"Cheese, for use in garden salads",1374,1374,25.9,0.5,0.5,0,0,16.97,6.17,0.86,822.19,98,2
"Cheese, for use on crackers or cheese platters",1503,1502,29.7,0.4,0.4,0.1,0,19.51,7.24,1.01,901.52,10,2
"Cream, rich or double thick",1882,1882,49.4,1.7,1.7,0,0,31.86,11.9,1.86,2548.89,90,0
"Cream, pure, 35% fat",1401,1401,35.9,2.4,2.4,0,0,23.15,8.65,1.35,1852.33,38,2
"Cream, regular thickened, 35% fat",1409,1409,36.1,2.4,2.4,0,0,23.28,8.7,1.36,1862.65,54,2
"Cream, regular thickened, 35% fat, ultra high temperature treated",1409,1409,36.1,2.4,2.4,0,0,23.28,8.7,1.36,1862.65,52,2
"Cream, reduced fat (~25%), canned",1078,1078,26.4,3.3,3.3,0,0,16.9,6.4,1.05,567.74,23,2
"Cream, regular thickened, light (~18% fat)",835,835,19.6,4.8,4.8,0,0,12.61,4.71,0.74,1008.72,96,1
"Cream, whipped, aerosol, regular fat (~28%)",1227,1227,29.4,5.2,5.2,0,0,18.94,7.08,1.11,1515.4,87,2
"Cream, imitation or mock (non-dairy)",1108,1108,21.8,17.7,17.7,1.4,0,19.34,1.09,0.08,308.03,85,2
"Cream, imitation or mock (non-dairy), reduced fat",820,820,8,31.4,31.4,4.4,0,7.1,0.4,0.03,0,75,1
"Cream, dairy, not further defined",1357,1357,34.5,2.7,2.7,0,0,22.28,8.32,1.3,1782.58,59,2
"Cream, dairy, sugar sweetened, whipped, commercial",1371,1371,32.5,8.4,8.4,0.2,0,20.97,7.84,1.22,1677.72,58,2
"Cream, dairy, sugar sweetened, whipped, homemade",1364,1364,33.5,5.5,5.5,0.1,0,21.63,8.08,1.26,1730.66,53,2
"Cream, for use in commercial bakery products, not further defined",1279,1279,28.7,11.7,11.7,0.6,0,20.4,5.46,0.82,1195.44,24,2
"Cream, sour, regular fat",1414,1414,36.3,2,2,0,0,23.46,8.68,0.79,1372.14,37,2
"Cream, sour, light (~18% fat)",910,910,20.3,4.7,4.7,0,0,13.14,4.86,0.44,768.66,28,1
"Cream, sour, extra light (>12% fat)",680,680,12.5,7,7,0,0,8.08,2.99,0.27,472.5,16,1
"Cream, sour, not further defined",1222,1222,30.2,3.1,3.1,0,0,19.51,7.22,0.66,1141.08,79,2
"Ice cream, Cassata-style dessert",766,761,9.5,23.1,23.1,0,0,6.36,1.97,0.23,489.66,85,1
"Gelato or sorbet, fruit or fruit juice, regular fat",463,463,0.2,27.9,27.9,0,0,0,0,0,0,7,1
"Gelato or sorbet, milk-based, chocolate or coffee flavoured, regular fat",724,722,6.7,23.5,23.5,0,0,3.42,2.43,0.48,221.6,83,1
"Gelato or sorbet, milk-based, vanilla & other flavours, regular fat",763,761,7.4,25.4,25.4,0,0,3.7,2.74,0.18,381.82,64,1
"Ice cream, all flavours, homemade from basic ingredients",1150,1148,19.7,22,22,0.2,0,11.86,5.3,0.87,808.86,41,2
"Ice cream, caramel flavour, regular fat",820,820,10.6,22.5,22.5,2.1,0,7.16,2.5,0.28,310.53,67,1
"Ice cream, caramel flavour, low fat (3% fat)",667,667,2.8,30.8,30.8,8.1,0,1.89,0.66,0.07,82.03,31,1
"Ice cream, caramel, honey & macadamia flavour, premium or rich (~15% fat)",1050,1048,17.1,21.2,21.2,2,0,9.78,5.95,0.42,405.42,44,2
"Ice cream, chocolate or coffee flavour, with or without chocolate chips, regular fat",788,788,10.6,20.5,20.5,2.1,0,7.16,2.5,0.28,310.53,21,1
"Ice cream, chocolate flavour, with or without chocolate chips, low fat (3% fat)",638,638,2.8,29,29,8.1,0,1.89,0.66,0.07,82.03,93,1
"Ice cream, chocolate flavour, regular fat, added vitamins A, B1, B2, C, D & folate, Ca & Fe",852,843,6.6,32,32,8.5,0,3.89,2.06,0.18,247.98,19,1
"Ice cream, chocolate & caramel swirl, regular fat",804,804,10.6,21.5,21.5,2.1,0,7.16,2.5,0.28,310.53,42,1
"Ice cream, chocolate & caramel swirl, low fat (3% fat)",652,652,2.8,29.9,29.9,8.1,0,1.89,0.66,0.07,82.03,95,1
"Ice cream, chocolate & honey swirl, with chocolate & nougat, premium or rich (~15% fat)",1102,1097,14.6,29.3,29.3,1.9,0,7.9,4.9,0.97,253.67,82,2
"Ice cream, mango flavour, regular fat",736,735,9.6,19.9,19.9,1.9,0,6.45,2.25,0.25,279.47,44,1
"Ice cream, mint flavour, regular fat",788,788,10.6,20.5,20.5,2.1,0,7.16,2.5,0.28,310.53,44,1
"Ice cream, mint flavour, low fat (3% fat)",638,638,2.8,29,29,8.1,0,1.89,0.66,0.07,82.03,16,1
"Ice cream, neopolitan or rainbow flavour, regular fat",788,788,10.6,20.5,20.5,2.1,0,7.16,2.5,0.28,310.53,62,1
"Ice cream, neopolitan or rainbow flavour, low fat (3% fat)",638,638,2.8,29,29,8.1,0,1.89,0.66,0.07,82.03,47,1
"Ice cream, passionfruit flavour, regular fat",739,728,9.6,19,19,1.9,0,6.45,2.25,0.25,279.47,41,1
"Ice cream, rum & raisin flavour, regular fat",814,813,9.9,23.2,23.2,2.1,0.3,6.67,2.33,0.27,288.79,37,1
"Ice cream, strawberry flavour, regular fat",788,788,10.6,20.5,20.5,2.1,0,7.16,2.5,0.28,310.53,26,1
"Ice cream, strawberry flavour, low fat (3% fat)",638,638,2.8,29,29,8.1,0,1.89,0.66,0.07,82.03,97,1
"Ice cream, vanilla flavour, premium or rich (~15% fat)",956,956,15,20.5,20.5,2.1,0,10.14,3.54,0.4,439.42,36,1
"Ice cream, vanilla flavour, regular fat",788,788,10.6,20.5,20.5,2.1,0,7.16,2.5,0.28,310.53,15,1
"Ice cream, vanilla flavour, low fat (3% fat)",638,638,2.8,29,29,8.1,0,1.89,0.66,0.07,82.03,94,1
"Ice cream, vanilla flavour, soft serve, fast food style",729,729,5,29,29,8.1,0,3.38,1.18,0.13,146.48,85,1
"Ice cream, vanilla flavour, not further defined",759,759,9,22.3,22.3,3.4,0,6.08,2.12,0.24,263.47,14,1
"Ice cream, vanilla flavour, with chocolate chip, regular fat",828,827,11.2,21.6,21.6,2.1,0,7.78,2.46,0.28,305.9,71,1
"Ice cream, vanilla flavour, with chocolate chips, reduced fat (6%)",788,784,5.6,31.8,31.8,7.5,0,4.48,0.69,0.1,89.47,57,1
"Ice cream, all other non-chocolate or coffee flavours, with chocolate chips, regular fat",923,919,12.6,24.2,24.2,2.1,0,9.22,2.35,0.28,295.12,81,1
"Ice cream, vanilla flavour, with nuts, regular fat",849,847,12.2,20.1,20.1,2.1,0,7.15,3.68,0.69,301.71,66,1
"Ice cream, vanilla flavour, with sweet biscuit, regular fat",871,870,11.5,23.4,23.4,4.1,0,7.53,2.79,0.43,318.62,90,1
"Ice cream, vanilla flavour, with sweet biscuit, low fat ",732,731,4.2,31.3,31.3,9.7,0,2.63,1.08,0.24,106.11,73,1
"Ice cream, vanilla & caramel swirl, regular fat",804,804,10.6,21.5,21.5,2.1,0,7.16,2.5,0.28,310.53,15,1
"Ice cream, vanilla & chocolate or coffee flavour, regular fat",788,788,10.6,20.5,20.5,2.1,0,7.16,2.5,0.28,310.53,6,1
"Ice cream, soft serve, vanilla, with chocolate cream filled biscuit, fast food style",854,853,6.8,32.3,32.3,10.4,0,4.28,1.72,0.37,174.44,96,1
"Ice cream, not further defined",793,792,9.9,22.3,22.3,3.1,0,6.77,2.21,0.26,304.37,56,1
"Ice cream, fried",1076,1068,11.9,31.3,31.3,15.6,0,5.57,3.72,1.79,232.94,13,2
"Banana split, banana with added ice cream, whipped cream, topping & nuts",778,769,8.1,25.7,25.7,3.8,0,4.47,2.67,0.34,247.6,95,1
"Sundae, vanilla ice cream, caramel topping, fast food style",733,733,4.5,30.7,30.7,7.6,0,3.06,1.07,0.12,131.83,46,1
"Sundae, vanilla ice cream, chocolate topping",765,764,8.1,25,25,3.3,0,5.48,1.92,0.22,237.13,50,1
"Sundae, vanilla ice cream, chocolate topping, fast food style",861,860,8.3,29.6,29.6,7.9,0,5.45,2.08,0.24,263.11,72,1
"Sundae, vanilla ice cream, non-chocolate topping",759,758,7.2,27.1,27.1,3.2,0,4.88,1.71,0.19,210.78,45,1
"Sundae, vanilla ice cream, strawberry topping, fast food style",731,731,4.5,30.7,30.7,7.5,0,3.04,1.06,0.12,131.83,56,1
"Ice cream, bar, Turkish delight flavour, chocolate coated",874,867,11,25.4,25.4,1.3,0,8.91,1.37,0.19,177.23,67,1
"Ice cream, sandwich, vanilla flavour, with chocolate flavour biscuit, regular fat",1119,1113,8.5,43.5,43.5,21.4,0,4.49,3.13,0.46,106.56,24,2
"Ice cream, sandwich, vanilla flavour, with chocolate flavour biscuit & chocolate coated, regular fat",1275,1265,15.3,38.1,38.1,12.7,0,10.58,3.44,0.49,242.28,47,2
"Ice cream, stick, chocolate flavoured, chocolate & biscuit crumb coated, regular fat",1357,1357,21.1,31.9,31.9,2.2,0,13.57,3.43,2.09,1094.46,39,2
"Ice cream, stick, flavoured, chocolate & biscuit crumb coated, regular fat",1201,1201,17.6,29.7,29.7,3.9,0,11.29,2.85,1.74,910.32,74,2
"Ice cream, stick, vanilla flavour, chocolate coated, regular fat",1133,1133,18.1,24.4,24.4,0,0,14.31,1.73,0.32,938.85,16,2
"Ice cream, stick, other non-chocolate flavours, chocolate coated, regular fat",1133,1133,18.1,24.4,24.4,0,0,14.31,1.73,0.32,938.85,29,2
"Ice cream, stick, vanilla flavour, chocolate coated, with almonds, regular fat",1205,1201,20,23.5,23.5,0.1,0,13.76,3.46,0.98,892.86,78,2
"Ice cream, stick, vanilla flavour, fruit ice confection-coated, regular fat",595,595,5.5,22.1,22.1,1.1,0,3.72,1.3,0.15,161.47,13,1
"Ice cream, stick, vanilla flavour, with caramel sauce, chocolate coated, regular fat",1324,1324,23.4,25,25,0,0,18.5,2.24,0.42,1213.76,82,2
"Ice cream, chocolate flavour with confectionery & waffle cone, chocolate coated, regular fat",1350,1339,17.3,38.9,38.9,11.6,0,13.68,1.65,0.31,897.35,8,2
"Ice cream, vanilla flavour with confectionery & waffle cone, chocolate coated, regular fat",1128,1116,15.2,28.6,28.6,4.5,0,12.01,1.45,0.27,788.42,90,2
"Ice cream, other flavours with confectionery & waffle cone, chocolate coated, regular fat",898,887,9.7,30.1,30.1,4.5,0,7.67,0.93,0.17,503.14,21,1
"Ice cream, with fruit based ice confection, various flavours, regular fat",481,481,3.6,20.3,20.3,0,0,2.36,0.8,0.08,185.75,8,1
"Ice cream cake, not further defined",872,871,12.5,21.6,21.6,2,0,9.18,2.3,0.26,304.27,60,1
"Ice confection, stick, milk-based, chocolate flavoured, regular fat",563,561,5.3,19.8,19.8,0,0,2.7,1.92,0.13,175.3,42,1
"Ice confection, stick, milk-based, other flavours, regular fat",563,561,5.3,19.8,19.8,0,0,2.65,1.96,0.13,273.46,35,1
"Ice confection, stick, water-base, various flavours, regular fat",280,280,0,17.1,17.1,0,0,0,0,0,0,100,1
"Ice confection, stick or tub, fruit juice or fruit flavoured, regular fat",306,306,0.1,18.7,18.7,0,0,0,0,0,0,11,1
"Ice cream cone, soft serve vanilla ice cream, with wafer cone, fast food style",799,798,5.1,32.7,32.7,11.4,0,3.32,1.27,0.18,147.39,53,1
"Milk, human/breast, mature, fluid",286,286,4.2,6.8,6.8,0,0,1.79,1.5,0.5,70.25,48,1
"Infant formula, 6-12 months, prepared with water",264,264,2.9,7.9,7.9,0,0,1.25,1.11,0.4,0,59,1
"Infant formula, 6-12 months, added omega 3 fatty acids, prepared with water",264,264,2.9,7.9,7.9,0,0,1.25,1.11,0.41,0,40,1
"Toddler milk, added omega 3 fatty acids, prepared with water",280,279,2.6,8.4,8.4,2.4,0,1.72,0.65,0.12,0,97,1
"Toddler milk, regular, prepared with water",269,269,2.9,8.5,8.5,0,0,0.8,1.3,0.66,0,6,1
"Toddler milk, S26 Gold, prepared with water",287,287,2.7,9,9,2,0,0.62,0.9,1.01,51.62,83,1
"Babyccino, from cows milk",248,248,2.3,6.4,6.4,0,0,1.46,0.59,0.06,74.66,96,1
"Babyccino, from soy milk",229,224,1.9,5.7,5.7,1.5,0,0.34,0.41,1.04,18.22,33,1
"Buttermilk, cultured, 2% fat",242,242,2,5.4,5.4,0,0,1.29,0.48,0.08,37.8,63,1
"Milk, almond, fluid",143,141,2.7,2,2,0,0,0.21,1.34,1,22.09,71,1
"Milk, canned, evaporated, regular",590,590,8.1,9.9,9.9,0,0,5.22,2.04,0.29,151.45,11,1
"Milk, canned, evaporated, reduced fat (~ 2%)",381,381,2.1,10.6,10.6,0,0,1.35,0.53,0.07,39.1,96,1
"Milk, canned, evaporated, skim (<0.5% fat)",317,317,0.4,10.6,10.6,0,0,0.26,0.1,0.01,7.45,98,1
"Milk, canned, sweetened, condensed, regular",1362,1362,9.2,55,55,0,0,6.03,2.18,0.22,304.29,79,2
"Milk, canned, sweetened, condensed, skim (~0.2% fat)",1147,1147,0.2,60.4,60.4,0,0,0.17,0.06,0.01,4.65,62,2
"Milk, cow, fluid, flavoured, chocolate, regular fat",338,334,3.5,9,9,0.2,0,2.22,0.87,0.09,116.76,53,1
"Milk, cow, fluid, flavoured, chocolate, reduced fat",252,252,1.7,8.3,8.3,0,0,1.08,0.43,0.04,55.1,29,1
"Milk, cow, fluid, flavoured, chocolate, reduced fat, added Ca & vitamin D",241,241,1.4,8.3,8.3,0,0,0.89,0.35,0.03,45.38,86,1
"Milk, cow, fluid, flavoured, chocolate, reduced fat, added vitamins & minerals",351,351,1.5,16.5,16.5,6.1,0,0.36,0.85,0.21,28.25,55,1
"Milk, cow, fluid, flavoured, chocolate, not further defined",323,319,3.1,9.2,9.2,0.4,0,1.92,0.78,0.08,101.29,96,1
"Milk, cow, fluid, flavoured, coffee, regular fat",349,348,3.2,10.7,10.7,0,0,2.08,0.84,0.08,107.19,92,1
"Milk, cow, fluid, flavoured, coffee, reduced fat",263,262,1.2,9.8,9.8,0,0,0.78,0.29,0.03,35.77,83,1
"Milk, cow, fluid, flavoured, coffee, not further defined",323,322,2.6,10.4,10.4,0,0,1.68,0.67,0.07,85.61,43,1
"Milk, cow, fluid, flavoured, strawberry, regular fat",328,328,3.5,9,9,0,0,2.22,0.87,0.09,116.76,20,1
"Milk, cow, fluid, flavoured, strawberry, reduced fat",255,255,1.5,9.2,9.2,0,0,0.96,0.38,0.04,48.62,65,1
"Milk, cow, fluid, flavoured, all other flavours, regular fat",328,328,3.5,9,9,0,0,2.22,0.87,0.09,116.76,92,1
"Milk, cow, fluid, flavoured, all other flavours, reduced fat",255,255,1.5,9.2,9.2,0,0,0.96,0.38,0.04,47.6,85,1
"Milk, cow, fluid, regular fat (~3.5%)",281,281,3.4,6,6,0,0,2.19,0.89,0.09,113.28,25,1
"Milk, cow, fluid, regular fat (~3.5%), A2",281,281,3.4,6,6,0,0,2.19,0.89,0.09,113.28,44,1
"Milk, cow, fluid, regular fat (~3.5%), organic",285,285,4.1,4.8,4.8,0,0,2.63,1.06,0.11,135.61,60,1
"Milk, cow, fluid, regular fat (~3.5%), raw",281,281,3.4,6,6,0,0,2.19,0.89,0.09,113.28,66,1
"Milk, cow, fluid, regular fat (3.5%), added omega 3 polyunsaturates",256,256,3.2,5.1,5.1,0,0,2.08,0.81,0.12,81.65,24,1
"Milk, cow, fluid, reduced fat (1%)",191,191,1.2,5,5,0,0,0.82,0.3,0.03,37.8,91,1
"Milk, cow, fluid, reduced fat (1%), A2",191,191,1.2,5,5,0,0,0.82,0.3,0.03,37.8,22,1
"Milk, cow, fluid, reduced fat (1%), organic",179,179,1,5.1,5.1,0,0,0.66,0.24,0.03,30.24,6,1
"Milk, cow, fluid, reduced fat (1%), added milk solids",207,207,1.1,6.1,6.1,0,0,0.72,0.27,0.03,33.26,44,1
"Milk, cow, fluid, reduced fat (1%), added phytosterols",192,192,1,5.6,5.6,0,0,0.68,0.26,0.03,31.58,75,1
"Milk, cow, fluid, reduced fat (1%), increased Ca, added Fe & vitamins C & D",215,215,1.1,6.6,6.6,0,0,0.72,0.27,0.03,33.26,8,1
"Milk, cow, fluid, reduced fat (~1.5%), increased protein (~4%)",213,213,1.6,5.4,5.4,0,0,1,0.39,0.04,51.05,93,1
"Milk, cow, fluid, reduced fat (1.5%), added Ca, Mg, Zn & vitamin D",223,223,1.4,5.9,5.9,0,0,0.92,0.33,0.03,46.3,57,1
"Milk, cow, fluid, reduced fat (1.5%), added omega 3 polyunsaturates",213,213,1.4,5.1,5.1,0,0,0.48,0.73,0.11,14.55,74,1
"Milk, cow, fluid, reduced fat (1.5%), increased Ca, folate & vitamin D",203,203,1.2,5.4,5.4,0,0,0.84,0.3,0.04,37.8,94,1
"Milk, cow, fluid, skim (~0.15% fat)",142,142,0.1,4.8,4.8,0,0,0.08,0.03,0,2.23,87,1
"Milk, cow, fluid, skim (~0.15% fat), added milk solids",160,160,0.1,5.4,5.4,0,0,0.08,0.03,0,2.23,37,1
"Milk, cow, fluid, lactose free, regular fat (~3.5%)",267,267,3.6,4.8,4.8,0,0,2.3,0.94,0.1,119.07,13,1
"Milk, cow, fluid, lactose free, reduced fat (~1%)",180,180,1.2,4.8,4.8,0,0,0.76,0.28,0.03,34.78,39,1
"Milk, cow, fluid, lactose free, unfortified, not further defined",227,227,2.5,4.8,4.8,0,0,1.6,0.64,0.07,80.76,97,1
"Milk, cow, fluid, regular fat (~3.5%), not further defined",281,281,3.4,5.9,5.9,0,0,2.2,0.89,0.09,113.17,46,1
"Milk, cow, fluid, reduced fat (1-2%), not further defined",198,198,1.3,5.2,5.2,0,0,0.87,0.33,0.04,41.65,64,1
"Milk, cow, fluid, skim (~0.15% fat), not further defined",142,142,0.1,4.8,4.8,0,0,0.08,0.03,0,2.23,81,1
"Milk, cow, fluid, unflavoured, not further defined",233,233,2.2,5.5,5.5,0,0,1.44,0.58,0.06,72.83,26,1
"Milk, cow, fluid, unflavoured, not further defined",281,281,3.4,5.8,5.8,0,0,2.22,0.9,0.09,96.32,80,1
"Milk, dairy or dairy alternative, not further defined, for use in protein drinks",213,213,1.7,5.5,5.5,0.4,0,1.03,0.44,0.13,51.82,27,1
"Milk, goat, fluid, regular fat",207,207,2.6,3.6,3.6,0,0,1.72,0.59,0.09,86.66,6,1
"Milk, powder, cow, regular fat",2050,2050,26.4,38.3,38.3,0,0,17.28,6.95,0.69,490.54,36,2
"Milk, powder, cow, regular fat",2127,2127,27.3,43,43,0,0,18.26,6.04,0.67,508.23,64,2
"Milk, cow, fluid, prepared from dry powder, regular fat, standard dilution",293,293,3.8,5.5,5.5,0,0,2.47,0.99,0.1,70.08,49,1
"Milk, cow, fluid, prepared from dry powder, regular fat, standard dilution",304,304,3.9,6.1,6.1,0,0,2.61,0.86,0.1,72.6,52,1
"Milk, powder, cow, skim",1455,1455,0.9,50.3,50.3,0,0,0.56,0.22,0.03,16.07,52,2
"Milk, powder, cow, skim",1519,1519,0.8,56,56,0,0,0.51,0.18,0.05,14.89,11,2
"Milk, cow, fluid, prepared from dry powder, skim, standard dilution",156,156,0.1,5.4,5.4,0,0,0.06,0.02,0,1.72,96,1
"Milk, cow, fluid, prepared from dry powder, skim, standard dilution",163,163,0.1,6,6,0,0,0.06,0.02,0,1.6,26,1
"Milk, powder, goat, regular fat",2048,2048,27.1,36.5,36.5,0,0,17.8,6.78,1.02,503.85,11,2
"Milk & water, regular fat cow's milk & tap water",141,141,1.7,3,3,0,0,1.1,0.44,0.04,56.59,22,1
"Milk & water, reduced fat cow's milk & tap water",99,99,0.7,2.6,2.6,0,0,0.44,0.17,0.02,20.82,70,1
"Milk & water, skim cow's milk & tap water",71,71,0.1,2.4,2.4,0,0,0.04,0.02,0,1.12,28,1
"Drink, cows milk, added egg & sugar (eggnog or egg nog)",809,808,12.8,8.6,8.6,0,4.4,7.62,3.37,0.64,556.13,27,1
"Drink, probiotic, contains milk solids & sugar",314,314,0,18,18,0,0,0.02,0.01,0,0.64,88,1
"Drink, probiotic, contains milk solids & sugar, intense sweetened",239,218,0,12,12,0,0,0.02,0.01,0,0.64,76,1
"Iced chocolate, regular fat cows milk, with ice cream & whipped cream",531,530,6.8,14.1,14.1,0.7,0,4.4,1.66,0.21,263.79,84,1
"Iced coffee, regular fat cows milk",133,131,1.5,2.8,2.8,0.1,0,0.99,0.4,0.04,50.65,35,1
"Iced coffee, regular fat cows milk, with added sugar",159,159,1.6,4.6,4.6,0,0,0.99,0.39,0.06,50.2,30,1
"Iced coffee, regular fat cows milk, with ice cream",320,320,4.1,7.6,7.6,0.5,0,2.72,1.01,0.13,126.38,71,1
"Iced coffee, regular fat cows milk, with ice cream & whipped cream",405,405,6.5,7.3,7.3,0.4,0,4.24,1.58,0.22,256.63,14,1
"Iced coffee, regular fat cows milk, with whipped cream",215,215,3.8,2.8,2.8,0,0,2.43,0.93,0.14,168.36,16,1
"Iced coffee, reduced fat cows milk",91,91,0.6,2.3,2.3,0,0,0.41,0.15,0.03,18.83,51,1
"Iced coffee, reduced fat cows milk, with ice cream",279,277,3,7.2,7.2,0.6,0,2,0.71,0.08,88.34,27,1
"Iced coffee, regular fat soy milk",115,113,1.3,2.1,2.1,0.4,0,0.22,0.26,0.7,10.27,29,1
"Milkshake, bubble tea, non-chocolate or coffee flavour, cows milk, tapioca pearls",161,160,0.9,6.4,6.4,1.5,0,0.53,0.21,0.02,26.89,66,1
"Milkshake, chocolate or coffee flavour, regular fat cows milk, with ice cream",416,415,3.9,13.7,13.7,0.5,0,2.51,0.97,0.1,121.3,25,1
"Milkshake, chocolate or coffee flavour, regular fat cows milk, without ice cream",365,365,2.9,12.7,12.7,0.3,0,1.87,0.76,0.08,95.56,89,1
"Milkshake, chocolate or coffee flavour, reduced fat cows milk, with ice cream",353,353,2.3,13.1,13.1,0.5,0,1.53,0.56,0.06,68.11,46,1
"Milkshake, chocolate or coffee flavour, reduced fat cows milk, without ice cream",294,294,1.2,12.1,12.1,0.3,0,0.76,0.29,0.03,35.13,98,1
"Milkshake, non-chocolate or coffee flavours, regular fat cows milk, with ice cream",407,406,3.8,13.3,13.3,0.5,0,2.49,0.96,0.1,121.3,62,1
"Milkshake, non-chocolate or coffee flavours, regular fat cows milk, without ice cream",355,354,2.9,12.3,12.3,0.3,0,1.85,0.75,0.08,95.56,45,1
"Milkshake, non-chocolate or coffee flavours, reduced fat cows milk, with ice cream",341,340,2.1,12.9,12.9,0.7,0,1.38,0.5,0.05,62.48,90,1
"Milkshake, non-chocolate or coffee flavours, reduced fat cows milk, without ice cream",284,283,1.1,11.6,11.6,0.3,0,0.74,0.28,0.03,35.13,68,1
"Milkshake, non-chocolate or coffee flavours, soy milk, without ice cream",297,292,1.6,11.4,11.4,1.6,0,0.26,0.33,0.89,13.24,93,1
"Smoothie, cows milk, all flavours, added banana",380,372,1.7,15.8,15.8,3,0,1.03,0.41,0.04,46.87,66,1
"Smoothie, cows milk, all flavours, added berries",281,272,1.7,10.2,10.2,0.3,0,1.04,0.41,0.04,46.87,24,1
"Smoothie, cows milk, all flavours, added mango",319,314,1.7,12.6,12.5,0.4,0,1.03,0.41,0.04,46.87,13,1
"Smoothie, cows milk, all flavours, added mixed fruit",326,319,1.7,12.8,12.8,1.4,0,1.03,0.41,0.04,46.87,64,1
"Smoothie, cows milk, all flavours, added mixed fruit & egg",339,332,2.3,11.2,11.2,1.3,0,1.13,0.71,0.16,42.12,96,1
"Smoothie, cows milk, all flavours, added mixed fruit, guarana & herbal extracts",326,319,1.7,12.8,12.8,1.4,0,1.03,0.41,0.04,46.85,62,1
"Smoothie, cows milk, all flavours, added mixed fruit & nuts or seeds",543,529,7,11.7,11.7,1.5,0,1.37,3.22,2,68.19,62,1
"Smoothie, fruit juice based, added berries",188,174,0.1,9.5,9.2,0.1,0,0,0,0,0,8,1
"Smoothie, fruit juice based, added mixed fruit",240,228,0.1,12.6,12.3,1.1,0,0,0,0,0,63,1
"Smoothie, fruit juice based, added mixed fruit & nuts or seeds",473,456,5.7,11.9,11.7,1.3,0,0.47,2.87,1.97,27.05,32,1
"Smoothie, non-dairy base, all flavours, added mixed fruit",322,314,1.4,13.4,13.4,2.7,0,0.56,0.34,0.37,24.6,65,1
"Spider, cola soft drink & ice cream",293,293,2,12.8,12.8,0.6,0,1.36,0.44,0.05,60.87,53,1
"Thickshake, caramel flavour, fast food style",494,494,2.8,20.3,20.3,4,0,1.88,0.67,0.08,81.9,41,1
"Thickshake, chocolate flavour, fast food style",500,499,2.8,20.6,20.6,3.8,0,1.88,0.67,0.08,81.9,15,1
"Thickshake, strawberry flavour, fast food style",492,492,2.8,20.3,20.3,3.8,0,1.87,0.66,0.07,81.9,47,1
"Thickshake, vanilla flavour, fast food style",449,449,3,16.9,16.9,3.9,0,2,0.71,0.08,87.75,94,1
"Thickshake, chocolate or coffee flavour, regular fat cows milk, with ice cream",456,455,4.6,14.4,14.4,0.7,0,3,1.14,0.12,141.54,72,1
"Thickshake, non-chocolate or coffee flavour, regular fat cows milk, with ice cream",447,447,4.5,14,14,0.7,0,2.99,1.12,0.12,141.54,94,1
"Thickshake, all flavours, with cows milk, crushed ice, ice cream & confectionary, fast food style",563,562,5.2,19.8,19.8,2,0,3.26,1.37,0.22,126.29,14,1
"Custard, dairy, regular fat, banana, commercial",437,437,3,16.7,16.7,2.3,0,1.96,0.71,0.07,98.89,20,1
"Custard, dairy, regular fat, chocolate, commercial",456,456,2.6,17.9,17.9,2.1,0,1.7,0.62,0.06,86,32,1
"Custard, dairy, regular fat, vanilla, commercial",392,392,3,13.9,13.9,2.3,0,1.96,0.71,0.07,98.89,84,1
"Custard, dairy, reduced fat, vanilla, commercial",346,338,0.9,14.8,14.8,3,0,0.59,0.21,0.02,29.77,43,1
"Custard, egg, vanilla, homemade from basic ingredients",723,723,4.6,29.7,29.7,5.4,0,1.91,1.71,0.37,52.54,96,1
"Custard powder, dry mix, commercial",1475,1472,0.1,86.1,86.1,84.9,0,0,0,0,0,36,2
"Custard, dairy, vanilla, prepared from dry mix",391,391,2.4,14.3,14.3,4.5,0,1.57,0.63,0.06,79.07,87,1
"Custard, dairy, vanilla, not further defined",417,415,2.7,15.7,15.7,3.1,0,1.67,0.71,0.09,80.14,72,1
"Custard or yoghurt dessert, infant, dairy, regular fat, fruit flavoured, commercial",297,297,2.1,12.3,12.3,5.2,0,1.38,0.5,0.05,69.46,46,1
"Custard pudding, creme caramel or brulee, regular fat, vanilla, commercial",522,522,3.7,19.5,19.5,1.8,0,2.42,0.88,0.09,122.38,75,1
"Custard pudding or creme brulee, flavoured (except chocolate or coffee), homemade from basic ingredients",1735,1735,35.3,22.5,22.5,0,0,21.45,9.24,1.59,1625.15,84,2
"Dairy dessert, chocolate, regular fat",533,522,3.7,17.7,17.7,2,0,2.34,0.96,0.1,122.38,58,1
"Dairy dessert, chocolate, regular fat, added vitamins A, B1, B2, C, D & folate, Ca & Fe, commercial",562,549,4,18.6,18.6,2.4,0,2.53,1.03,0.11,139.1,59,1
"Dairy dessert, flavours other than chocolate, regular fat",420,420,3,15.7,15.7,3.5,0,1.95,0.74,0.11,134.74,88,1
"Fromais frais, berry pieces or flavour, regular fat (5% fat)",499,498,4.3,13.9,13.9,0,0,2.75,1.07,0.15,79.83,45,1
"Fromais frais, fruit pieces or flavoured, regular fat (5% fat)",486,485,4.7,13,13,0,0,3.01,1.18,0.16,87.5,36,1
"Fromais frais, vanilla flavoured, regular fat (5% fat)",496,496,4.7,13,13,0,0,2.97,1.34,0.13,88.83,66,1
"Mousse, chocolate, homemade from basic ingredients",1448,1445,27.2,21.6,21.6,3.2,0,16.31,7.54,1.17,902.15,98,2
"Panna cotta, dairy, vanilla, homemade from basic ingredients",761,761,11.2,16.9,16.9,0,0,7.2,2.74,0.41,537.06,22,1
"Pudding, rice, coconut cream, homemade from basic ingredients",710,705,6.3,26.3,26.3,17.3,0,5.64,0.25,0.07,0,84,1
"Pudding, rice, dairy, vanilla, commercial",495,494,2.9,19.8,19.8,5.3,0,1.85,0.76,0.08,95.13,53,1
"Pudding, rice, dairy, vanilla, homemade from basic ingredients",670,668,1.9,32.6,32.6,10.5,0,1.24,0.49,0.06,57.92,52,1
"Pudding, rice, dairy, chocolate, commercial",711,696,3.4,30.3,30.3,11.1,0,2.1,0.94,0.1,82.76,86,1
"Pudding, rice, dairy, chocolate, homemade from basic ingredients",681,666,2.6,30,30,11.1,0,1.63,0.74,0.08,57.22,71,1
"Tiramisu, coffee, homemade from basic ingredients",954,950,15.3,15.6,15.6,5.8,1,8.97,4.07,0.79,620.28,7,2
"Yoghurt, Greek style (~10%), natural",589,589,10.1,6.9,6.9,0,0,6.36,2.88,0.29,190.27,93,1
"Yoghurt, Greek style (~8%), natural",500,500,8,5.8,5.8,0,0,5.09,2.3,0.23,152.14,59,1
"Yoghurt, Greek style, regular fat (~5%), natural",441,441,4.8,9,9,0,0,3.04,1.37,0.14,90.72,11,1
"Yoghurt, Greek style, reduced fat (~2%), natural",376,360,2.1,8.3,8.3,0,0,1.33,0.6,0.06,39.69,29,1
"Yoghurt, natural, regular fat (~4%)",324,324,3.9,4.2,4.2,0,0,2.46,1.11,0.11,73.43,21,1
"Yoghurt, natural, regular fat (~4%), homemade from basic ingredients",353,353,4.2,4.8,4.8,0,0,2.68,1.21,0.12,80.14,88,1
"Yoghurt, natural, reduced fat (~1.5%)",309,309,1.5,8.6,8.6,0,0,0.95,0.43,0.04,28.35,39,1
"Yoghurt, natural, reduced fat (~1.5%), homemade from basic ingredients",309,309,1.5,8.6,8.6,0,0,0.95,0.43,0.04,28.35,98,1
"Yoghurt, natural, low fat (<0.5%)",241,241,0.3,5.9,5.9,0,0,0.19,0.09,0.01,5.68,69,1
"Yoghurt, natural, not further defined",309,309,2.9,5.3,5.3,0,0,1.82,0.82,0.08,54.36,33,1
"Yoghurt, natural or Greek, high fat (~8%), added honey or sugar",549,549,7.6,10.4,10.4,0,0,4.78,2.17,0.22,143.02,16,1
"Yoghurt, natural or Greek, high fat (~6%), added berry pieces",520,518,5.8,12.7,12.7,0,0,3.67,1.66,0.16,109.64,11,1
"Yoghurt, natural or Greek, high fat (~6%), added mango &/or passionfruit pieces",517,510,5.8,11.9,11.9,0,0,3.67,1.66,0.16,109.64,21,1
"Yoghurt, natural or Greek, regular fat (~4%), added berry pieces",486,482,4,14.6,14.6,0,0,2.5,1.13,0.11,74.84,37,1
"Yoghurt, natural or Greek, regular fat (~4%), added mango &/or passionfruit pieces",540,531,4,17.9,17.9,0,0,2.48,1.12,0.11,74.18,88,1
"Yoghurt, natural or Greek, regular fat (~3.5%), added honey",439,439,3.4,13.3,13.3,0,0,2.14,0.97,0.1,63.83,46,1
"Yoghurt, apple & cinnamon flavoured, regular fat (~3%), added cereals",482,479,3.4,16,16,1.1,0,2.17,0.91,0.14,55.28,46,1
"Yoghurt, apricot, peach or nectarine pieces or flavoured, regular fat (~3%)",386,385,3.2,11.1,11.1,0,0,2.03,0.76,0.12,59.57,23,1
"Yoghurt, apricot, peach or nectarine pieces or flavoured, reduced fat (1%)",355,355,1,13.4,13.4,0,0,0.63,0.24,0.04,18.43,87,1
"Yoghurt, apricot, peach or nectarine pieces or flavoured, low fat (<0.5%)",310,309,0.1,12.5,12.5,0,0,0.09,0.03,0,2.61,25,1
"Yoghurt, apricot, peach or nectarine pieces or flavoured, low fat (<0.5%), intense sweetened",165,165,0.2,4.4,4.4,0.2,0,0.1,0.04,0,2.84,36,1
"Yoghurt, banana pieces or flavoured, regular fat (~3%)",386,386,2.8,11.6,11.6,0,0,1.75,0.79,0.07,52.3,88,1
"Yoghurt, banana pieces or flavoured, regular fat (~3%), added omega-3 polyunsaturates",383,383,2.8,11,11,0,0,1.74,0.77,0.14,52.92,68,1
"Yoghurt, banana & honey flavoured, regular fat (~3%), added cereals",439,437,3.1,13.8,13.8,1.1,0,2,0.83,0.13,50.22,17,1
"Yoghurt, banana & honey flavoured, low fat (<0.5%), intense sweetened",194,194,0.1,6.1,6.1,0.7,0,0.06,0.03,0,1.89,9,1
"Yoghurt, berry pieces or flavoured, regular fat (~3%)",401,400,3.1,11.6,11.6,0,0,2,0.75,0.12,58.62,20,1
"Yoghurt, berry flavoured, regular fat (~3%), added cereals",486,481,3.5,15.5,15.5,1.6,0,2.22,0.95,0.17,56.18,13,1
"Yoghurt, berry pieces or flavoured, regular fat (~3%), added omega-3 polyunsaturates",363,362,2.8,9.9,9.9,0,0,1.79,0.67,0.17,52.35,56,1
"Yoghurt, berry pieces or flavoured, with added fruit juice, reduced fat (~2%)",451,450,1.8,19,19,0,0,1.16,0.43,0.07,34.02,91,1
"Yoghurt, berry pieces or flavoured, reduced fat (2%), added vitamins A, C, E, & omega-3 polyunsaturates",364,363,2,11.1,11.1,0,0,1.29,0.48,0.08,37.8,37,1
"Yoghurt, berry pieces or flavoured, reduced fat (1%)",368,368,0.9,14.6,14.6,0,0,0.58,0.22,0.04,17.01,48,1
"Yoghurt, berry pieces or flavoured, reduced fat (1%), added fibre",380,368,0.9,14.6,14.6,0,0,0.58,0.22,0.04,17.01,78,1
"Yoghurt, berry pieces or flavoured, low fat (<0.5%)",328,326,0.3,13,13,0.8,0,0.17,0.07,0.01,4.96,12,1
"Yoghurt, berry pieces or flavoured, low fat (<0.5%), intense sweetened",160,159,0.2,4,4,0,0,0.1,0.04,0,2.84,68,1
"Yoghurt, berry pieces or flavoured, low fat (<0.5%), intense sweetened, added fibre",180,159,0.2,4,4,0,0,0.1,0.04,0,2.84,44,1
"Yoghurt, dessert flavoured, reduced fat (~1%)",417,417,1.4,16.2,16.2,0,0,0.88,0.4,0.04,26.46,21,1
"Yoghurt, dessert flavoured, low fat (<0.5%), intense sweetened",193,191,0.1,6,6,1.2,0,0.06,0.03,0,0,77,1
"Yoghurt, dessert flavoured, low fat (<0.5%), intense sweetened, added fibre",272,252,0.1,8.2,8.2,1.2,0,0.06,0.03,0,0,6,1
"Yoghurt, drinking style, fruit flavoured, reduced fat (1%)",286,285,0.6,11.3,11.3,0,0,0.41,0.15,0.03,11.96,13,1
"Yoghurt, drinking style, vanilla flavoured, reduced fat (1%)",298,298,0.6,12.1,12.1,0,0,0.38,0.17,0.02,11.34,79,1
"Yoghurt, flavoured, regular fat (~4%), homemade from basic ingredients",451,451,3.6,13.7,13.7,0,0,2.28,1.03,0.1,68.04,23,1
"Yoghurt, flavoured, reduced fat (~1.5%), homemade from basic ingredients",391,391,1.5,13.7,13.7,0,0,0.95,0.43,0.04,28.35,27,1
"Yoghurt, fruit pieces or flavoured, reduced fat (~2%), added Ca & vitamin D",366,366,1.8,13.7,13.7,1.7,0,1.14,0.52,0.05,34.02,91,1
"Yoghurt, fruit pieces, reduced fat (2%), added vitamins A, B1, B2, B3, B6, B12, C, D, E, & folate",415,414,2,14.2,14.2,3.5,0,1.29,0.48,0.08,37.8,49,1
"Yoghurt, honey flavoured, high fat (~5%)",502,502,4.6,14.4,14.4,2,0,2.91,1.32,0.13,86.94,50,1
"Yoghurt, honey flavoured, reduced fat (~2%)",406,406,1.7,14.2,14.2,5.4,0,1.08,0.49,0.05,32.13,47,1
"Yoghurt, honey flavoured, reduced fat (~1%)",414,414,0.9,17,17,1.6,0,0.57,0.26,0.03,17.01,57,1
"Yoghurt, mango pieces or flavoured, regular fat (~3%)",430,430,3.3,13.6,13.6,0,0,2.13,0.79,0.13,62.37,15,1
"Yoghurt, mango pieces or flavoured, reduced fat (1%)",381,380,1,15.2,15.2,0,0,0.61,0.23,0.04,17.96,99,1
"Yoghurt, mango pieces or flavoured, low fat (<0.5%), intense sweetened",174,173,0.1,5.1,5.1,0.2,0,0.06,0.02,0,1.89,50,1
"Yoghurt, passionfruit flavoured, regular fat (~3%)",402,401,3.4,11.4,11.4,0,0,2.19,0.82,0.13,64.26,87,1
"Yoghurt, passionfruit flavoured, reduced fat (1%)",371,370,1,14.4,14.4,0,0,0.65,0.24,0.04,18.9,60,1
"Yoghurt, passionfruit flavoured, reduced fat (1%), added fibre",352,339,0.9,12.5,12.5,0,0,0.58,0.22,0.04,17.01,43,1
"Yoghurt, passionfruit flavoured, reduced fat (1%), reduced sugar",224,223,1,5.3,5.3,0,0,0.65,0.24,0.04,18.9,18,1
"Yoghurt, passionfruit flavoured, low fat (<0.5%), intense sweetened",171,170,0.1,4.8,4.8,0.2,0,0.06,0.02,0,0,54,1
"Yoghurt, peach, mango & passionfruit pieces or flavoured, high fat (~6%)",495,494,5.8,10.7,10.7,0.1,0,3.74,1.4,0.23,109.62,42,1
"Yoghurt, peach & mango pieces or flavoured, regular fat (~3%)",406,405,3.3,12,12,0,0,2.12,0.79,0.13,62.07,27,1
"Yoghurt, peach & mango pieces or flavoured, reduced fat (2%)",414,414,1.6,15.4,15.4,0,0,1.03,0.38,0.06,30.24,30,1
"Yoghurt, peach & mango pieces or flavoured, reduced fat (1%)",368,367,1,14.3,14.3,0,0,0.62,0.23,0.04,18.19,58,1
"Yoghurt, peach & mango pieces or flavoured, reduced fat (1%), added fibre",368,356,0.8,13.6,13.6,0,0,0.55,0.2,0.03,16.06,46,1
"Yoghurt, peach & mango pieces or flavoured, low fat (<0.5%), intense sweetened",174,173,0.1,5,5,0.2,0,0.08,0.03,0,2.33,71,1
"Yoghurt, tropical fruit or fruit salad pieces or flavoured, regular fat (~3%)",401,401,3.2,11.9,11.9,0,0,2.03,0.79,0.12,59.62,26,1
"Yoghurt, tropical fruit or fruit salad pieces or flavoured, regular fat (~3%), added omega-3 polyunsaturates",381,380,2.7,11.3,11.3,0,0,1.74,0.65,0.16,51.03,65,1
"Yoghurt, tropical fruit or fruit salad pieces or flavoured, with added fruit juice, reduced fat (~2%)",447,446,1.8,18.8,18.8,0,0,1.16,0.43,0.07,34.02,85,1
"Yoghurt, tropical fruit or fruit salad pieces or flavoured, reduced fat (1%)",368,367,1,14.2,14.2,0,0,0.63,0.24,0.04,18.43,52,1
"Yoghurt, tropical fruit or fruit salad pieces or flavoured, low fat (<0.5%), intense sweetened",170,169,0.1,4.7,4.7,0.2,0,0.08,0.03,0,1.7,35,1
"Yoghurt, tropical fruit or fruit salad pieces or flavoured, low fat (<0.5%), intense sweetened, added fibre",261,236,0.1,7.4,7.4,0.2,0,0.06,0.02,0,0,68,1
"Yoghurt, vanilla flavoured, regular fat (~3%)",388,388,3.4,9.8,9.8,0,0,2.15,0.97,0.1,64.26,63,1
"Yoghurt, vanilla flavoured, regular fat (~3%), added omega-3 polyunsaturates",379,379,2.7,11,11,0,0,1.71,0.74,0.13,51.03,94,1
"Yoghurt, vanilla flavoured, reduced fat (2%), added berry pieces",489,485,1.5,20.9,20.9,0,0,0.99,0.37,0.06,28.88,24,1
"Yoghurt, vanilla flavoured, reduced fat (~1%)",363,363,0.9,14,14,0,0,0.57,0.26,0.03,17.01,32,1
"Yoghurt, vanilla flavoured, reduced fat (~1%), added fibre",370,358,0.8,13.8,13.8,0,0,0.5,0.23,0.02,15.12,38,1
"Yoghurt, vanilla flavoured, reduced fat (~1%), intense sweetened",262,262,0.9,7.6,7.6,1.1,0,0.57,0.26,0.03,17.01,7,1
"Yoghurt, vanilla flavoured, low fat (<0.5%)",367,365,0.5,13.9,13.9,1.2,0,0.32,0.14,0.01,9.45,16,1
"Yoghurt, vanilla flavoured, low fat (<0.5%), intense sweetened",186,184,0.1,5.5,5.5,1.2,0,0.06,0.03,0,1.89,93,1
"Yoghurt, vanilla flavoured, low fat (<0.5%), with added protein & fibre, intense sweetened",309,289,0.1,10.4,10.4,1.2,0,0.06,0.03,0,1.89,70,1
"Yoghurt, not further defined",370,369,2.9,9.9,9.9,0.1,0,1.82,0.79,0.09,54.09,63,1
"Sheep's, milk or yoghurt",385,385,5.5,5.7,5.7,2.2,0,3.64,1.4,0.16,0,95,1
"Yoghurt, frozen, berry flavoured, regular fat",523,523,2.9,22.1,22.1,0,0,1.86,0.84,0.08,55.57,96,1
"Yoghurt, frozen, tropical or fruit salad flavoured, regular fat",563,563,3,24.2,24.2,0,0,1.9,0.86,0.08,56.7,69,1
"Ice confection, non-dairy, chocolate or coffee flavour, regular fat",630,621,3.2,27.6,27.6,0.7,0,0.61,0.65,1.6,6.57,99,1
"Ice confection, non-dairy, vanilla flavour, regular fat",609,606,2.9,27.6,27.6,0.1,0,0.41,0.54,1.63,6.74,78,1
"Miso, soyabean paste",766,732,5.1,19.7,19.7,9.3,0,0.74,0.93,2.42,10.2,15,1
"Beverage base, soy, dry powder (not infant food)",1992,1962,26.3,36.9,36.9,25.6,0,4.26,5.48,14.68,61.15,59,2
"Milk, oat, fluid, unfortified",222,213,2.1,6.5,6.5,6.4,0,0.29,0.7,0.96,22.48,37,1
"Milk, oat, fluid, added calcium",220,211,2,6.5,6.5,6.3,0,0.29,0.69,0.94,22.21,10,1
"Milk, rice, fluid, added calcium",255,255,1,12.7,12.7,9,0,0.16,0.47,0.31,21.51,48,1
"Milk, rice, fluid, protein enriched, added calcium",159,159,1.1,5.6,5.6,2.8,0,0.18,0.52,0.34,23.66,27,1
"Soy beverage, regular fat (~3%), unfortified",246,241,2.7,4.6,4.6,0.8,0,0.43,0.56,1.49,22.36,55,1
"Soy beverage, regular fat (~3%), added Ca",246,241,2.7,4.6,4.6,0.8,0,0.43,0.56,1.49,22.36,96,1
"Soy beverage, regular fat (~3%), added Ca & vitamins A, B2, & B12",230,225,3,3.6,3.6,0.8,0,0.48,0.62,1.66,24.84,73,1
"Soy beverage, regular fat (~3%), added Ca & vitamins A, B1, B2 & B12",251,247,2.7,4.6,4.6,0.8,0,0.43,0.56,1.49,22.36,81,1
"Soy beverage, regular fat (~3%), added Ca & vitamins A, B1, B2, B6, B12, & D",273,268,3,6.2,6.2,0.8,0,0.48,0.62,1.66,24.84,38,1
"Soy beverage, regular fat (~3%), homemade from basic ingredients, unfortified",246,241,2.7,4.6,4.6,0.8,0,0.43,0.56,1.49,22.36,16,1
"Soy beverage, reduced fat (~1% fat), unfortified",113,109,0.7,3.5,3.5,0.8,0,0.11,0.14,0.39,5.8,30,1
"Soy beverage, reduced fat (~1.5% fat), added Ca",157,153,1.5,2.7,2.7,0.8,0,0.24,0.31,0.83,12.42,42,1
"Soy beverage, reduced fat (~1.5% fat), added vitamins A, B1, B2, B3, B6, B12, C, E, folate & Ca & Fe",260,254,1.4,8.7,8.7,6.2,0,0.18,0.27,0.89,3.34,85,1
"Soy beverage, reduced fat (~1.5% fat), added fibre, Ca & vitamins A, B1, B2, B6 & B12",240,224,1.5,6.7,6.7,3.4,0,0.24,0.31,0.83,12.42,52,1
"Soy beverage, reduced fat (~1% fat), added Ca & vitamins A, B2 & B12",191,186,1,5.7,5.7,2.8,0,0.16,0.21,0.55,8.28,86,1
"Soy beverage, reduced fat (~1% fat), added Ca & vitamins A, B1, B2 & B12",187,182,0.9,5.7,5.7,2.8,0,0.14,0.19,0.5,7.45,41,1
"Soy beverage, low fat (~ 0.1%), added Ca & vitamins A, B1, B2 & B12",210,204,0.1,8.7,8.7,6.2,0,0.01,0.03,0.04,0.23,41,1
"Soy beverage, regular fat (~3%), unflavoured, not further defined",250,245,2.7,4.7,4.7,0.8,0,0.44,0.56,1.52,22.71,88,1
"Soy beverage, reduced fat (1-2%), unflavoured, not further defined",160,155,1,4.5,4.5,1.9,0,0.15,0.2,0.54,7.72,31,1
"Soy beverage, unflavoured, not further defined",213,208,1.9,4.9,4.9,1.5,0,0.3,0.39,1.06,15.7,31,1
"Soy beverage, chocolate flavoured, regular fat (~3%), added Ca & vitamins A, B1, B2 & B12",288,283,2.7,7.8,7.8,0.8,0,0.43,0.56,1.49,22.36,35,1
"Soy beverage, chocolate flavoured, reduced fat (~ 1.5%), added Ca & vitamins A, B1, B2 & B12",278,273,1.5,9.8,9.8,2.8,0,0.24,0.31,0.83,12.42,70,1
"Soy beverage, coffee flavoured, reduced fat (~ 1.5%), added Ca & vitamins A, B1, B2 & B12",266,262,1.5,9.2,9.2,2.8,0,0.24,0.31,0.83,12.42,55,1
"Falafel, chickpea patty, deep fried, fat not further defined",922,827,10.6,16.9,16.9,12.1,0,2.05,4.1,3.94,84.34,24,1
"Sausage, vegetarian style, raw",807,795,9.4,7.4,7.4,5.5,0,0.85,5.56,2.1,21.62,58,1
"Sausage, vegetarian style, added Fe, Zn and vitamin B12, raw",807,795,9.4,7.4,7.4,5.5,0,0.85,5.56,2.1,21.62,97,1
"Meat alternative, commercial, cooked, no added fat",849,837,9.9,7.8,7.8,5.8,0,0.9,5.85,2.21,22.76,81,1
"Meat alternative, commercial, cooked, fat not further defined",905,893,11.7,7.6,7.6,5.7,0,1.21,6.9,2.53,36.77,55,1
"Tempeh (fermented soy beans), fried",1875,1852,33.8,12.2,12.2,11.3,0,4.65,8.01,19.65,727.04,55,2
"Tofu (soy bean curd), firm, as purchased",502,474,7.3,0,0,0,0,0.96,1.64,4.07,0,14,1
"Tofu (soy bean curd), silken or soft, as purchased",224,206,2.5,1.3,1.3,0.7,0,0.33,0.56,1.39,0,73,1
"Tofu (soy bean curd), smoked, as purchased",751,735,9.8,4.6,4.6,4.3,0,1.29,2.2,5.46,0,25,1
"Tofu (soy bean curd), fried, stir-fried, grilled or BBQ'd, no added fat",688,649,10,0,0,0,0,1.32,2.24,5.58,0,16,1
"Tofu (soy bean curd), fried, stir-fried, grilled or BBQ'd, fat not further defined",773,736,12.5,0,0,0,0,1.74,3.8,5.96,19.82,21,1
"Tofu (soy bean curd), burger patty, as purchased",909,888,12.9,16.2,16.2,15.8,0,1.65,4.07,6.14,29.67,23,1
"Soy bean curd skins, dried, rehydrated in boiling water",346,327,3.8,2.3,2.3,1.9,0,0.66,0.89,1.94,0,93,1
"Rissole or patty, vegetable or lentil, commercial, baked, fried, grilled or BBQ'd, no added fat",758,728,5.1,26.3,26.3,17.2,0,0.63,2.39,1.61,25.4,55,1
"Rissole or patty, vegetable or lentil, commercial, baked, fried, grilled or BBQ'd, fat not further defined",817,788,7,25.8,25.8,16.8,0,0.84,3.13,2.45,67.91,12,1
"Rissole or patty, vegetable or lentil, homemade, baked, fried, grilled or BBQ'd, no added fat",766,735,5.1,26.6,26.6,17.4,0,0.64,2.42,1.63,25.65,25,1
"Rissole or patty, vegetable or lentil, homemade, baked, fried, grilled or BBQ'd, fat not further defined",823,793,7,26.1,26.1,17,0,0.95,3.54,1.96,39.61,76,1
"Vegetarian meat, bacon, cooked, with or without added fat",1025,993,12.6,10.9,10.9,7.7,0,1.14,7.45,2.82,28.98,12,2
"Yoghurt, soy based, apricot or mango flavoured, reduced fat (approx. 1%)",321,319,0.6,14.2,14.2,4.2,0,0.08,0.25,0.23,0,99,1
"Yoghurt, soy based, berry flavoured, regular fat (approx. 3%)",416,415,3.7,12.6,12.6,4.2,0,0.49,1.52,1.4,0,44,1
"Yoghurt, soy based, berry flavoured, reduced fat (1%)",337,335,0.6,15.3,15.3,4.2,0,0.08,0.25,0.23,0,20,1
"Yoghurt, soy based, vanilla flavoured, reduced fat (approx. 1%)",309,307,0.8,12.6,12.6,4.2,0,0.1,0.33,0.3,0,81,1
"Butter, plain, salted",3027,3027,81.3,0,0,0,0,53.46,16.07,1.49,4793.9,59,0
"Butter, plain, reduced salt (sodium < 350 mg /100 g)",3027,3027,81.3,0,0,0,0,53.46,16.07,1.49,4793.9,35,0
"Butter, plain, no added salt",3027,3027,81.3,0,0,0,0,53.46,16.07,1.49,4793.9,31,0
"Butter, not further defined",3027,3027,81.3,0,0,0,0,53.46,16.07,1.49,4793.9,91,0
"Butter, garlic or herb, homemade with butter or dairy blend",2716,2704,72,0.8,0.8,0.6,0,45.84,15.39,2.12,4054.54,29,0
"Butter, spreadable, regular (~80% fat)",3042,3042,81.7,0,0,0,0,53.72,16.15,1.5,4817.69,10,0
"Butter, spreadable, reduced fat (~60% fat)",2258,2258,60.5,0,0,0,0,39.78,11.96,1.11,3567.56,65,0
"Ghee, clarified butter",3701,3701,99.9,0,0,0,0,64.95,22.72,1.74,5890.9,60,0
"Dairy blend, butter & edible oil spread (~80% fat), sodium 485 mg/100 g",3068,3068,82.4,0.6,0.6,0,0,35.32,31.72,10.84,2504.96,100,0
"Dairy blend, butter & edible oil spread (~80% fat), reduced salt (sodium 290 mg/100 g)",3068,3068,82.4,0.6,0.6,0,0,35.32,31.72,10.84,2504.93,33,0
"Dairy blend, butter & edible oil spread (70% fat), sodium 485 mg/100 g",2668,2668,71.6,0.6,0.6,0,0,30.69,27.56,9.42,2176.64,93,0
"Dairy blend, butter & edible oil spread (70% fat), reduced salt (sodium 280 mg/100 g)",2668,2668,71.6,0.6,0.6,0,0,30.69,27.56,9.42,2176.64,37,0
"Dairy blend, butter & edible oil spread, reduced fat (60% fat), sodium 400 mg/100 g",2239,2239,60,0.6,0.6,0,0,25.72,23.1,7.9,1824,14,0
"Dairy blend, butter & edible oil spread, reduced fat (60% fat) & salt (sodium 200 mg/100 g)",2239,2239,60,0.6,0.6,0,0,25.72,23.1,7.9,1824,84,0
"Dairy blend, butter & edible oil spread, reduced fat (40% fat), sodium 510 mg/100 g",1499,1499,40,0.6,0.6,0,0,17.15,15.4,5.26,1216,70,2
"Dairy blend, butter & edible oil spread, reduced fat (40% fat) & sodium 380 mg/100 g",1499,1499,40,0.6,0.6,0,0,17.15,15.4,5.26,1216,87,2
"Dairy blend, butter & edible oil spread, reduced fat (16% fat) & sodium 390 mg/100 g",929,929,16,19.3,19.3,0,0,6.86,6.16,2.1,486.4,59,1
"Dairy blend, butter & edible oil spread, regular fat (>60% fat), regular salt",2905,2905,78,0.5,0.5,0,0,35.31,28.5,9.34,2604.9,85,0
"Dairy blend, butter & edible oil spread, reduced fat (<60% fat), regular salt",1887,1887,50.5,0.6,0.6,0,0,22.31,18.9,6.32,1617.5,27,2
"Dairy blend, butter & edible oil spread, reduced fat (<60% fat) & salt",1516,1516,39.6,2.5,2.5,0,0,16.98,15.25,5.21,1203.84,87,2
"Dairy blend, butter & edible oil spread, not further defined",2612,2612,70.1,0.6,0.6,0,0,30.05,26.98,9.22,2130.59,53,0
"Margarine spread, polyunsaturated (70% fat)",2552,2552,69,0,0,0,0,14.79,21.53,30,148.33,75,2
"Margarine spread, polyunsaturated (70% fat), reduced salt (sodium = 280 mg/100g)",2636,2636,70.8,0,0,0,0,17.34,20.33,30.26,203,98,2
"Margarine spread, polyunsaturated (70% fat), reduced salt (sodium = 340 mg/100 g), no added milk, added vitamin E",2590,2590,70,0,0,0,0,10.64,16.73,39.62,200.76,64,2
"Margarine spread, polyunsaturated, reduced fat (60% fat), sodium = 790 mg/100 g",2126,2126,57,0,0,0,0,13.96,16.37,24.37,163.48,8,2
"Margarine spread, polyunsaturated, reduced fat (50% fat) & salt (sodium = 360 mg/100 g)",1756,1756,47,0,0,0,0,11.51,13.5,20.09,134.8,54,2
"Margarine spread, polyunsaturated, reduced fat (50% fat) & salt (sodium = 340 mg/100 g), no added milk, added vitamin E",1813,1813,49,0,0,0,0,7.45,11.71,27.73,140.53,9,2
"Margarine spread, polyunsaturated, reduced fat (40% fat), no added salt or milk",1462,1462,39.5,0,0,0,0,6,9.44,22.36,113.29,81,2
"Margarine spread, polyunsaturated, reduced fat (25% fat) & salt (sodium = 360 mg/100 g)",890,890,23.6,0,0,0,0,5.78,6.78,10.09,67.68,91,1
"Margarine spread, polyunsaturated (65% fat), reduced salt (sodium = 360 mg/100 g), added phytosterols",2422,2422,65,0,0,0,0,13.96,16.36,24.36,163.41,61,2
"Margarine spread, polyunsaturated (60% fat), reduced salt (Na=340 mg/100 g), no added milk, added vitamin E & phytosterols",2183,2183,59,0,0,0,0,7.75,12.18,28.85,146.2,75,2
"Margarine spread, polyunsaturated, reduced fat (~40% fat) & salt (sodium = 360 mg/100 g), added phytosterols",1534,1534,41,0,0,0,0,8.08,9.47,14.1,94.59,13,2
"Margarine spread, polyunsaturated, reduced fat (~25% fat) & salt (sodium = 360 mg/100 g), added phytosterols",857,857,22.7,0,0,0,0,3.79,4.45,6.62,44.4,56,1
"Margarine spread, polyunsaturated, regular (>50% fat) & reduced salt (sodium <360 mg)",2518,2518,67.8,0,0,0,0,14,17.93,30.49,186.48,72,2
"Margarine spread, polyunsaturated, regular (>50% fat), not further defined",2532,2532,68.3,0,0,0,0,14.35,19.51,30.25,169.66,19,2
"Margarine spread, polyunsaturated, reduced fat (<50% fat) & salt (sodium <360 mg)",1594,1594,42.7,0,0,0,0,9.1,11.16,18.28,115.25,96,2
"Margarine spread, polyunsaturated, not further defined",2210,2210,59.5,0,0,0,0,12.55,16.65,26.15,151.02,41,2
"Margarine spread, monounsaturated (80% fat), rice bran oil, unfortified",3003,3003,81,0,0,0,0,21.88,30.97,23.98,680.66,86,2
"Margarine spread, monounsaturated (70%), reduced salt (sodium = 350 mg/100 g), added phytosterols",2820,2820,75.9,0,0,0,0,16.62,36.64,18.87,507.92,16,2
"Margarine spread, monounsaturated (65% fat)",2445,2445,65.9,0,0,0,0,14.56,31.63,16.39,554.03,45,2
"Margarine spread, monounsaturated (65% fat), reduced salt (sodium = 360mg/100 g)",2565,2565,68.9,0,0,0,0,15.83,33.67,16.08,566.16,57,2
"Margarine spread, monounsaturated (65% fat), reduced salt (sodium = 300 mg/100 g)",2565,2565,68.9,0,0,0,0,15.83,33.67,16.08,570.11,57,2
"Margarine spread, monounsaturated, reduced fat (60% fat), no added salt or milk",2237,2237,60,0,0,0,0,13.8,29.34,14.01,496.74,64,2
"Margarine spread, monounsaturated, reduced fat (50% fat)",1830,1830,49,0,0,0,0,11.27,23.96,11.44,405.67,37,2
"Margarine spread, monounsaturated, reduced fat (50% fat) & salt (sodium = 465 mg/100 g)",1867,1867,50,0,0,0,0,11.5,24.45,11.68,413.95,62,2
"Margarine spread, monounsaturated, reduced fat (50% fat) & salt (sodium = 350 mg/100 g)",1830,1830,49,0,0,0,0,11.27,23.96,11.44,405.67,95,2
"Margarine spread, monounsaturated, reduced fat (50% fat) & salt (sodium = 350 mg/100 g), no added milk",1924,1924,52,0,0,0,0,11.96,25.43,12.14,430.51,92,2
"Margarine spread, monounsaturated, reduced fat (45% fat) & salt (sodium = 350 mg/100 g), added phytosterols",1750,1750,47,0,0,0,0,8.54,18.82,9.69,260.9,46,2
"Margarine spread, monounsaturated, reduced fat (30% fat) & salt (sodium = 350 mg/100 g)",1164,1164,31,0,0,0,0,7.13,15.16,7.24,256.65,63,2
"Margarine spread, monounsaturated, reduced fat (25% fat) & salt (sodium = 350 mg/100 g), added vitamin E & phytosterols",862,862,23,0,0,0,0,3.44,7.57,3.9,104.97,21,1
"Margarine spread, monounsaturated, regular (>65% fat) & reduced salt (sodium <360 mg)",2558,2558,68.7,0,0,0,0,15.71,33.54,16.15,554.98,72,2
"Margarine spread, monounsaturated, regular (>65% fat), not further defined",2473,2473,66.5,0,0,0,0,15.01,32.23,16.02,541.42,85,2
"Margarine spread, monounsaturated, reduced fat (<50% fat) & reduced salt (sodium ~360 mg)",1702,1702,45.6,0,0,0,0,10.14,21.31,10.61,345.37,53,2
"Margarine spread, monounsaturated, reduced fat (<50% fat), not further defined",1718,1718,46,0,0,0,0,10.28,21.65,10.72,352.97,35,2
"Margarine spread, monounsaturated, not further defined",2306,2306,62,0,0,0,0,13.96,29.88,14.85,499.67,37,2
"Margarine spread, olive oil blend (65% fat), reduced salt (sodium = 360mg/100 g)",2422,2422,65,0,0,0,0,14.94,31.79,15.18,534.4,39,2
"Margarine spread, olive oil blend, (65% fat), reduced salt (sodium = 340 mg/100 g), no added milk, added vitamin E",2405,2405,65,0,0,0,0,15.35,20.82,27.03,186.42,42,2
"Margarine spread, olive oil blend (55% fat), reduced salt (sodium = 350mg/100 g)",2052,2052,55,0,0,0,0,12.65,26.9,12.84,452.19,99,2
"Margarine spread, olive oil blend (50% fat), reduced salt (sodium = 360 mg/100 g), added phytosterols",1793,1793,48,0,0,0,0,9.18,16.07,12.62,114.77,20,2
"Margarine spread, monounsaturated or polyunsaturated, regular fat (>50% fat) & salt",2485,2485,67.1,0,0,0,0,14.68,27.99,21.3,409.32,64,2
"Margarine spread, monounsaturated or polyunsaturated, regular fat (>50% fat) & reduced salt (sodium <360 mg)",2546,2546,68.4,0,0,0,0,15.2,28.9,20.42,445.4,94,2
"Margarine spread, monounsaturated or polyunsaturated, regular fat (>50% fat), not further defined",2492,2492,67.1,0,0,0,0,14.8,28.14,20.6,421.84,74,2
"Margarine spread, monounsaturated or polyunsaturated, reduced fat (<50% fat), regular salt",1830,1830,49,0,0,0,0,11.27,23.96,11.44,405.67,39,2
"Margarine spread, monounsaturated or polyunsaturated, reduced fat (<50% fat) & salt (sodium ~360 mg)",1648,1648,44.1,0,0,0,0,9.62,16.26,14.43,230.76,89,2
"Margarine spread, monounsaturated or polyunsaturated, reduced fat (<50% fat), not further defined",1661,1661,44.5,0,0,0,0,9.73,16.77,14.24,242.47,39,2
"Margarine spread, monounsaturated or polyunsaturated, regular salt, not further defined",2448,2448,66,0,0,0,0,14.49,27.76,20.74,409.11,72,2
"Margarine spread, monounsaturated or polyunsaturated, reduced salt, not further defined",2225,2225,59.7,0,0,0,0,13.2,24.37,18.27,368.55,18,2
"Margarine spread, monounsaturated or polyunsaturated, not further defined",2272,2272,61.1,0,0,0,0,13.45,25.12,18.91,374.29,17,2
"Fat, butter or dairy blend, for homemade cakes, biscuits & puddings, not further defined",2986,2986,80.2,0.1,0.1,0,0,51.12,17.16,2.26,4527.57,19,0
"Fat, butter, dairy blend, ghee or margarine, not further defined, for use in meat, fish, poultry & vegetable recipes",2959,2959,79.5,0,0,0,0,44.91,19.85,6.2,3803.66,78,0
"Fat, butter, dairy blend or margarine spread, not further defined",2554,2554,68.6,0,0,0,0,28.32,22.16,12.26,2011.4,42,0
"Fat, butter, dairy blend or margarine spread, not further defined",2584,2584,69.4,0,0,0,0,27.63,23.83,12.6,1930.25,20,0
"Fat, dairy blend or margarine spread, not further defined",2309,2309,62.1,0.1,0.1,0,0,15.26,25.33,17.86,565.04,32,2
"Margarine, cooking",2983,2983,80,0.8,0.8,0,0,35.49,34.57,6.42,451.23,84,2
"Oil, almond",3700,3700,100,0,0,0,0,6.02,65.2,24.28,2151,62,0
"Oil, blend of monounsaturated vegetable oils",3700,3700,100,0,0,0,0,6.88,57.89,29.49,1338.4,13,0
"Oil, blend of polyunsaturated vegetable oils",3700,3700,100,0,0,0,0,15.2,20.84,57.07,2963.6,27,0
"Oil, canola",3700,3700,100,0,0,0,0,7.3,59.36,28.5,28.68,74,2
"Oil, canola & red palm blend",3698,3698,100,0,0,0,0,15.58,54.86,24.64,290.48,93,0
"Oil, copha",3700,3700,99.9,0,0,0,0,92.41,1.41,0.28,28.23,75,2
"Oil, cottonseed",3700,3700,100,0,0,0,0,25.9,17.8,51.7,2151,50,0
"Oil, grapeseed",3700,3700,100,0,0,0,0,11.38,19.98,64.05,2151,9,0
"Oil, linseed or flaxseed",3700,3700,100,0,0,0,0,8.51,17.78,68.74,2151,71,0
"Oil, macadamia",3700,3700,100,0,0,0,0,13.58,80.59,1.24,2151,89,0
"Oil, maize",3700,3700,100,0,0,0,0,13.19,27.44,54.88,2151,100,0
"Oil, mustard seed",3700,3700,100,0,0,0,0,12.04,61.5,22.06,2151,71,0
"Oil, olive",3700,3700,100,0,0,0,0,15.32,71.21,8.73,0,52,2
"Oil, palm",3700,3700,100,0,0,0,0,48.76,37,9.27,1338.4,70,0
"Oil, peanut",3700,3700,100,0,0,0,0,18.07,43.88,33.56,2151,35,0
"Oil, rice bran",3700,3700,100,0,0,0,0,22.94,39.67,32.79,382.4,74,0
"Oil, safflower",3700,3700,100,0,0,0,0,9.37,13.58,72.56,2151,72,0
"Oil, sesame",3700,3700,100,0,0,0,0,15.2,39.2,41.2,2151,40,0
"Oil, soybean",3700,3700,100,0,0,0,0,14.72,18.55,62.33,2151,64,0
"Oil, sunflower",3700,3700,100,0,0,0,0,10.71,25.14,59.75,2151,78,0
"Oil, vegetable",3700,3700,100,0,0,0,0,11.04,39.36,43.28,2151,64,0
"Oil, not further defined",3700,3700,100,0,0,0,0,11.84,56.69,26.46,618.53,26,0
"Oil, not further defined, for use in baked product recipes & deep fried takeaway foods",3700,3700,100,0,0,0,0,10.43,40.23,43.54,1832.65,66,0
"Dripping, beef",3703,3703,100,0,0,0,0,52.1,36.58,2.49,4932.96,83,0
"Fat, solid, blend of animal & vegetable oils",3700,3700,99.9,0,0,0,0,49.66,39.72,2.68,4001.63,76,0
"Fat, solid, vegetable oil based",3702,3702,100,0,0,0,0,49.02,36.31,8.6,1433.28,57,0
"Fat, for frying at home, not further defined",2903,2903,78.1,0.2,0.2,0,0,27.2,31.22,14.02,1979.33,85,0
"Fat or oil, not further defined, for use in home cooked meat, fish, poultry & mixed dish recipes",3636,3636,98.2,0,0,0,0,16.48,58.47,18.07,723.51,29,0
"Fat or oil, not further defined, for use in omelette, scrambled egg & wet cooked vegetables recipes",3344,3344,90.2,0,0,0,0,23.64,41.72,18.57,1753.48,84,0
"Fat or oil, not further defined, for use in homemade cake, biscuit & slice recipes",3064,3064,82.4,0,0,0,0,41.86,21.48,10.38,3768.78,60,0
"Fat or oil, not further defined, for use in homemade cake, biscuit & slice using dry mixes",3216,3216,86.7,0,0,0,0,24.36,30.16,25.57,2391.84,82,0
"Oil, other than olive or canola oils, for use in home cooked meat, fish, poultry & dry cooked vegetable recipes",3700,3700,100,0,0,0,0,13.5,36.98,44.05,1969.23,13,0
"Oil, not further defined, for use in wet cooked vegetable recipes",3700,3700,100,0,0,0,0,14.18,63.14,17.79,434.3,65,0
Lard,3703,3703,100,0,0,0,0,52.1,36.58,2.49,4932.96,77,0
"Shortening, commercial, animal fat (for short pastry, pie bases, tarts and flans)",3703,3703,100,0,0,0,0,50.57,39.58,2.68,2772.4,16,0
"Shortening, commercial, blend of animal & vegetable fat (for cakes, muffins, shortbreads & biscuits)",2983,2983,80,0.8,0.8,0,0,34.42,33.5,6.27,2294.4,12,0
"Shortening, commercial, vegetable fat (for bread, buns & yeast doughs)",3700,3700,100,0,0,0,0,7.3,59.36,28.49,860.4,85,0
"Shortening, commercial, vegetable fat (for flaky pastry, pie tops, sausage rolls & danishes)",2960,2960,80,0,0,0,0,34.26,26,6.5,9712.96,35,0
"Shortening, commercial, vegetable fat (for coatings, creams, icings, confectionery & fillings)",3700,3700,99.9,0,0,0,0,92.41,1.41,0.28,0,30,2
Suet,3395,3395,86.7,11,11,11,0,44.98,31.58,2.15,4258.98,43,0
"Egg, chicken, whole, omega-3 polyunsaturate enriched, raw",438,438,6,0.3,0.3,0,0,1.6,2.34,1.02,9.96,98,1
"Egg, chicken, whole, omega-3 polyunsaturate enriched, boiled",447,447,6.1,0.3,0.3,0,0,1.63,2.39,1.04,10.16,35,1
"Egg, chicken, whole, raw",533,533,8.5,0.3,0.3,0,0,2.3,3.55,1.19,9.88,26,1
"Egg, chicken, whole, baked, no added fat",580,580,9.2,0.3,0.3,0,0,2.5,3.86,1.29,10.74,72,1
"Egg, chicken, whole, baked, added fat not further defined",732,732,13.7,0.3,0.3,0,0,3.66,5.94,2.24,105.5,89,1
"Egg, chicken, whole, hard-boiled",583,574,9.5,0.7,0.7,0.4,0,2.56,3.96,1.34,9.46,15,1
"Egg, chicken, whole, hard-boiled, mashed with mayonnaise",839,830,16.9,0.9,0.9,0.4,0,3.4,6.34,5.28,42.22,87,1
"Egg, chicken, whole, curried",948,939,19.6,2.4,2.4,0.8,0,3.64,7.21,6.88,55.66,99,1
"Egg, chicken, whole, poached, no added fat",556,556,8.9,0.3,0.3,0,0,2.4,3.7,1.24,10.29,77,1
"Egg, chicken, whole, poached, fat not further defined",695,695,12.9,0.3,0.3,0,0,3.45,5.59,2.1,96.78,30,1
"Egg, chicken, whole, fried, no fat added",606,606,9.7,0.3,0.3,0,0,2.61,4.04,1.35,11.22,6,1
"Egg, chicken, whole, fried, butter or dairy blend",745,745,13.7,0.3,0.3,0,0,5.39,4.81,1.41,267.91,21,1
"Egg, chicken, whole, fried, margarine spread",705,705,12.6,0.3,0.3,0,0,3.25,5.26,2.36,31.93,91,1
"Egg, chicken, whole, fried, oil not further defined",786,786,14.9,0.3,0.3,0,0,3.16,7.06,2.79,45.81,18,1
"Egg, chicken, whole, fried, fat not further defined",766,766,14.3,0.3,0.3,0,0,3.83,6.21,2.34,110.29,36,1
"Egg, chicken, whole, cooked, no added fat",541,539,8.4,0.4,0.4,0.1,0,2.27,3.48,1.23,10.16,41,1
"Egg, whole, preserved, cooked",835,835,15.5,1,1,0,0,4.14,7.34,1.1,17.99,78,1
"Egg, chicken, white (albumen) only, raw",197,197,0,0.4,0.4,0,0,0,0,0,0,60,1
"Egg, chicken, white (albumen) only, hard-boiled",204,204,0,0.4,0.4,0,0,0,0,0,0,72,1
"Egg, chicken, white (albumen) only, fried, no added fat",223,223,0,0.5,0.5,0,0,0,0,0,0,90,1
"Egg, chicken, white (albumen) only, fried, fat not further defined",398,398,5,0.4,0.4,0,0,1.31,2.32,1.03,97.46,86,1
"Egg, chicken, yolk, raw",1311,1311,28.2,0.2,0.2,0,0,8.57,12.03,2.92,32.77,13,2
"Egg, chicken, yolk, hard-boiled",1450,1450,31.7,0.2,0.2,0,0,9.63,13.44,3.29,36.84,63,2
"Egg, chicken, yolk, fried, no fat added",1490,1490,32,0.2,0.2,0,0,9.73,13.67,3.32,37.24,7,2
"Egg, chicken, yolk, fried, fat not further defined",1600,1600,35.4,0.2,0.2,0,0,10.55,15.28,4.17,130.35,99,2
"Egg, chicken, yolk, scrambled, with cows milk, no fat added",1114,1113,23,2,2,0.1,0,7.24,9.7,2.34,49.1,45,2
"Egg, chicken, yolk, scrambled, with cows milk, fat not further defined",1160,1159,24.5,2,2,0.1,0,7.59,10.44,2.76,100.19,52,2
"Egg, duck, whole, raw",742,742,13.8,0.9,0.9,0,0,3.68,6.53,0.98,16,73,1
"Egg, duck, whole, boiled",714,714,13.2,0.9,0.9,0,0,3.54,6.28,0.94,15.39,96,1
"Egg, duck, whole, fried, fat not further defined",984,984,19.8,1,1,0,0,5.26,9.32,2.07,112.2,28,1
"Egg, duck, scrambled, with cows milk, no fat added",652,651,11.4,2.6,2.6,0,0,3.32,5.22,0.78,37.12,14,1
"Egg, duck, scrambled, with cows milk & fat not further defined",722,722,13.4,2.6,2.6,0,0,4.74,5.58,0.82,169.35,69,1
"Egg, emu, whole, raw",698,698,12.7,0.3,0.3,0,0,3.86,5.41,1.32,14.75,39,1
"Egg, emu, scrambled, with cows milk, no added fat",559,556,9.3,2.7,2.7,0.1,0,3.16,3.79,0.89,37.37,76,1
"Egg, quail, whole, raw",639,639,11.1,0.4,0.4,0,0,3.56,4.32,1.1,12.89,31,1
"Egg, quail, whole, fried, fat not further defined",888,888,17.3,0.4,0.4,0,0,5.25,7.14,2.3,118.75,80,1
"Egg, chicken, whole, fried with bacon, with or without added fat",971,970,18.8,0.4,0.4,0.1,0,5.84,8.99,2.42,94.57,93,1
"Egg, chicken, whole, fried with cheese &/or vegetables, with or without added fat",767,763,14,1.1,1.1,0.4,0,3.97,6.1,2.29,96.74,21,1
"Egg, chicken, whole, poached with bacon, with or without added fat",732,732,9.8,0.6,0.6,0,0,3.12,4.3,1.06,36.5,75,1
"Egg, chicken, whole, poached with cheese &/or vegetables, with or without added fat",679,675,11.7,1.2,1.1,0.4,0,3.76,4.73,1.61,61.89,11,1
"Egg, chicken, scrambled, with cows milk, no fat added",491,491,7.3,2.2,2.2,0.1,0,2.26,2.93,0.94,32.34,84,1
"Egg, chicken, scrambled, with cows milk, cooked with butter or dairy blend",594,594,10.2,1.9,1.9,0,0,4.11,3.57,1.03,196.95,56,1
"Egg, chicken, scrambled, with cows milk, cooked with margarine spread",545,545,8.9,2.1,2.1,0.1,0,2.6,3.59,1.47,42.49,14,1
"Egg, chicken, scrambled, with cows milk, cooked with oil not further defined",587,587,10.1,2.1,2.1,0.1,0,2.55,4.52,1.69,49.67,13,1
"Egg, chicken, scrambled, with cows milk, cooked with fat not further defined",577,576,9.8,2.1,2.1,0.1,0,2.9,4.08,1.46,83.03,96,1
"Egg, chicken, scrambled or omelette, with bacon, cooked without added fat",647,647,10.9,1.5,1.5,0,0,3.68,4.79,1.21,53.42,87,1
"Egg, chicken, scrambled or omelette, with bacon, cooked with added fat",715,715,12.9,1.5,1.5,0,0,4.18,5.71,1.64,95.22,79,1
"Egg, chicken, scrambled or omelette, with bacon & cheese, cooked without added fat",712,712,12.3,1.4,1.4,0,0,4.76,4.98,1.22,106.06,75,1
"Egg, chicken, scrambled or omelette, with bacon & cheese, cooked with added fat",775,775,14.1,1.4,1.4,0,0,5.21,5.84,1.62,144.44,88,1
"Egg, chicken, scrambled or omelette, with bacon, cheese & vegetables, cooked without added fat",624,622,10.2,1.9,1.9,0.3,0,3.97,3.99,1.05,92.38,35,1
"Egg, chicken, scrambled or omelette, with bacon, cheese & vegetables, cooked with added fat",688,686,12.1,1.9,1.8,0.3,0,4.43,4.87,1.46,131.04,6,1
"Egg, chicken, scrambled or omelette, with bacon & vegetables, cooked without added fat",554,551,8.8,2,2,0.3,0,2.84,3.74,1.03,38.91,23,1
"Egg, chicken, scrambled or omelette, with bacon & vegetables, cooked with added fat",623,621,10.8,2,1.9,0.3,0,3.36,4.68,1.47,81.04,96,1
"Egg, chicken, scrambled or omelette, with canned spaghetti, cooked without added fat",437,435,5.5,4.7,4.7,2.2,0,1.65,2.24,0.72,19.68,77,1
"Egg, chicken, scrambled or omelette, with cheese, cooked without added fat",592,592,9.4,1.7,1.7,0,0,3.62,3.45,1.03,87.23,60,1
"Egg, chicken, scrambled or omelette, with cheese, cooked with added fat",680,680,11.9,1.6,1.6,0,0,4.31,4.58,1.54,140.83,27,1
"Egg, chicken, scrambled or omelette, with cheese, chicken & vegetables, cooked without added fat",572,570,8.4,1.9,1.9,0.3,0,3.23,3.09,0.94,79.97,52,1
"Egg, chicken, scrambled or omelette, with cheese & salmon or tuna, cooked without added fat",615,615,9.2,1.4,1.4,0,0,3.41,3.3,1.2,88.71,96,1
"Egg, chicken, scrambled or omelette, with cheese & vegetables, cooked without added fat",528,523,8,2.4,2.4,0.5,0,3.1,2.9,0.87,77.74,70,1
"Egg, chicken, scrambled or omelette, with cheese & vegetables, cooked with added fat",595,591,10,2.4,2.3,0.5,0,3.59,3.81,1.29,117.16,96,1
"Egg, chicken, scrambled or omelette, with chicken & vegetables, cooked with added fat",570,568,8.9,1.9,1.9,0.3,0,2.58,3.76,1.35,68.04,16,1
"Egg, chicken, scrambled or omelette, with herbs, cooked without added fat",502,499,7.6,1.8,1.8,0,0,2.27,3.05,0.99,26.75,38,1
"Egg, chicken, scrambled or omelette, with herbs, cooked with added fat",586,584,10,1.7,1.7,0,0,2.9,4.19,1.51,77.14,93,1
"Egg, chicken, scrambled or omelette, with meat & vegetables, cooked with added fat",574,572,9,1.9,1.9,0.3,0,2.65,3.79,1.32,84.94,16,1
"Egg, chicken, scrambled or omelette, with salmon or tuna, cooked without added fat",552,552,7.9,1.5,1.5,0,0,2.22,3.12,1.39,35.1,87,1
"Egg, chicken, scrambled or omelette, with salmon or tuna & vegetables, cooked without added fat",506,504,7.3,2,2,0.2,0,2.09,2.89,1.13,29.27,11,1
"Egg, chicken, scrambled or omelette, with salmon or tuna & vegetables, cooked with added fat",580,578,9.4,1.9,1.9,0.2,0,2.65,3.89,1.58,73.42,70,1
"Egg, chicken, scrambled or omelette, with vegetables, fat not further defined",524,519,8.5,2.5,2.4,0.5,0,2.45,3.56,1.28,65.72,52,1
"Egg, chicken, scrambled or omelette, with vegetables, cooked without added fat",451,446,6.4,2.5,2.5,0.5,0,1.9,2.58,0.84,22.74,92,1
"Eggs benedict, poached chicken egg, with bacon or ham & hollandaise sauce",1371,1370,30.3,0.4,0.4,0,0,16.93,8.04,1.35,1301.47,67,2
"Eggs benedict, poached chicken egg, bacon or ham & hollandaise sauce, with bread or English muffin",1039,1025,17.7,10.5,10.5,9.7,0,9.64,4.76,0.93,739.58,65,2
"Eggs benedict, poached chicken egg, with bacon or ham, spinach & hollandaise sauce",1045,1034,22.5,0.5,0.5,0,0,12.52,5.94,1,962.28,77,2
"Eggs benedict, poached chicken egg, with smoked salmon, spinach & hollandaise sauce",999,987,22.4,0.4,0.4,0,0,12.35,5.66,1.24,983.49,27,2
"Eggs benedict, poached chicken egg, with smoked salmon, spinach & hollandaise sauce, with bread or English muffin",1002,986,17.2,11.1,11.1,10.4,0,9.27,4.44,1.1,736.38,33,2
"Omelette, chicken egg, no added fat",541,541,8.6,0.4,0.4,0.1,0,2.33,3.59,1.2,9.98,37,1
"Omelette, chicken egg, cooked with butter or dairy blend",768,768,15.2,0.4,0.4,0.1,0,6.78,4.86,1.31,420.83,91,1
"Omelette, chicken egg, cooked with margarine spread",703,703,13.4,0.4,0.4,0.1,0,3.36,5.58,2.82,43.19,62,1
"Omelette, chicken egg, cooked with oil not further defined",833,833,17,0.4,0.4,0.1,0,3.21,8.45,3.51,65.4,9,1
"Omelette, chicken egg, cooked with fat not further defined",755,755,14.8,0.3,0.3,0,0,4.55,6.07,2.35,183.63,35,1
"Omelette, prepared from yolk-free egg mix, fried, butter",716,716,12.8,3.9,3.9,0,0,4.9,2.92,3.7,758.78,17,1
"Apple, bonza, unpeeled, raw",244,218,0.3,12,11.5,0,0,0,0,0,0,88,1
"Apple, dried",1232,1159,0.3,68,67.4,5.3,0,0,0,0,0,12,2
"Apple, fuji, unpeeled, raw",245,226,0.3,12.5,12.1,0,0,0,0,0,0,20,1
"Apple, golden delicious, unpeeled, raw",202,182,0,10.8,10.5,0,0,0,0,0,0,70,1
"Apple, granny-smith, unpeeled, raw",202,184,0,10.8,10.5,0.2,0,0,0,0,0,61,1
"Apple, granny-smith, unpeeled, baked, no added fat",216,192,0.2,10.3,10.3,0.5,0,0,0,0,0,36,1
"Apple, jonathon, unpeeled, raw",226,208,0,12.3,11.9,0.1,0,0,0,0,0,20,1
"Apple, pink lady, unpeeled, raw",247,228,0.4,12.4,11.9,0,0,0,0,0,0,9,1
"Apple, red delicious, unpeeled, raw",248,230,0,13.8,13.5,0.5,0,0,0,0,0,15,1
"Apple, royal gala, unpeeled, raw",222,205,0,12.1,12.1,1,0,0,0,0,0,100,1
"Apple, green skin, peeled, raw",225,207,0,12.3,12,0.1,0,0,0,0,0,74,1
"Apple, green skin, unpeeled, raw",202,183,0,10.8,10.5,0.1,0,0,0,0,0,70,1
"Apple, red skin, peeled, raw",259,243,0.2,14,13.6,0.4,0,0,0,0,0,23,1
"Apple, red skin, unpeeled, raw",243,224,0.2,12.8,12.4,0.4,0,0,0,0,0,38,1
"Apple, peeled, raw, not further defined",254,237,0.2,13.7,13.3,0.3,0,0,0,0,0,83,1
"Apple, peeled, stewed, sugar sweetened, no added fat",307,296,0.1,17.7,17.5,0.2,0,0,0,0,0,50,1
"Apple, unpeeled, raw, not further defined",237,218,0.2,12.5,12.1,0.3,0,0,0,0,0,56,1
"Apple, unpeeled, stewed, sugar added, no fat added",296,283,0.1,16.9,16.6,0.2,0,0,0,0,0,47,1
"Apple, raw, not further defined",239,221,0.2,12.7,12.3,0.3,0,0,0,0,0,53,1
"Apple, baked, no added fat",258,238,0,14.1,13.8,0.1,0,0,0,0,0,74,1
"Apple, canned or puree",239,221,0.2,12.7,12.3,0.3,0,0,0,0,0,89,1
"Apple, toffee coated",377,360,0,22.2,21.9,2.9,0,0,0,0,0,14,1
"Apricot, raw",171,151,0.1,7,6.6,0,0,0,0,0,0,63,1
"Apricot, dried",886,819,0.2,44.4,41.5,1,0,0,0,0,0,42,1
"Apricot, canned in pear juice",192,177,0,9.6,8.2,0,0,0,0,0,0,32,1
"Apricot, canned in pear juice, drained",196,171,0,8.9,7.8,0,0,0,0,0,0,100,1
"Apricot, canned in light syrup",209,197,0,10.9,9.7,0,0,0,0,0,0,72,1
"Apricot, canned in light syrup, drained",214,191,0,10.2,9,0,0,0,0,0,0,14,1
"Apricot, canned in syrup",255,241,0,13.9,12.9,0,0,0,0,0,0,50,1
"Apricot, canned in syrup, drained",258,234,0,13.2,12.3,0,0,0,0,0,0,22,1
"Apricot, canned in intense sweetened liquid",110,99,0,5,4.3,0,0,0,0,0,0,23,1
"Apricot, canned in intense sweetened liquid, drained",118,97,0,4.6,3.9,0,0,0,0,0,0,94,1
"Apricot, canned in pear juice, juice only",187,187,0,10.5,8.7,0,0,0,0,0,0,45,1
"Apricot, canned in light syrup, syrup only",204,204,0,11.8,10.5,0,0,0,0,0,0,67,1
"Apricot, canned in syrup, syrup only",251,251,0,14.8,13.7,0,0,0,0,0,0,50,1
"Apricot, canned in intense sweetened liquid, liquid only",102,102,0,5.6,4.7,0,0,0,0,0,0,7,1
"Apricot, stewed, sugar sweetened, no added fat",347,329,0.1,18.3,17.9,0,0,0,0,0,0,23,1
"Babaco, peeled, raw",89,82,0.1,3.1,3.1,0,0,0,0,0,0,34,1
"Banana, cavendish, peeled, raw",385,366,0.3,19.6,19.6,6.8,0,0,0,0,0,83,1
"Banana, lady finger or sugar, peeled, raw",474,445,0.1,25,25,6.8,0,0,0,0,0,43,1
"Banana, cooked",516,496,3.3,20.5,20.5,7.1,0,0.52,1.83,0.57,22.66,46,1
Banana chip,2171,2110,33.6,50.7,50.7,15.4,0,29.12,1.9,0.64,0,36,2
"Blackberry, raw",211,162,0.3,7.5,7.5,0,0,0,0,0,0,94,1
"Blackberry, purchased frozen",211,162,0.3,7.5,7.5,0,0,0,0,0,0,18,1
"Blueberry, raw",218,204,0.1,11.3,11.3,0.5,0,0,0,0,0,26,1
"Blueberry, purchased frozen",224,209,0.1,11.6,11.6,0.5,0,0,0,0,0,10,1
"Blueberry, canned in syrup",302,288,0,17.2,17.2,0.1,0,0,0,0,0,61,1
"Blueberry, canned in syrup, drained",323,291,0.1,16.9,16.9,0.3,0,0,0,0,0,31,1
"Blueberry, canned in syrup, syrup only",285,285,0,17.4,17.4,0,0,0,0,0,0,69,1
"Cherry, raw",250,238,0.2,12.9,10.9,0,0,0,0,0,0,43,1
"Cherry, black, canned in syrup",299,292,0.1,17,16,0.2,0,0,0,0,0,70,1
"Cherry, black, canned in syrup, drained",310,296,0.1,17,16,0.3,0,0,0,0,0,98,1
"Cherry, black, canned in syrup, syrup only",288,288,0,17.1,16,0,0,0,0,0,0,84,1
"Cherry, dried",1137,1081,0.9,58.6,49.4,0,0,0,0,0,0,9,2
"Cherry, glace or maraschino",1079,1071,0,66.5,66.5,0,0,0,0,0,0,59,2
"Cranberry, raw",134,98,0.1,4,4,0,0,0.01,0.02,0.07,0,61,1
"Cranberry, dried, sweetened",1137,1092,1.4,65,65,0,0,0.12,0.23,0.75,0,15,2
"Cumquat (kumquat), raw",266,214,0.9,9.4,9.4,0,0,0.16,0.25,0.28,0,98,1
"Currant, dried",1167,1119,0.5,65.1,65.1,1.9,0,0,0,0,0,77,2
"Custard apple, african pride, peeled, raw",326,306,0.6,15.8,15.8,1.1,0,0.2,0.1,0.2,0,39,1
"Date, dried",1212,1135,0.2,67.2,67.2,1.3,0,0,0,0,0,16,2
"Feijoa, raw",180,151,0.3,8,8,0.3,0,0,0.07,0.12,0,16,1
"Fig, dried",1082,968,0.7,54.5,54.5,1.9,0,0.13,0.14,0.3,0,12,2
"Fig, fresh, peeled or unpeeled, raw",195,169,0.3,8.1,8.1,0,0,0,0,0,0,65,1
"Fig, fresh, peeled or unpeeled, baked",224,194,0.3,9.3,9.3,0,0,0,0,0,0,48,1
"Fruit salad, apple, banana & berries, homemade",318,299,0.2,16.7,16.6,2.3,0,0,0,0,0,23,1
"Fruit salad, apple, banana & mango, homemade",353,337,0.2,19,18.8,2.4,0,0,0,0,0,32,1
"Fruit salad, apple, banana & melon, homemade",305,292,0.2,16.5,16.4,2.3,0,0,0,0,0,78,1
"Fruit salad, apple, banana & orange, homemade",330,312,0.2,17.5,17.4,2.3,0,0,0,0,0,94,1
"Fruit salad, apple, banana & stone fruit, homemade",330,313,0.2,17.5,17.3,2.3,0,0,0,0,0,89,1
"Fruit salad, apple, banana, berries & other fruit, homemade",287,270,0.2,15,14.9,1.2,0,0,0,0,0,35,1
"Fruit salad, apple, banana, kiwifruit & other fruit, homemade",342,317,0.2,17.4,17.3,2.2,0,0,0,0,0,34,1
"Fruit salad, apple, banana, stone fruit & other fruit homemade",318,296,0.2,16.2,16,1.7,0,0,0,0,0,62,1
"Fruit salad, apple, berries & orange, homemade",252,232,0.1,13.1,12.9,0.2,0,0,0,0,0,96,1
"Fruit salad, apple, melon & orange, homemade",240,226,0.1,12.8,12.7,0.1,0,0,0,0,0,84,1
"Fruit salad, apple, melon & stone fruit, homemade",240,227,0.1,12.8,12.6,0.1,0,0,0,0,0,34,1
"Fruit salad, banana, berries, melon & other fruit, homemade",267,252,0.2,13.9,13.8,1.7,0,0,0,0,0,61,1
"Fruit salad, banana, berries & stone fruit, homemade",274,260,0.2,14.3,14.3,2.2,0,0,0,0,0,52,1
"Fruit salad, banana, berries, mango & other fruit, homemade",302,285,0.2,15.7,15.7,1.8,0,0,0,0,0,31,1
"Fruit salad, banana, kiwifruit & melon, homemade",299,282,0.2,15.4,15.4,2.2,0,0,0,0,0,69,1
"Fruit salad, banana, melon & pineapple, homemade",287,274,0.2,15.2,15.2,2.2,0,0,0,0,0,47,1
"Fruit salad, berries & pineapple, homemade",227,210,0.2,11.4,11.4,0.1,0,0,0,0,0,51,1
"Fruit salad, berries, cherries, watermelon or other red fruit, homemade",231,219,0.2,12.2,11.6,0.1,0,0,0,0,0,89,1
"Fruit salad, berries, mango, stone fruit & other fruit, homemade",253,238,0.2,13,12.9,0.2,0,0,0,0,0,60,1
"Fruit salad, grape & melon, homemade",264,251,0.1,14.5,14.5,0,0,0,0,0,0,45,1
"Fruit salad, kiwifruit, melon & orange, homemade",234,216,0.2,11.7,11.7,0,0,0,0,0,0,84,1
"Fruit salad, melon, pineapple & stone fruit, homemade",221,210,0.2,11.5,11.4,0,0,0,0,0,0,95,1
"Fruit salad, fresh, tropical style, commercial",267,252,0.2,13.8,13.8,1.2,0,0,0,0,0,25,1
"Fruit salad, fresh, tropical style (banana, mango, papaya and other fruits), homemade",340,320,0.2,17.7,17.7,1.8,0,0,0,0,0,68,1
"Fruit salad, tropical, canned, drained or undrained",213,198,0.1,10.8,10.3,0.1,0,0,0,0,0,7,1
"Fruit salad, fresh fruit & maraschino cherry, homemade or commercial",322,305,0.1,17.4,17.2,0.7,0,0,0,0,0,66,1
"Fruit salad, fresh & dried fruit, homemade or commercial",490,464,0.3,26.3,25.8,0.9,0,0.04,0.02,0.07,0,91,1
"Fruit salad, canned in heavy syrup",345,331,0.1,19.5,19.5,0,0,0,0,0,0,65,1
"Fruit salad, canned in heavy syrup, drained",351,328,0.2,19,19,0,0,0,0,0,0,43,1
"Fruit salad, canned in heavy syrup, syrup only",336,336,0,20.3,20.3,0,0,0,0,0,0,69,1
"Fruit salad, canned in pear juice",188,177,0.1,9.8,8.5,0,0,0,0,0,0,96,1
"Fruit salad, canned in pear juice, drained",192,175,0.1,9.4,8.2,0,0,0,0,0,0,8,1
"Fruit salad, canned in pear juice, juice only",181,180,0,10.4,8.9,0,0,0,0,0,0,82,1
"Fruit salad, canned in pineapple juice",215,202,0.1,11,11,0,0,0,0,0,0,21,1
"Fruit salad, canned in pineapple juice, drained",222,203,0.2,10.8,10.8,0,0,0,0,0,0,56,1
"Fruit salad, canned in pineapple juice, juice only",200,199,0,11.5,11.5,0,0,0,0,0,0,98,1
"Fruit salad, canned in syrup",213,204,0.1,11.9,11,0,0,0,0,0,0,45,1
"Fruit salad, canned in syrup, drained",217,203,0.1,11.5,10.6,0,0,0,0,0,0,50,1
"Fruit salad, canned in syrup, syrup only",207,206,0,12.3,11.6,0,0,0,0,0,0,28,1
"Fruit salad, canned, not further defined",251,236,0.1,13.5,12.8,0,0,0,0,0,0,18,1
"Fruit salad, commercial, fresh",150,138,0.2,7.3,7.1,0,0,0,0,0,0,68,1
"Fruit salad, homemade, fresh, not further defined",282,264,0.2,14.8,14.6,0.8,0,0,0,0,0,11,1
"Fruit, fresh, not further defined",247,229,0.2,12.4,12.1,1.7,0,0,0,0,0,72,1
"Fruit, puree or stewed, not further defined",372,350,0.7,18.8,18,1.6,0,0.1,0.37,0.11,4.53,41,1
"Fruit, for use in garden salad recipes",245,224,0.2,12.3,11.8,0.2,0,0.01,0,0.01,0,73,1
"Goji berry, dried",1238,1084,2.2,49.1,49.1,0,0,0.35,0.44,0.97,0,90,2
"Grape, black muscatel, raw",349,328,0.1,18.8,18.8,0,0,0,0,0,0,64,1
"Grape, black sultana, raw",278,252,0.1,14,14,0,0,0,0,0,0,14,1
"Grape, cornichon, raw",257,237,0.1,12.7,12.7,0,0,0,0,0,0,59,1
"Grape, red globe, raw",322,294,0.2,16.3,16.3,0,0,0,0,0,0,80,1
"Grape, thompson seedless or sultana, raw",276,257,0.1,15,15,0,0,0,0,0,0,72,1
"Grape, waltham cross, raw",281,253,0.1,14.4,14.4,0,0,0,0,0,0,78,1
"Grape, raw, not further defined",294,272,0.1,15.5,15.5,0,0,0,0,0,0,98,1
"Grapefruit, peeled, raw",125,111,0.2,4.8,4.8,0,0,0,0,0,0,45,1
"Guava, hawaiian, raw",144,101,0.5,3.5,3.5,0.1,0,0,0,0,0,90,1
"Jackfruit, peeled, raw",347,323,0.3,16.7,16.7,0.4,0,0,0,0,0,96,1
"Kiwifruit, green (hayward), peeled, raw",218,187,0.2,9,9,0,0,0,0,0,0,43,1
"Kiwifruit, green (hayward), unpeeled, raw",216,182,0.2,8.7,8.7,0,0,0,0,0,0,42,1
"Kiwifruit, gold, peeled or unpeeled, raw",244,230,0.5,11.1,11.1,0.2,0,0,0,0,0,19,1
"Lemon peel, raw",121,37,0.3,0,0,0,0,0.07,0.02,0.15,0,60,1
"Lemon, peeled, raw",115,95,0.2,1.8,1.8,0,0,0,0,0,0,98,1
"Lemon, preserved",93,67,0.2,1.2,1.2,0,0,0.01,0,0.02,0,15,1
"Lime, peeled, raw",122,89,0.2,1.2,1.2,0,0,0,0,0,0,11,1
"Loquat, peeled, raw",122,108,0.2,4.9,4.9,0,0,0,0,0,0,52,1
"Lychee, peeled, raw",296,286,0.1,16.2,16.2,0,0,0,0,0,0,10,1
"Lychee, peeled, canned",283,277,0,16.4,15.4,0,0,0,0,0,0,81,1
"Mandarin, peeled, raw",165,156,0.2,7.8,7.8,0,0,0,0,0,0,63,1
"Tangelo, peeled, raw",172,156,0.1,7.8,7.8,0,0,0,0,0,0,94,1
"Tangerine or tangor, peeled, raw",180,168,0.2,8.1,8.1,0,0,0,0,0,0,62,1
"Mandarin, canned in syrup",241,236,0.1,13.5,13.5,0.1,0,0,0,0,0,88,1
"Mandarin, canned in syrup, drained",254,245,0.2,13.8,13.8,0.2,0,0,0,0,0,63,1
"Mandarin, canned in syrup, syrup only",223,223,0,13.2,13.2,0,0,0,0,0,0,48,1
"Mandarin, canned in natural juice",222,217,0.1,12.3,11.7,0.1,0,0,0,0,0,16,1
"Mango, peeled, raw",249,236,0.2,12.6,12.6,0.5,0,0,0,0,0,21,1
"Mango, pulped, canned",270,258,0.2,14,14,0.5,0,0,0,0,0,95,1
"Melon, honey dew, white skin, peeled, raw",149,141,0.3,7.1,7.1,0,0,0,0,0,0,24,1
"Melon, honey dew, yellow skin, peeled, raw",107,100,0.3,4.4,4.4,0,0,0,0,0,0,82,1
"Melon, honey dew, skin not further defined, peeled raw",128,120,0.3,5.8,5.8,0,0,0,0,0,0,56,1
"Melon, rockmelon (cantaloupe), peeled, raw",99,91,0.1,4.7,4.7,0,0,0,0,0,0,12,1
"Melon, watermelon, peeled, raw",100,96,0.2,5,5,0,0,0,0,0,0,64,1
"Melon, peeled, raw, not further defined",100,95,0.2,4.9,4.9,0,0,0,0,0,0,24,1
"Mixed berry, cooked",202,183,0.1,9.9,9.9,0.2,0,0,0,0.01,0,22,1
"Mixed berry, dried",864,732,1,35.3,35.3,1.2,0,0.03,0.02,0.04,0,9,1
"Mixed berry, puree",339,305,0.1,17.5,17.5,0.3,0,0,0,0,0,65,1
"Mixed berry, raw, not further defined",138,117,0.2,5.6,5.6,0.2,0,0,0,0.01,0,41,1
Mixed dried fruit,1247,1202,0.9,70.2,70.2,1.7,0,0.08,0.3,0.32,0,56,2
"Mixed dried fruit, for use in muesli recipes",1155,1101,0.5,62.9,61.8,2.2,0,0.16,0.02,0.14,0,10,2
"Mixed dried fruit, for use in muesli bar recipes",1087,1028,0.6,58,56.7,1.7,0,0.13,0.03,0.15,0,34,2
"Mixed fruit, pear & peach, canned in pear juice, drained or undrained",189,177,0,10,8.5,0,0,0,0,0,0,90,1
"Mixed fruit platter, not further defined",207,190,0.2,10,9.9,1.2,0,0,0,0,0,43,1
"Mulberry, raw",139,121,0.2,4.3,4.3,0,0,0,0,0,0,91,1
"Nectarine, yellow, peeled, raw",185,170,0.1,8.3,8.3,0,0,0,0,0,0,66,1
"Nectarine, yellow, unpeeled, raw",181,164,0.1,8,8,0,0,0,0,0,0,6,1
"Nectarine, white, peeled or unpeeled, raw",181,164,0.1,8,8,0,0,0,0,0,0,33,1
"Nectarine, stewed, sugar sweetened, no added fat",359,344,0.1,19.4,19.4,0,0,0,0,0,0,17,1
"Orange, peeled, raw, not further defined",178,157,0.1,8,8,0,0,0,0,0,0,47,1
"Orange, peeled, stewed, no added fat",196,175,0.1,9,9,0,0,0,0,0,0,98,1
"Orange, navel (all varieties), peeled, raw",183,163,0.1,8.4,8.4,0,0,0,0,0,0,10,1
"Orange, valencia, peeled, raw",172,152,0.1,7.7,7.7,0,0,0,0,0,0,49,1
"Passionfruit, raw",304,193,0.3,5.7,5.7,0,0,0,0,0,0,86,1
"Passionfruit, pulp, canned",304,193,0.3,5.7,5.7,0,0,0,0,0,0,61,1
"Pawpaw (papaya), orange flesh, peeled, raw",142,123,0.1,6.9,6.9,0,0,0,0,0,0,98,1
"Peach, yellow, peeled, raw",197,181,0.1,9.2,8.9,0.1,0,0,0,0,0,65,1
"Peach, yellow, unpeeled, raw",168,152,0.1,7.8,7.5,0.1,0,0,0,0,0,15,1
"Peach, white, peeled, raw",193,176,0.1,8.8,8.5,0,0,0,0,0,0,43,1
"Peach, white, unpeeled, raw",157,141,0.1,7.1,6.8,0,0,0,0,0,0,21,1
"Peach, peeled, raw, not further defined",196,179,0.1,9.1,8.8,0.1,0,0,0,0,0,57,1
"Peach, unpeeled, raw, not further defined",165,149,0.1,7.6,7.3,0.1,0,0,0,0,0,95,1
"Peach, stewed, sugar sweetened, no added fat",357,341,0.1,19.5,19.2,0.1,0,0,0,0,0,80,1
"Peach, canned in pear juice",184,174,0,9.5,8.3,0,0,0,0,0,0,53,1
"Peach, canned in pear juice, drained",191,175,0.1,9.4,8.2,0,0,0,0,0,0,24,1
"Peach, canned in light syrup",232,221,0,12.6,12.3,0,0,0,0,0,0,51,1
"Peach, canned in light syrup, drained",229,211,0,11.8,11.5,0,0,0,0,0,0,74,1
"Peach, canned in syrup",229,217,0,12.4,12.1,0,0,0,0,0,0,31,1
"Peach, canned in syrup, drained",227,210,0,11.8,11.5,0,0,0,0,0,0,41,1
"Peach, canned in intense sweetened liquid",115,104,0,5.6,5.5,0,0,0,0,0,0,62,1
"Peach, canned in intense sweetened liquid, drained",121,106,0,5.5,5.4,0,0,0,0,0,0,79,1
"Peach, canned in pear juice, juice only",174,172,0,9.6,8.5,0,0,0,0,0,0,80,1
"Peach, canned in light syrup, syrup only",236,235,0,13.7,13.3,0,0,0,0,0,0,94,1
"Peach, canned in syrup, syrup only",232,229,0,13.5,13.2,0,0,0,0,0,0,38,1
"Peach, canned in intense sweetened liquid, liquid only",102,101,0,5.7,5.6,0,0,0,0,0,0,68,1
"Peach, canned, not further defined",191,177,0,9.8,9.3,0,0,0,0,0,0,53,1
"Pear, green, peeled, raw",245,219,0,13.1,9.9,0,0,0,0,0,0,51,1
"Pear, green, unpeeled, raw",247,217,0,13,9.7,0,0,0,0,0,0,58,1
"Pear, brown, peeled, raw",267,242,0,14.6,10.7,0,0,0,0,0,0,11,1
"Pear, brown, unpeeled, raw",264,237,0,14.3,10.4,0,0,0,0,0,0,100,1
"Pear, packhams triumph, unpeeled, raw",238,218,0,13.1,9.6,0,0,0,0,0,0,91,1
"Pear, william bartlett, unpeeled, raw",228,198,0,11.8,9,0,0,0,0,0,0,34,1
"Pear, peeled, raw, not further defined",247,221,0,13.3,10,0,0,0,0,0,0,6,1
"Pear, unpeeled, raw, not further defined",248,219,0,13.2,9.8,0,0,0,0,0,0,70,1
"Pear, raw, not further defined",248,220,0,13.2,9.8,0,0,0,0,0,0,30,1
"Pear, canned in pear juice",194,180,0,10.6,8.7,0,0,0,0,0,0,98,1
"Pear, canned in pear juice, drained",200,178,0,10.3,8.6,0,0,0,0,0,0,71,1
"Pear, canned in light syrup",262,246,0,14.9,13.7,0,0,0,0,0,0,33,1
"Pear, canned in light syrup, drained",262,237,0,14.2,13.2,0,0,0,0,0,0,96,1
"Pear, canned in syrup",278,263,0,15.8,14.1,0,0,0,0,0,0,91,1
"Pear, canned in syrup, drained",282,258,0,15.3,13.7,0,0,0,0,0,0,74,1
"Pear, canned in intense sweetened liquid",120,109,0,6.4,4.9,0,0,0,0,0,0,32,1
"Pear, canned in intense sweetened liquid, drained",126,108,0,6.3,4.9,0,0,0,0,0,0,26,1
"Pear, canned in pear juice, juice only",185,183,0,11,8.8,0,0,0,0,0,0,10,1
"Pear, canned in light syrup, syrup only",261,260,0,15.8,14.5,0,0,0,0,0,0,50,1
"Pear, canned in sugar syrup, syrup only",273,271,0,16.5,14.7,0,0,0,0,0,0,31,1
"Pear, canned in intense sweetened liquid, liquid only",111,110,0,6.5,5,0,0,0,0,0,0,72,1
"Pear, canned, not further defined",216,198,0,11.7,10.2,0,0,0,0,0,0,76,1
"Pear, stewed, sugar sweetened, no added fat",410,386,0,23.6,20.6,0,0,0,0,0,0,20,1
"Pear, nashi, peeled or unpeeled, raw",209,192,0.1,11.1,11.1,0.5,0,0,0,0,0,40,1
"Pepino, peeled, raw",100,92,0.1,4.8,4.8,0,0,0,0,0,0,83,1
"Persimmon, peeled, raw",298,278,0.2,16.1,16.1,0,0,0,0,0,0,62,1
"Pineapple (cayenne), peeled, raw",178,163,0.2,8.2,8.2,0,0,0,0,0,0,75,1
"Pineapple, fresh, cooked in light syrup, drained",208,194,0.4,10.4,10.4,0,0,0,0,0,0,61,1
"Pineapple, canned in pineapple juice",236,230,0.6,12,12,0,0,0,0,0,0,18,1
"Pineapple, canned in pineapple juice, drained",206,191,0.1,10.5,10.5,0,0,0,0,0,0,7,1
"Pineapple, canned in syrup",360,354,0.6,19.8,19.8,0,0,0,0,0,0,16,1
"Pineapple, canned in syrup, drained",345,334,0.3,19.4,19.4,0,0,0,0,0,0,21,1
"Pineapple, canned in pineapple juice, juice only",187,187,0,10.6,10.6,0,0,0,0,0,0,9,1
"Pineapple, canned in syrup, syrup only",370,370,0,22,22,0,0,0,0,0,0,9,1
"Plum, unpeeled, raw",162,146,0.1,7.1,6.5,0,0,0,0,0,0,68,1
"Plum, stewed, sugar sweetened, no added fat",339,324,0.1,18.4,17.8,0,0,0,0,0,0,87,1
"Plum, dark, canned in syrup",370,361,0.1,21.6,21.3,0.2,0,0,0,0,0,49,1
"Plum, dark, canned in syrup, drained",385,369,0.1,21.8,21.3,0.3,0,0,0,0,0,39,1
"Plum, dark, canned in syrup, syrup only",354,354,0,21.3,21.3,0.1,0,0,0,0,0,33,1
"Pome fruit, raw, not further defined",241,220,0.1,12.7,11.8,0.3,0,0,0,0,0,81,1
"Pomegranate, peeled, raw",329,278,0.2,13.5,13.5,0,0,0,0,0,0,11,1
"Prickly pear, peeled, raw",204,167,0.3,8.8,8.8,0,0,0,0,0,0,75,1
Prune (dried plum),841,778,0.4,43.9,32.5,1.5,0,0,0,0,0,45,1
"Quince, peeled, cooked, sweetened",322,280,0.2,16,16,0,0,0,0,0,0,10,1
Raisin,1210,1188,0.5,68.7,68.7,1.8,0,0.2,0.02,0.18,0,47,2
"Rambutan, raw",312,289,0.4,15.7,15.7,0,0,0,0,0,0,54,1
"Raspberry, raw",203,159,0.2,6.8,6.8,0.2,0,0.07,0.04,0.09,0,30,1
"Raspberry, purchased frozen",203,159,0.2,6.8,6.8,0.2,0,0.07,0.04,0.09,0,15,1
"Raspberry, canned in syrup",315,295,0.1,17,17,0.1,0,0,0,0,0,87,1
"Raspberry, canned in syrup, drained",343,295,0.2,16.2,16.2,0.3,0,0,0,0,0,22,1
"Raspberry, canned in syrup, syrup only",296,296,0,17.5,17.5,0,0,0,0,0,0,59,1
"Rhubarb, stalk, raw",94,76,0.2,1.7,1.7,0,0,0,0,0,0,21,1
"Rhubarb, stewed, sugar sweetened, no added fat",269,253,0.2,13,13,0,0,0,0,0,0,14,1
"Stone fruit, peeled or unpeeled, raw, not further defined",178,162,0.1,8,7.7,0,0,0,0,0,0,19,1
"Strawberry, raw",108,88,0.2,3.9,3.9,0.1,0,0,0,0,0,53,1
"Strawberry, purchased frozen",108,88,0.2,3.9,3.9,0.1,0,0,0,0,0,55,1
"Strawberry, canned in syrup",335,323,0.2,18.9,18.8,0.1,0,0,0,0,0,14,1
"Strawberry, canned in syrup, drained",353,325,0.1,18.7,18.7,0.2,0,0,0,0,0,51,1
"Strawberry, canned in syrup, syrup only",321,321,0.2,19,18.9,0.1,0,0,0,0,0,89,1
"Strawberry, chocolate coated",907,889,11.8,24.2,23.9,1.4,0,7.17,3.63,0.34,60.7,29,1
Sultana,1329,1294,0.9,75,75,1.8,0,0.36,0.04,0.32,0,85,2
"Tamarind, paste, pure, raw",1029,988,0.6,57.4,57.4,0,0,0.26,0.17,0.06,0,49,1
"Tamarillo, peeled, raw",150,112,0.1,3.4,3.4,0,0,0,0,0,0,75,1
"Tropical fruit, other, raw",107,100,0.3,4.4,4.4,0,0,0,0,0,0,7,1
"Tropical fruit, dried",1059,1028,0.4,60.5,60.5,0.5,0,0,0,0,0,67,2
"Wax jambu, raw",109,94,0.2,4.5,4.5,0,0,0,0,0,0,19,1
"Fruit, puree or stewed, infant",258,236,0.1,13.6,12,0.9,0,0,0,0,0,81,1
"Cheese fruit, raw",205,184,0.3,9.8,9.8,2.8,0,0,0,0,0,6,1
"Flower, rosella (native)",41,8,0,0,0,0,0,0,0,0,0,91,1
"Fruit, wild harvested, raw",374,328,2,13.4,13.4,0,0,0.54,0.32,0.74,0,24,1
"Lime, native, fruit",137,108,2.7,0.4,0.4,0,0,1.02,0.45,0.44,0,50,1
"Nutgrass (nut grass), peeled, raw",958,868,1.1,45.1,45.1,44,0,0,0,0,0,77,1
Pandanus kernel,2452,2381,46.8,12.5,12.5,9.4,0,5.55,22.82,15.86,0,60,2
"Plum, davidson (native), flesh",280,264,0.2,14.3,14.3,10.4,0,0,0,0,0,64,1
"Quandong, fruit, flesh",206,172,0,8.1,8.1,0,0,0,0,0,0,52,1
"Saltbush, ruby, fruit",442,342,0.4,11,11,0,0,0.05,0.08,0.24,0,29,1
"Plum, salted",857,782,0,44.9,34.4,0.8,0,0,0,0,0,55,1
"Wattle seed (acacia), ground",1183,749,6.1,10.5,10.5,10.5,0,0.84,1.5,3.27,0,56,1
"Baked beans, canned in BBQ sauce, regular",355,313,0.3,10.1,10.1,8,0,0.04,0.04,0.18,0,98,1
"Baked beans, canned in tomato sauce, regular",355,313,0.3,10.1,10.1,8,0,0.04,0.04,0.18,0,34,1
"Baked beans, canned in tomato sauce, reduced salt",375,334,0.3,11.3,11.3,8,0,0.04,0.04,0.18,0,19,1
"Baked beans, all flavours (except tomato sauce), reduced salt",375,334,0.3,11.3,11.3,8,0,0.04,0.04,0.18,0,61,1
"Baked beans, canned in tomato & cheese sauce, regular",383,343,0.6,11.3,11.3,7.8,0,0.21,0.1,0.19,7.32,85,1
"Baked beans, canned in tomato sauce, with sausages, regular",433,396,2.9,8.8,8.8,6.9,0,1,1.26,0.35,16.81,93,1
"Baked beans, canned, not further defined",363,322,0.5,10.2,10.2,7.9,0,0.1,0.11,0.19,1.05,22,1
"Bean, cannellini, canned, drained",404,336,0.6,12.2,12.2,8.5,0,0.19,0.03,0.26,0,99,1
"Bean, haricot, dried",1220,1055,2.2,34.8,34.8,31.3,0,0.27,0.17,1.32,0,43,2
"Bean, haricot, dried, boiled, microwaved or steamed, drained",464,377,0.7,12.6,12.6,7.9,0,0.09,0.05,0.42,0,16,1
"Bean, lima, dried",1299,1141,1.7,40.6,40.6,34,0,0.39,0.16,0.79,0,88,2
"Bean, lima, dried, boiled, microwaved or steamed, drained",355,296,0.3,10.2,10.2,9.6,0,0.07,0.03,0.14,0,11,1
"Bean, mixed, canned, drained",426,360,0.4,13.8,13.8,11.3,0,0.09,0.02,0.2,0,38,1
"Bean, red kidney, dried",1251,1062,1.8,35.6,35.6,32.2,0,0.27,0.14,1.03,0,36,2
"Bean, red kidney, dried, boiled, microwaved or steamed, drained",382,308,0.5,9.1,9.1,8.5,0,0.07,0.04,0.28,0,100,1
"Bean, red, kidney, canned, drained",441,373,0.6,14,14,10.8,0,0.09,0.05,0.34,0,30,1
"Bean, soya, dried",1681,1504,20.2,12.5,12.5,0.7,0,2.95,3.12,12.55,0,86,2
"Bean, soya, dried, boiled, microwaved or steamed, drained",614,539,7.7,1.4,1.4,0,0,1.12,1.19,4.78,0,52,1
"Bean, soya, canned, drained",438,383,5.5,1.9,1.9,0,0,0.8,0.85,3.42,0,82,1
"Bean, refried, canned",363,320,1.3,10.6,15.5,10.4,0,0.4,0.48,0.13,0,25,1
"Chickpea, dried, boiled, microwaved or steamed, drained",466,412,2.1,13.3,13.3,12.5,0,0.21,0.49,0.97,0,83,1
"Chickpea, canned, drained",466,412,2.1,13.3,13.3,12.5,0,0.21,0.49,0.97,0,76,1
"Legumes, mixed, for use in homemade soup recipes",416,357,0.9,12.5,12.5,10.2,0,0.14,0.16,0.44,0,53,1
"Lentil, dried",1468,1373,2,51.2,51.2,45.2,0,0.28,0.34,0.97,0,89,2
"Lentil, dried, cooked",354,307,0.4,10.3,10.3,9,0,0.06,0.07,0.2,0,67,1
"Lentil, green or brown, dried",1439,1322,2,48.8,48.8,42.9,0,0.28,0.34,0.97,0,64,2
"Lentil, green or brown, cooked",595,546,0.8,20.2,20.2,17.7,0,0.12,0.14,0.4,0,66,1
"Lentil, red, dried",1498,1424,2,53.6,53.6,47.4,0,0.28,0.34,0.97,0,21,2
"Lentil, red, cooked",458,435,0.6,16.4,16.4,14.5,0,0.09,0.1,0.3,0,80,1
"Pea, split, dried",1427,1330,2,50.5,50.5,42.6,0,0.23,0.39,0.96,0,30,2
"Pea, split, dried, boiled, microwaved or steamed, drained",364,281,0.4,9.1,9.1,6.2,0,0.05,0.08,0.19,0,11,1
"Beef, for use in kebabs, cooked",1544,1518,25.9,8.7,8.7,8.4,0,8.52,12.27,2.91,760.27,66,2
"Beef, all cuts, separable fat, raw",2478,2478,61.4,0,0,0,0,25.68,28.42,1.4,3021.09,49,0
"Beef, all cuts, separable fat, grilled or roasted without fat",2317,2317,55.6,0,0,0,0,21.58,27.28,1.22,2907.92,84,0
"Beef, BBQ/grill/fry cuts, fully-trimmed, raw",546,546,4.5,0,0,0,0,1.74,1.9,0.33,190.37,23,1
"Beef, BBQ/grill/fry cuts, fully-trimmed, BBQ'd, grilled or fried, no added fat",724,724,5.3,0,0,0,0,1.82,2.38,0.49,176.51,75,1
"Beef, BBQ/grill/fry cuts, semi-trimmed, raw",632,632,7,0,0,0,0,2.83,3.08,0.38,315.56,86,1
"Beef, BBQ/grill/fry cuts, semi-trimmed, BBQ'd, grilled or fried, no added fat",804,804,7.8,0,0,0,0,2.88,3.56,0.54,310.51,82,1
"Beef, blade steak, untrimmed, raw",707,707,9.5,0,0,0,0,3.57,4.42,0.46,481.23,60,1
"Beef, blade steak, separable fat, raw",2478,2478,61.4,0,0,0,0,23.6,30.24,1.21,3459.94,88,0
"Beef, blade steak, separable fat, grilled or BBQ'd, no added fat",2317,2317,55.6,0,0,0,0,22.79,25.42,1.34,3428.25,94,0
"Beef, blade steak, separable lean, raw",474,474,2.6,0,0,0,0,0.92,1.01,0.36,87.69,11,1
"Beef, blade steak, separable lean, grilled or BBQ'd, no added fat",650,650,2.9,0,0,0,0,0.97,1.28,0.35,64.05,99,1
"Beef, blade steak, fully-trimmed, raw",534,534,4.4,0,0,0,0,1.6,1.89,0.38,188.86,89,1
"Beef, blade steak, fully-trimmed, baked, roasted, fried, grilled or BBQ'd, no added fat",683,683,4,0,0,0,0,1.4,1.76,0.37,131.33,89,1
"Beef, blade steak, fully-trimmed, baked, roasted, fried, grilled or BBQ'd, fat not further defined",728,728,7.7,0,0,0,0,2.1,3.7,1.15,226.41,61,1
"Beef, blade steak, fully-trimmed, boiled, casseroled, microwaved, poached, steamed or stewed, no added fat",667,667,5.5,0,0,0,0,2.01,2.36,0.48,236.07,75,1
"Beef, blade steak, fully-trimmed, boiled, casseroled, microwaved, poached, steamed or stewed, fat not further defined",745,745,7.8,0,0,0,0,2.38,3.77,0.92,249.44,91,1
"Beef, blade steak, semi-trimmed, raw",598,598,6.2,0,0,0,0,2.33,2.82,0.41,296.77,53,1
"Beef, blade steak, semi-trimmed, baked, roasted, fried, grilled or BBQ'd, no added fat",740,740,5.8,0,0,0,0,2.16,2.59,0.4,247.06,44,1
"Beef, blade steak, semi-trimmed, baked, roasted, fried, grilled or BBQ'd, fat not further defined",803,803,9.9,0,0,0,0,3.19,4.8,0.93,372.32,68,1
"Beef, blade steak, untrimmed, baked, roasted, fried, grilled or BBQ'd, no added fat",791,791,7.4,0,0,0,0,2.82,3.33,0.43,349.67,86,1
"Beef, blade steak, untrimmed, baked, roasted, fried, grilled or BBQ'd, fat not further defined",934,934,13.7,0,0,0,0,4.67,6.71,0.99,592.78,52,1
"Beef, blade steak, untrimmed, boiled, casseroled, microwaved, poached, steamed or stewed, with or without added fat",921,921,12.9,0,0,0,0,4.63,6.2,0.79,604.57,35,1
"Beef, casserole cuts, fully-trimmed, raw",548,548,4.9,0,0,0,0,1.82,2.11,0.41,211.77,22,1
"Beef, casserole cuts, fully-trimmed, boiled, casseroled, microwaved, poached, steamed, or stewed, no added fat",654,654,6.2,0,0,0,0,2.15,2.78,0.6,239.5,9,1
"Beef, casserole cuts, untrimmed, raw",677,677,8.6,0,0,0,0,3.34,3.93,0.46,419.5,24,1
"Beef, casserole cuts, untrimmed, boiled, casseroled, microwaved, poached, steamed or stewed, with or without fat",883,883,11.9,0,0,0,0,4.34,5.59,0.8,528.18,89,1
"Beef, chuck steak, separable fat, raw",2478,2478,61.4,0,0,0,0,23.6,30.24,1.21,3459.94,85,0
"Beef, chuck steak, separable fat, boiled, casseroled, microwaved, poached, steamed, or stewed, no added fat",2317,2317,55.6,0,0,0,0,22.79,25.42,1.34,3428.25,98,0
"Beef, chuck steak, separable lean, raw",517,517,3.4,0,0,0,0,1.21,1.32,0.47,114.67,7,1
"Beef, chuck steak, separable lean, boiled, casseroled, microwaved, poached, steamed, or stewed, no added fat",953,953,10.6,0,0,0,0,3.54,4.66,1.27,234.1,32,1
"Beef, chuck steak, fully-trimmed, raw",654,654,7.5,0,0,0,0,2.78,3.34,0.52,348.84,38,1
"Beef, chuck steak, fully-trimmed, baked, roasted, fried, stir-fried, grilled or BBQ'd, no added fat",798,798,9.1,0,0,0,0,3.39,4.08,0.63,425.42,77,1
"Beef, chuck steak, fully-trimmed, baked, roasted, fried, stir-fried, grilled or BBQ'd, fat not further defined",870,870,11.3,0,0,0,0,3.72,5.42,1.06,434.55,76,1
"Beef, chuck steak, fully-trimmed, boiled, casseroled, microwaved, poached, steamed, or stewed, with or without added fat",684,684,8.4,0,0,0,0,2.92,3.9,0.7,352.59,18,1
"Beef, chuck steak, untrimmed, raw",755,755,10.5,0,0,0,0,3.94,4.84,0.56,521.46,22,1
"Beef, chuck steak, untrimmed, boiled, casseroled, microwaved, poached, steamed, or stewed, with or without added fat",1114,1114,15.9,0,0,0,0,5.57,7.24,1.44,553.93,9,2
"Beef, diced, separable lean, raw",574,574,2.7,0,0,0,0,0.96,1.05,0.37,93.09,40,1
"Beef, diced, separable lean, fried or stir-fried, no added fat",653,653,2.9,0,0,0,0,0.93,1.29,0.36,80.73,70,1
"Beef, diced, fully-trimmed, raw",588,588,3.1,0,0,0,0,1.14,1.24,0.38,113.3,79,1
"Beef, diced, fully-trimmed, baked, roasted, fried or stir-fried, grilled or BBQ'd, no added fat",653,653,2.9,0,0,0,0,0.93,1.29,0.36,80.73,31,1
"Beef, diced, fully-trimmed, baked, roasted, fried or stir-fried, grilled or BBQ'd, fat not further defined",791,791,6.1,0,0,0,0,1.76,2.91,0.89,153.06,66,1
"Beef, diced, fully-trimmed, boiled, casseroled, microwaved, poached, steamed or stewed, no added fat",734,734,3.9,0,0,0,0,1.42,1.55,0.47,141.63,48,1
"Beef, diced, fully-trimmed, boiled, casseroled, microwaved, poached, steamed or stewed, fat not further defined",811,811,6.3,0,0,0,0,1.8,2.98,0.91,156.88,71,1
"Beef, diced, untrimmed, raw",614,614,3.9,0,0,0,0,1.48,1.62,0.39,153.15,69,1
"Beef, diced, untrimmed, baked, roasted, fried or stir-fried, grilled or BBQ'd, no added fat",678,678,3.7,0,0,0,0,1.22,1.71,0.36,118.06,75,1
"Beef, eye fillet, separable lean, raw",570,570,5.2,0,0,0,0,1.95,2.07,0.53,204.34,41,1
"Beef, eye fillet, separable lean, baked, roasted, fried, grilled or BBQ'd, no added fat",746,746,5.5,0,0,0,0,1.8,2.49,0.6,151.54,87,1
"Beef, fillet steak, separable lean, raw",570,570,5.2,0,0,0,0,1.95,2.07,0.53,204.34,78,1
"Beef, fillet steak, separable lean, grilled or BBQ'd, no added fat",746,746,5.5,0,0,0,0,1.8,2.49,0.6,151.54,93,1
"Beef, fillet steak, fully-trimmed, raw",608,608,6.3,0,0,0,0,2.44,2.59,0.55,259.6,91,1
"Beef, fillet steak, fully-trimmed, baked, roasted, fried, grilled or BBQ'd, no added fat",746,746,5.5,0,0,0,0,1.8,2.49,0.6,151.54,14,1
"Beef, fillet steak, fully-trimmed, baked, roasted, fried, grilled or BBQ'd, butter, dairy blend or margarine",753,753,8.2,0,0,0,0,3.43,2.96,0.79,336.98,18,1
"Beef, fillet steak, fully-trimmed, baked, roasted, fried, grilled or BBQ'd, canola oil",771,771,8.7,0,0,0,0,2.51,3.92,1.33,244.91,75,1
"Beef, fillet steak, fully-trimmed, baked, roasted, fried, grilled or BBQ'd, olive oil",817,817,10,0,0,0,0,3.29,4.83,0.87,310.25,90,1
"Beef, fillet steak, fully-trimmed, baked, roasted, fried, grilled or BBQ'd, other oil",817,817,10,0,0,0,0,3.24,4,1.74,358.28,47,1
"Beef, fillet steak, fully-trimmed, baked, roasted, fried, grilled or BBQ'd, fat not further defined",815,815,10,0,0,0,0,3.32,4.52,1.1,327.9,12,1
"Beef, fillet steak, untrimmed, raw",710,710,9.3,0,0,0,0,3.73,3.98,0.6,407.69,17,1
"Beef, fillet steak, untrimmed, baked, roasted, fried, grilled or BBQ'd, no added fat",849,849,8.8,0,0,0,0,3.24,3.97,0.65,337.76,88,1
"Beef, fillet steak, untrimmed, baked, roasted, fried, grilled or BBQ'd, fat not further defined",937,937,13.6,0,0,0,0,4.86,6.18,1.16,504.89,82,1
"Beef, kebab, marinated, baked, roasted, fried, grilled or BBQ'd, fat not further defined",843,843,10,4.5,4.5,0.7,0,3.41,4.75,0.91,351.04,40,1
"Beef, loin (fillet, sirloin, scotch fillet, T-bone), separable fat, raw",2478,2478,61.4,0,0,0,0,26.09,27.97,1.49,2967.26,75,0
"Beef, loin (fillet, sirloin, scotch fillet, T-bone), separable fat, grilled or BBQ'd, no added fat",2317,2317,55.6,0,0,0,0,23.74,24.92,1.35,2977.33,38,0
"Beef, mince, <5% fat, raw",541,541,4.1,0,0,0,0,1.76,1.66,0.17,127.69,91,1
"Beef, mince, <5% fat, baked, roasted, fried or stir-fried, grilled or BBQ'd, no added fat",849,849,8.1,0,0,0,0,3.55,3.27,0.27,252.27,68,1
"Beef, mince, <5% fat, baked, roasted, fried or stir-fried, grilled or BBQ'd, canola oil",906,906,9.9,0,0,0,0,3.63,4.39,0.83,247.79,10,1
"Beef, mince, <5% fat, baked, roasted, fried or stir-fried, grilled or BBQ'd, olive oil",906,906,9.9,0,0,0,0,3.79,4.63,0.44,247.22,46,1
"Beef, mince, <5% fat, baked, roasted, fried or stir-fried, grilled or BBQ'd, other oil",906,906,9.9,0,0,0,0,3.75,3.94,1.14,286.6,22,1
"Beef, mince, <5% fat, baked, roasted, fried or stir-fried, grilled or BBQ'd, fat not further defined",905,905,9.9,0,0,0,0,3.81,4.37,0.62,261.69,100,1
"Beef, mince, <5% fat, boiled, casseroled, microwaved, poached, steamed, or stewed, no added fat",676,676,5.1,0,0,0,0,2.2,2.07,0.21,159.61,86,1
"Beef, mince, <5% fat, boiled, casseroled, microwaved, poached, steamed or stewed, fat not further defined",754,754,7.5,0,0,0,0,2.57,3.49,0.66,174.51,25,1
"Beef, mince, ~5-10% fat, raw",710,710,8.9,0,0,0,0,3.83,3.8,0.25,284.44,42,1
"Beef, mince, ~5-10% fat, baked, roasted, fried or stir-fried, grilled or BBQ'd, no added fat",1108,1108,16.4,0,0,0,0,7.52,6.81,0.33,524.14,37,2
"Beef, mince, ~5-10% fat, baked, roasted, fried or stir-fried, grilled or BBQ'd, canola oil",1160,1160,18.1,0,0,0,0,7.52,7.86,0.9,514.24,55,2
"Beef, mince, ~5-10% fat, baked, roasted, fried or stir-fried, grilled or BBQ'd, olive oil",1160,1160,18.1,0,0,0,0,7.68,8.1,0.5,513.66,48,2
"Beef, mince, ~5-10% fat, baked, roasted, fried or stir-fried, grilled or BBQ'd, other oil",1160,1160,18.1,0,0,0,0,7.64,7.42,1.21,553.05,45,2
"Beef, mince, ~5-10% fat, baked, roasted, fried or stir-fried, grilled or BBQ'd, fat not further defined",1159,1159,18,0,0,0,0,7.7,7.84,0.69,528.13,36,2
"Beef, mince, ~5-10% fat, boiled, casseroled, microwaved, poached, steamed, or stewed, no added fat",888,888,11.1,0,0,0,0,4.79,4.75,0.32,355.56,72,1
"Beef, mince, ~5-10% fat, boiled, casseroled, microwaved, poached, steamed, or stewed, fat not further defined",961,961,13.4,0,0,0,0,5.1,6.12,0.76,366.53,77,1
"Beef, mince, >10% fat, raw",767,767,10.4,0,0,0,0,4.74,4.26,0.29,332.38,10,1
"Beef, mince, >10% fat, baked, roasted, fried or stir-fried, grilled or BBQ'd, no added fat",1185,1185,18.1,0,0,0,0,8.05,7.76,0.28,578.48,58,2
"Beef, mince, >10% fat, baked, roasted, fried or stir-fried, grilled or BBQ'd, fat not further defined",1234,1234,19.7,0,0,0,0,8.22,8.78,0.63,581.38,44,2
"Beef, mince, raw, not further defined",614,614,6.2,0,0,0,0,2.65,2.57,0.21,194.9,45,1
"Beef, mince, baked, roasted, fried or stir-fried, grilled or BBQ'd, no added fat",829,829,8.3,0,0,0,0,3.58,3.48,0.28,263.38,94,1
"Beef, mince, baked, roasted, fried or stir-fried, grilled or BBQ'd, fat not further defined",911,911,10.8,0,0,0,0,3.96,4.99,0.76,277.67,70,1
"Beef, mince, boiled, casseroled, microwaved, steamed or stewed, with or without added fat",805,805,8.8,0,0,0,0,3.49,3.91,0.48,250.24,52,1
"Beef, rib cutlet or roast, fully-trimmed, baked, roasted, fried, grilled or BBQ'd, no added fat",740,740,7,0,0,0,0,2.81,3,0.42,308.4,62,1
"Beef, rib cutlet or roast, fully-trimmed, baked, roasted, fried, grilled or BBQ'd, fat not further defined",690,690,6.8,0,0,0,0,2.04,3.23,0.88,191.54,10,1
"Beef, rib cutlet or roast, semi-trimmed, boiled, casseroled, microwaved, poached, steamed, or stewed, with or without added fat",975,975,13.6,0,0,0,0,5.33,6.22,0.76,581.88,16,2
"Beef, rib, baked, roasted, fried, grilled or BBQ'd, with or without added fat",1214,1212,16.9,1.2,1.2,0.4,0,6,7.87,1.41,654.33,95,2
"Beef, roasting cuts, fully-trimmed, raw",503,503,3.7,0,0,0,0,1.37,1.51,0.36,145.5,64,1
"Beef, roasting cuts, fully-trimmed, baked or roasted, no added fat",664,664,3.3,0,0,0,0,1.09,1.5,0.33,106.5,93,1
"Beef, roasting cuts, semi-trimmed, raw",560,560,5.3,0,0,0,0,2.08,2.29,0.39,230.95,16,1
"Beef, roasting cuts, semi-trimmed, baked or roasted, no added fat",705,705,4.6,0,0,0,0,1.61,2.14,0.35,182.86,83,1
"Beef, roasting cuts, untrimmed, raw",611,611,6.8,0,0,0,0,2.68,3.01,0.41,313.03,15,1
"Beef, roasting cuts, untrimmed, baked or roasted, no added fat",745,745,8.3,0,0,0,0,3.27,3.67,0.5,381.74,64,1
"Beef, round medallion, separable lean, raw",420,420,1.7,0,0,0,0,0.58,0.63,0.3,44.86,46,1
"Beef, round medallion, separable lean, grilled or BBQ'd, no added fat",615,615,2,0,0,0,0,0.69,0.86,0.22,70.15,72,1
"Beef, round steak, separable fat, raw",2478,2478,61.4,0,0,0,0,27.44,26.86,1.24,2974.86,99,0
"Beef, round steak, separable fat, grilled or BBQ'd, no added fat",2317,2317,55.6,0,0,0,0,20.44,28.97,0.98,2586.29,43,0
"Beef, round steak, separable lean, raw",420,420,1.7,0,0,0,0,0.58,0.63,0.3,44.86,76,1
"Beef, round steak, separable lean, grilled or BBQ'd, no added fat",615,615,2,0,0,0,0,0.69,0.86,0.22,70.15,22,1
"Beef, round steak, fully-trimmed, raw",457,457,2.8,0,0,0,0,1.06,1.11,0.32,97.6,77,1
"Beef, round steak, fully-trimmed, baked, roasted, fried, grilled or BBQ'd, no added fat",632,632,2.5,0,0,0,0,0.88,1.14,0.23,95.31,24,1
"Beef, round steak, fully-trimmed, baked, roasted, fried, grilled or BBQ'd, canola oil",636,636,5.8,0,0,0,0,1.45,2.77,1.08,117.35,93,1
"Beef, round steak, fully-trimmed, baked, roasted, fried, grilled or BBQ'd, olive oil",636,636,5.8,0,0,0,0,1.64,3.06,0.59,116.65,62,1
"Beef, round steak, fully-trimmed, baked, roasted, fried, grilled or BBQ'd, other oil",636,636,5.8,0,0,0,0,1.6,2.22,1.46,164.68,84,1
"Beef, round steak, fully-trimmed, baked, roasted, fried, grilled or BBQ'd, fat not further defined",635,635,5.7,0,0,0,0,1.67,2.75,0.82,134.29,18,1
"Beef, round steak, fully-trimmed, boiled, casseroled, microwaved, poached, steamed or stewed, with or without added fat",611,611,4.7,0,0,0,0,1.52,2.1,0.62,129.83,80,1
"Beef, round steak, semi-trimmed, raw",525,525,4.7,0,0,0,0,1.95,1.97,0.35,194.29,36,1
"Beef, round steak, semi-trimmed, baked, roasted, fried, grilled or BBQ'd, no added fat",656,656,3.3,0,0,0,0,1.17,1.55,0.24,132.04,49,1
"Beef, round steak, untrimmed, raw",568,568,6,0,0,0,0,2.51,2.52,0.37,255.82,54,1
"Beef, round steak, untrimmed, baked, roasted, fried, grilled or BBQ'd, no added fat",697,697,4.6,0,0,0,0,1.64,2.21,0.26,191.68,52,1
"Beef, round steak, untrimmed, baked, roasted, fried, grilled or BBQ'd, fat not further defined",768,768,9.6,0,0,0,0,3.4,4.44,0.88,323.39,12,1
"Beef, rump medallion, separable lean, raw",450,450,2.8,0,0,0,0,1,1.1,0.37,96.67,97,1
"Beef, rump medallion, separable lean, grilled or BBQ'd, no added fat",710,710,4.5,0,0,0,0,1.5,1.94,0.53,140.22,18,1
"Beef, rump steak, separable fat, raw",2478,2478,61.4,0,0,0,0,24.65,29.12,1.69,3064.39,55,0
"Beef, rump steak, separable fat, grilled or BBQ'd, no added fat",2317,2317,55.6,0,0,0,0,20.33,28.84,1.3,2508.4,96,0
"Beef, rump steak, separable lean, raw",450,450,2.8,0,0,0,0,1,1.1,0.37,96.67,49,1
"Beef, rump steak, separable lean, grilled or BBQ'd, no added fat",710,710,4.5,0,0,0,0,1.5,1.94,0.53,140.22,28,1
"Beef, rump steak, fully-trimmed, raw",511,511,4.6,0,0,0,0,1.71,1.94,0.41,185.7,22,1
"Beef, rump steak, fully-trimmed, baked, roasted, fried, grilled or BBQ'd, no added fat",742,742,5.5,0,0,0,0,1.87,2.47,0.55,187.59,15,1
"Beef, rump steak, fully-trimmed, baked, roasted, fried, grilled or BBQ'd, butter, dairy blend or margarine",683,683,7.4,0,0,0,0,3.14,2.8,0.64,314.7,36,1
"Beef, rump steak, fully-trimmed, baked, roasted, fried, grilled or BBQ'd, canola oil",701,701,7.9,0,0,0,0,2.22,3.76,1.19,222.63,58,1
"Beef, rump steak, fully-trimmed, baked, roasted, fried, grilled or BBQ'd, olive oil",701,701,7.9,0,0,0,0,2.42,4.05,0.7,221.93,17,1
"Beef, rump steak, fully-trimmed, baked, roasted, fried, stir-fried, grilled or BBQ'd, other oil",701,701,7.9,0,0,0,0,2.37,3.22,1.57,269.96,86,1
"Beef, rump steak, fully-trimmed, baked, roasted, fried, stir-fried, grilled or BBQ'd, fat not further defined",700,700,7.8,0,0,0,0,2.44,3.74,0.93,239.58,62,1
"Beef, rump steak, fully-trimmed, boiled, casseroled, microwaved, poached, steamed or stewed, with or without added fat",678,678,6.9,0,0,0,0,2.32,3.13,0.74,238.85,50,1
"Beef, rump steak, semi-trimmed, raw",546,546,5.6,0,0,0,0,2.11,2.41,0.44,236.15,69,1
"Beef, rump steak, semi-trimmed, baked, roasted, fried, grilled or BBQ'd, no added fat",804,804,7.5,0,0,0,0,2.6,3.51,0.58,278.52,84,1
"Beef, rump steak, semi-trimmed, baked, roasted, fried, grilled or BBQ'd, butter, dairy blend or margarine",724,724,8.6,0,0,0,0,3.62,3.37,0.67,375,33,1
"Beef, rump steak, semi-trimmed, baked, roasted, fried, grilled or BBQ'd, canola oil",742,742,9.1,0,0,0,0,2.7,4.33,1.22,282.93,29,1
"Beef, rump steak, semi-trimmed, baked, roasted, fried, grilled or BBQ'd, olive oil",742,742,9.1,0,0,0,0,2.9,4.62,0.73,282.23,83,1
"Beef, rump steak, semi-trimmed, baked, roasted, fried, grilled or BBQ'd, other oil",742,742,9.1,0,0,0,0,2.85,3.79,1.59,330.26,9,1
"Beef, rump steak, semi-trimmed, baked, roasted, fried, grilled or BBQ'd, fat not further defined",741,741,9,0,0,0,0,2.92,4.31,0.96,299.88,9,1
"Beef, rump steak, semi-trimmed, boiled, casseroled, microwaved, poached, steamed, or stewed, with or without added fat",721,721,8.1,0,0,0,0,2.82,3.72,0.76,301.28,37,1
"Beef, rump steak, untrimmed, raw",815,815,13.3,0,0,0,0,5.26,6.14,0.61,630.86,26,1
"Beef, rump steak, untrimmed, baked, roasted, fried, grilled or BBQ'd, no added fat",910,910,10.9,0,0,0,0,3.85,5.29,0.63,435.77,54,1
"Beef, rump steak, untrimmed, baked, roasted, fried, grilled or BBQ'd, butter, dairy blend or margarine",1047,1047,17.9,0,0,0,0,7.38,7.82,0.88,846.72,32,2
"Beef, rump steak, untrimmed, baked, roasted, fried, grilled or BBQ'd, canola oil",1065,1065,18.4,0,0,0,0,6.46,8.79,1.42,754.65,32,2
"Beef, rump steak, untrimmed, baked, roasted, fried, grilled or BBQ'd, olive oil",1065,1065,18.4,0,0,0,0,6.66,9.08,0.94,753.95,57,2
"Beef, rump steak, untrimmed, baked, roasted, fried, grilled or BBQ'd, other oil",1065,1065,18.4,0,0,0,0,6.61,8.24,1.8,801.98,79,2
"Beef, rump steak, untrimmed, baked, roasted, fried, grilled or BBQ'd, fat not further defined",1063,1063,18.3,0,0,0,0,6.68,8.76,1.17,771.6,33,2
"Beef, rump steak, untrimmed, boiled, casseroled, microwaved, poached, steamed or stewed, with or without added fat",1054,1054,17.7,0,0,0,0,6.71,8.33,0.98,789.73,85,2
"Beef, scotch fillet, separable lean, raw",508,508,2.8,0,0,0,0,1.05,1.12,0.29,110.03,55,1
"Beef, scotch fillet, separable lean, grilled or BBQ'd, no added fat",707,707,4.5,0,0,0,0,1.46,2.02,0.48,122.89,24,1
"Beef, scotch fillet, fully-trimmed, raw",607,607,5.7,0,0,0,0,2.3,2.46,0.35,252.89,83,1
"Beef, scotch fillet, fully-trimmed, baked, roasted, fried, grilled or BBQ'd, no added fat",756,756,6,0,0,0,0,2.13,2.71,0.51,208.52,6,1
"Beef, scotch fillet, fully-trimmed, baked, roasted, fried, grilled or BBQ'd, butter, dairy blend or margarine",797,797,8.8,0,0,0,0,3.85,3.42,0.56,395.01,15,1
"Beef, scotch fillet, fully-trimmed, baked, roasted, fried, grilled or BBQ'd, canola oil",815,815,9.3,0,0,0,0,2.93,4.39,1.11,302.94,60,1
"Beef, scotch fillet, fully-trimmed, baked, roasted, fried, grilled or BBQ'd, olive oil",815,815,9.3,0,0,0,0,3.13,4.68,0.63,302.24,39,1
"Beef, scotch fillet, fully-trimmed, baked, roasted, fried, grilled or BBQ'd, other oil",815,815,9.3,0,0,0,0,3.08,3.84,1.49,350.27,20,1
"Beef, scotch fillet, fully-trimmed, baked, roasted, fried, grilled or BBQ'd, fat not further defined",814,814,9.2,0,0,0,0,3.16,4.36,0.85,319.88,95,1
"Beef, scotch fillet, fully-trimmed, boiled, casseroled, microwaved, poached, steamed or stewed, with or without added fat",796,796,8.3,0,0,0,0,3.06,3.77,0.65,322,12,1
"Beef, scotch fillet, semi-trimmed, raw",751,751,10,0,0,0,0,4.14,4.43,0.44,462.9,24,1
"Beef, scotch fillet, semi-trimmed, baked, roasted, fried, grilled or BBQ'd, no added fat",863,863,9.4,0,0,0,0,3.61,4.23,0.57,398.06,7,1
"Beef, scotch fillet, semi-trimmed, baked, roasted, fried, grilled or BBQ'd, butter, dairy blend or margarine",970,970,13.9,0,0,0,0,6.05,5.78,0.67,645.99,60,2
"Beef, scotch fillet, semi-trimmed, baked, roasted, fried, grilled or BBQ'd, canola oil",988,988,14.4,0,0,0,0,5.13,6.75,1.22,553.92,79,2
"Beef, scotch fillet, semi-trimmed, baked, roasted, fried, grilled or BBQ'd, olive oil",988,988,14.4,0,0,0,0,5.33,7.04,0.73,553.22,95,2
"Beef, scotch fillet, semi-trimmed, baked, roasted, fried, grilled or BBQ'd, other oil",988,988,14.4,0,0,0,0,5.28,6.2,1.59,601.25,39,2
"Beef, scotch fillet, semi-trimmed, baked, roasted, fried, grilled or BBQ'd, fat not further defined",987,987,14.4,0,0,0,0,5.36,6.72,0.96,570.86,24,2
"Beef, scotch fillet, untrimmed, raw",883,883,13.9,0,0,0,0,5.81,6.22,0.52,653.47,8,1
"Beef, scotch fillet, untrimmed, baked, roasted, fried, grilled or BBQ'd, no added fat",953,953,12.3,0,0,0,0,4.86,5.51,0.62,558.48,44,2
"Beef, scotch fillet, untrimmed, baked, roasted, fried, grilled or BBQ'd, fat not further defined",1144,1144,19.1,0,0,0,0,7.35,8.86,1.06,798.63,29,2
"Beef, silverside minute steak, separable lean, raw",495,495,2.3,0,0,0,0,0.83,0.9,0.29,87.56,85,1
"Beef, silverside minute steak, separable lean, baked or roasted, no added fat",664,664,5.6,0,0,0,0,1.55,2.67,0.78,126.34,89,1
"Beef, silverside roast, separable lean, raw",495,495,2.3,0,0,0,0,0.83,0.9,0.29,87.56,43,1
"Beef, silverside roast, separable lean, baked or roasted, no added fat",664,664,5.6,0,0,0,0,1.55,2.67,0.78,126.34,77,1
"Beef, silverside roast, fully-trimmed, raw",525,525,3.2,0,0,0,0,1.22,1.3,0.3,126.37,83,1
"Beef, silverside roast, fully-trimmed, baked or roasted, no added fat",681,681,6.1,0,0,0,0,1.75,2.92,0.78,155.41,28,1
"Beef, silverside roast, fully-trimmed, boiled, casseroled, microwaved, poached, steamed, or stewed, no added fat",656,656,4,0,0,0,0,1.52,1.63,0.38,157.96,73,1
"Beef, silverside roast, semi-trimmed, raw",568,568,4.5,0,0,0,0,1.78,1.89,0.33,182.51,48,1
"Beef, silverside roast, semi-trimmed, baked or roasted, no added fat",704,704,6.8,0,0,0,0,2.02,3.27,0.79,195.23,92,1
"Beef, silverside roast, semi-trimmed, boiled, casseroled, microwaved, poached, steamed, or stewed, no added fat",709,709,5.6,0,0,0,0,2.22,2.36,0.41,228.13,25,1
"Beef, silverside roast, untrimmed, raw",711,711,8.7,0,0,0,0,3.63,3.83,0.41,369.04,94,1
"Beef, silverside roast, untrimmed, baked or roasted, no added fat",797,797,9.6,0,0,0,0,3.12,4.68,0.81,359.16,82,1
"Beef, silverside roast, untrimmed, boiled, casseroled, microwaved, poached, steamed or stewed, no added fat",888,888,10.9,0,0,0,0,4.54,4.79,0.51,461.3,17,1
"Beef, sirloin steak, separable lean, raw",480,480,1.9,0,0,0,0,0.71,0.76,0.19,74.66,72,1
"Beef, sirloin steak, separable lean, grilled or BBQ'd, no added fat",659,659,3.8,0,0,0,0,1.24,1.72,0.41,104.7,84,1
"Beef, sirloin steak, fully-trimmed, raw",520,520,3.1,0,0,0,0,1.22,1.3,0.22,132.52,52,1
"Beef, sirloin steak, fully-trimmed, baked, roasted, fried, grilled or BBQ'd, no added fat",676,676,4.3,0,0,0,0,1.47,1.95,0.42,133.43,40,1
"Beef, sirloin steak, fully-trimmed, baked, roasted, fried, grilled or BBQ'd, canola oil",712,712,6.1,0,0,0,0,1.64,3,0.96,159.07,67,1
"Beef, sirloin steak, fully-trimmed, baked, roasted, fried, grilled or BBQ'd, olive oil",712,712,6.1,0,0,0,0,1.83,3.29,0.48,158.37,68,1
"Beef, sirloin steak, fully-trimmed, baked, roasted, fried, grilled or BBQ'd, other oil",712,712,6.1,0,0,0,0,1.79,2.46,1.34,206.4,79,1
"Beef, sirloin steak, fully-trimmed, baked, roasted, fried, grilled or BBQ'd, fat not further defined",710,710,6.1,0,0,0,0,1.86,2.98,0.7,176.02,48,1
"Beef, sirloin steak, fully-trimmed, boiled, casseroled, microwaved, poached, steamed or stewed, with or without added fat",689,689,5.1,0,0,0,0,1.72,2.34,0.5,173.03,26,1
"Beef, sirloin steak, semi-trimmed, raw",599,599,5.5,0,0,0,0,2.23,2.38,0.27,247.64,22,1
"Beef, sirloin steak, semi-trimmed, baked, roasted, fried, grilled or BBQ'd, no added fat",746,746,6.5,0,0,0,0,2.42,2.93,0.46,254.94,83,1
"Beef, sirloin steak, semi-trimmed, baked, roasted, fried, grilled or BBQ'd, canola oil",807,807,9,0,0,0,0,2.84,4.3,1.02,296.66,91,1
"Beef, sirloin steak, semi-trimmed, baked, roasted, fried, grilled or BBQ'd, olive oil",807,807,9,0,0,0,0,3.04,4.59,0.54,295.96,91,1
"Beef, sirloin steak, semi-trimmed, baked, roasted, fried, grilled or BBQ'd, other oil",807,807,9,0,0,0,0,3,3.75,1.4,343.99,16,1
"Beef, sirloin steak, semi-trimmed, baked, roasted, fried, grilled or BBQ'd, fat not further defined",805,805,8.9,0,0,0,0,3.07,4.28,0.77,313.61,99,1
"Beef, sirloin steak, untrimmed, raw",930,930,15.3,0,0,0,0,6.42,6.88,0.49,725.78,61,1
"Beef, sirloin steak, untrimmed, baked, roasted, fried, grilled or BBQ'd, no added fat",1007,1007,14.7,0,0,0,0,5.97,6.59,0.61,707.67,87,2
"Beef, sirloin steak, untrimmed, baked, roasted, fried, grilled or BBQ'd, olive oil",1201,1201,20.7,0,0,0,0,8.05,9.96,0.79,867.4,86,2
"Beef, sirloin steak, untrimmed, baked, roasted, fried, grilled or BBQ'd, fat not further defined",1200,1200,20.7,0,0,0,0,8.08,9.65,1.02,885.05,79,2
"Beef, stir-fry strips or diced, separable fat, raw",2478,2478,61.4,0,0,0,0,25.73,28.41,1.39,2980.71,23,0
"Beef, stir-fry strips or diced, separable fat, fried or stir-fried, no added fat",2317,2317,55.6,0,0,0,0,21.12,27.77,1.19,2910.56,35,0
"Beef, stir-fry strips, separable lean, raw",536,536,2,0,0,0,0,0.71,0.78,0.28,68.96,21,1
"Beef, stir-fry strips, separable lean, fried or stir-fried, no added fat",644,644,3.2,0,0,0,0,1.02,1.43,0.39,89.08,45,1
"Beef, stir-fry strips, fully-trimmed, raw",544,544,2.2,0,0,0,0,0.81,0.89,0.28,80.6,65,1
"Beef, stir-fry strips, fully-trimmed, baked, roasted, fried, stir-fried, grilled or BBQ'd, no added fat",644,644,3.2,0,0,0,0,1.02,1.43,0.39,89.08,33,1
"Beef, stir-fry strips, fully-trimmed, baked, roasted, fried, stir-fried, grilled or BBQ'd, canola oil",741,741,5.1,0,0,0,0,1.15,2.51,1.03,97.03,49,1
"Beef, stir-fry strips, fully-trimmed, baked, roasted, fried, stir-fried, grilled or BBQ'd, olive oil",741,741,5.1,0,0,0,0,1.34,2.8,0.55,96.33,13,1
"Beef, stir-fry strips, fully-trimmed, baked, roasted, fried, stir-fried, grilled or BBQ'd, other oil",741,741,5.1,0,0,0,0,1.3,1.96,1.41,144.36,39,1
"Beef, stir-fry strips, fully-trimmed, baked, roasted, fried, stir-fried, grilled or BBQ'd, fat not further defined",739,739,5.1,0,0,0,0,1.37,2.49,0.78,113.98,62,1
"Beef, stir-fry strips, fully-trimmed, boiled, casseroled, microwaved, poached, steamed or stewed, no added fat",680,680,2.8,0,0,0,0,1.02,1.11,0.35,100.75,81,1
"Beef, stir-fry strips, fully-trimmed, boiled, casseroled, microwaved, poached, steamed or stewed, fat not further defined",758,758,5.2,0,0,0,0,1.41,2.55,0.8,116.83,23,1
"Beef, stir-fry strips, untrimmed, raw",559,559,2.7,0,0,0,0,1.01,1.1,0.29,103.61,40,1
"Beef, stir-fry strips, untrimmed, baked, roasted, fried, stir-fried, grilled or BBQ'd, no added fat",657,657,3.6,0,0,0,0,1.18,1.64,0.4,111.65,57,1
"Beef, stir-fry cuts, fully-trimmed, raw",492,492,3.6,0,0,0,0,1.36,1.48,0.37,140.18,8,1
"Beef, stir-fry cuts, fully-trimmed, fried or stir-fried, no added fat",683,683,3.8,0,0,0,0,1.25,1.74,0.39,125.25,11,1
"Beef, stir-fry cuts, semi-trimmed, raw",543,543,5.1,0,0,0,0,2,2.16,0.4,210.74,55,1
"Beef, stir-fry cuts, semi-trimmed, fried or stir-fried, no added fat",726,726,5.2,0,0,0,0,1.76,2.45,0.41,193.35,29,1
"Beef, T-bone steak, separable lean, raw",487,487,2,0,0,0,0,0.74,0.78,0.2,77.02,90,1
"Beef, T-bone steak, separable lean, grilled or BBQ'd, no added fat",637,637,3.8,0,0,0,0,1.25,1.72,0.41,104.98,33,1
"Beef, T-bone steak, fully-trimmed, raw",607,607,5.5,0,0,0,0,2.26,2.41,0.28,250.44,49,1
"Beef, T-bone steak, fully-trimmed, baked, roasted, fried, grilled or BBQ'd, no added fat",755,755,7.4,0,0,0,0,2.82,3.35,0.48,306.04,37,1
"Beef, T-bone steak, fully-trimmed, baked, roasted, fried, grilled or BBQ'd, fat not further defined",814,814,9,0,0,0,0,3.1,4.31,0.77,316.95,7,1
"Beef, T-bone steak, semi-trimmed, raw",738,738,9.5,0,0,0,0,3.93,4.21,0.36,441.48,48,1
"Beef, T-bone steak, semi-trimmed, baked, roasted, fried, grilled or BBQ'd, no added fat",837,837,10,0,0,0,0,3.92,4.48,0.52,446.21,49,1
"Beef, T-bone steak, semi-trimmed, baked, roasted, fried, grilled or BBQ'd, butter, dairy blend or margarine",954,954,13.2,0,0,0,0,5.8,5.52,0.59,620.4,38,2
"Beef, T-bone steak, semi-trimmed, baked, roasted, fried, grilled or BBQ'd, canola oil",973,973,13.7,0,0,0,0,4.88,6.48,1.13,528.32,42,2
"Beef, T-bone steak, semi-trimmed, baked, roasted, fried, grilled or BBQ'd, olive oil",973,973,13.7,0,0,0,0,5.07,6.77,0.65,527.62,59,2
"Beef, T-bone steak, semi-trimmed, baked, roasted, fried, grilled or BBQ'd, other oil",973,973,13.7,0,0,0,0,5.03,5.93,1.51,575.65,75,2
"Beef, T-bone steak, semi-trimmed, baked, roasted, fried, grilled or BBQ'd, fat not further defined",971,971,13.7,0,0,0,0,5.1,6.46,0.88,545.27,77,2
"Beef, T-bone steak, untrimmed, raw",988,988,16.9,0,0,0,0,7.12,7.63,0.53,804.78,43,2
"Beef, T-bone steak, untrimmed, baked, roasted, fried, grilled or BBQ'd, no added fat",984,984,14.5,0,0,0,0,5.89,6.51,0.61,697.83,73,2
"Beef, T-bone steak, untrimmed, baked, roasted, fried, grilled or BBQ'd, fat not further defined",1270,1270,22.6,0,0,0,0,8.91,10.54,1.07,979.46,69,2
"Beef, topside or silverside, separable fat, raw",2478,2478,61.4,0,0,0,0,26.56,27.89,1.38,2674.68,6,0
"Beef, topside roast, separable lean, raw",490,490,3,0,0,0,0,1.09,1.17,0.38,114.21,62,1
"Beef, topside roast, separable lean, baked or roasted, no added fat",660,660,2.8,0,0,0,0,0.78,1.34,0.39,63.17,8,1
"Beef, topside roast, fully-trimmed, raw",518,518,3.8,0,0,0,0,1.44,1.54,0.39,150.05,21,1
"Beef, topside roast, fully-trimmed, baked or roasted, no added fat",676,676,3.3,0,0,0,0,0.98,1.6,0.4,92.87,28,1
"Beef, topside roast, fully-trimmed, boiled, casseroled, microwaved, poached, steamed or stewed, no added fat",635,635,4.4,0,0,0,0,1.64,1.76,0.48,171.56,74,1
"Beef, topside roast, semi-trimmed, raw",558,558,5,0,0,0,0,1.96,2.08,0.41,201.78,53,1
"Beef, topside roast, semi-trimmed, baked or roasted, no added fat",719,719,4.7,0,0,0,0,1.5,2.28,0.42,169.49,21,1
"Beef, topside roast, untrimmed, raw",558,558,5,0,0,0,0,1.96,2.09,0.41,202.03,27,1
"Beef, topside roast, untrimmed, baked or roasted, no added fat",793,793,7.1,0,0,0,0,2.42,3.47,0.45,303.13,85,1
"Beef, topside roast, untrimmed, breadcrumb coating, baked or roasted, no added fat",1082,1076,12.5,13.7,13.7,13.2,0,3.02,7.14,1.37,184.21,29,2
"Beef, topside steak, separable lean, raw",490,490,3,0,0,0,0,1.09,1.17,0.38,114.21,56,1
"Beef, topside/silverside, separable fat, baked or roasted, no added fat",2317,2317,55.6,0,0,0,0,21.05,27.74,1.16,3032.96,40,0
"Beef, topside steak, separable lean, baked or roasted, no added fat",660,660,2.8,0,0,0,0,0.78,1.34,0.39,63.17,82,1
"Beef, topside steak, fully-trimmed, raw",508,508,3.5,0,0,0,0,1.32,1.41,0.38,137.25,31,1
"Beef, topside steak, fully-trimmed, baked, roasted, fried, grilled or BBQ'd, no added fat",676,676,3.3,0,0,0,0,0.98,1.6,0.4,92.87,89,1
"Beef, topside steak, fully-trimmed, baked, roasted, fried, grilled or BBQ'd, fat not further defined",696,696,6.6,0,0,0,0,1.98,3.11,0.9,181.68,43,1
"Beef, topside steak, fully-trimmed, boiled, casseroled, microwaved, poached, steamed or stewed, with or without added fat",674,674,5.6,0,0,0,0,1.84,2.48,0.7,178.89,60,1
"Beef, topside steak, semi-trimmed, raw",558,558,5,0,0,0,0,1.96,2.08,0.41,201.78,36,1
"Beef, topside steak, semi-trimmed, baked, roasted, fried, grilled or BBQ'd, no added fat",719,719,4.7,0,0,0,0,1.5,2.28,0.42,169.49,68,1
"Beef, topside steak, untrimmed, raw",564,564,5.2,0,0,0,0,2.04,2.16,0.41,209.46,81,1
"Beef, topside steak, untrimmed, baked, roasted, fried, grilled or BBQ'd, no added fat",793,793,7.1,0,0,0,0,2.42,3.47,0.45,303.13,85,1
"Beef, schnitzel, breadcrumb coating, baked, roasted, fried, grilled or BBQ'd, no added fat",859,852,6.1,14.5,14.5,13.9,0,2.12,2.55,0.79,187.47,43,1
"Beef, schnitzel, breadcrumb coating, baked, roasted, fried, grilled or BBQ'd, canola oil",1053,1047,12.3,13.7,13.7,13.2,0,2.48,6.28,2.6,179.34,80,2
"Beef, schnitzel, breadcrumb coating, baked, roasted, fried, grilled or BBQ'd, olive oil",1053,1047,12.3,13.7,13.7,13.2,0,3,7.04,1.32,177.48,14,2
"Beef, schnitzel, breadcrumb coating, baked, roasted, fried, grilled or BBQ'd, other oil",1053,1047,12.3,13.7,13.7,13.2,0,2.88,4.82,3.61,305.44,71,2
"Beef, schnitzel, breadcrumb coating, baked, roasted, fried, grilled or BBQ'd, fat not further defined",1049,1043,12.2,13.7,13.7,13.2,0,3.08,6.22,1.93,224.49,72,2
"Beef, steak, fully-trimmed, raw",552,552,4.8,0,0,0,0,1.86,2.02,0.36,201.99,62,1
"Beef, steak, fully-trimmed, baked, roasted, fried, grilled or BBQ'd, no added fat",673,673,5.8,0,0,0,0,2.26,2.46,0.44,246.33,53,1
"Beef, steak, fully-trimmed, baked, roasted, fried, grilled or BBQ'd, canola oil",750,750,8.1,0,0,0,0,2.4,3.86,1.12,242.11,28,1
"Beef, steak, fully-trimmed, baked, roasted, fried, grilled or BBQ'd, olive oil",750,750,8.1,0,0,0,0,2.59,4.15,0.64,241.41,99,1
"Beef, steak, fully-trimmed, baked, roasted, fried, grilled or BBQ'd, other oil",750,750,8.1,0,0,0,0,2.55,3.32,1.5,289.44,97,1
"Beef, steak, fully-trimmed, baked, roasted, fried, grilled or BBQ'd, fat not further defined",749,749,8.1,0,0,0,0,2.62,3.84,0.87,259.05,79,1
"Beef, steak, fully-trimmed, boiled, casseroled, microwaved, poached, steamed or stewed, no added fat",690,690,5.9,0,0,0,0,2.32,2.53,0.45,252.49,53,1
"Beef, steak, fully-trimmed, boiled, casseroled, microwaved, poached, steamed or stewed, fat not further defined",767,767,8.3,0,0,0,0,2.68,3.94,0.89,265.53,84,1
"Beef, steak, fully-trimmed, coated, baked, roasted, fried, grilled or BBQ'd, no added fat",874,868,6.5,13.3,13.3,12.5,0,2.1,2.76,0.88,199.46,50,1
"Beef, steak, fully-trimmed, coated, baked, roasted, fried, grilled or BBQ'd, fat not further defined",1064,1058,12.5,12.6,12.6,11.9,0,3.06,6.41,2.01,235.84,10,2
"Beef, steak, semi-trimmed, raw",626,626,7,0,0,0,0,2.78,3.03,0.41,309.95,62,1
"Beef, steak, semi-trimmed, baked, roasted, fried, grilled or BBQ'd, no added fat",764,764,8.5,0,0,0,0,3.4,3.7,0.5,377.99,26,1
"Beef, steak, semi-trimmed, baked, roasted, fried, grilled or BBQ'd, canola oil",839,839,10.8,0,0,0,0,3.5,5.07,1.18,371.13,24,1
"Beef, steak, semi-trimmed, baked, roasted, fried, grilled or BBQ'd, olive oil",839,839,10.8,0,0,0,0,3.7,5.36,0.7,370.43,64,1
"Beef, steak, semi-trimmed, baked, roasted, fried, grilled or BBQ'd, other oil",839,839,10.8,0,0,0,0,3.66,4.53,1.56,418.46,90,1
"Beef, steak, semi-trimmed, baked, roasted, fried, grilled or BBQ'd, fat not further defined",837,837,10.7,0,0,0,0,3.73,5.05,0.93,388.08,57,1
"Beef, steak, semi-trimmed, boiled, casseroled, microwaved, poached, steamed or stewed, with or without added fat",820,820,9.8,0,0,0,0,3.65,4.48,0.73,392.61,58,1
"Beef, steak, semi-trimmed, coated, baked, roasted, fried, grilled or BBQ'd, with or without added fat",1038,1032,11.5,12.9,12.9,12.2,0,3.43,5.54,1.5,314.67,36,2
"Beef, steak, untrimmed",847,847,13.5,0,0,0,0,5.5,6.07,0.55,632.35,87,1
"Beef, steak, untrimmed, baked, roasted, fried, grilled or BBQ'd, no added fat",1033,1033,16.4,0,0,0,0,6.7,7.4,0.67,771.16,98,2
"Beef, steak, untrimmed, baked, roasted, fried, grilled or BBQ'd, olive oil",1103,1103,18.5,0,0,0,0,6.94,8.99,0.86,755.74,48,2
"Beef, steak, untrimmed, baked, roasted, fried, grilled or BBQ'd, other oil",1103,1103,18.5,0,0,0,0,6.9,8.15,1.73,803.76,84,2
"Beef, steak, untrimmed, baked, roasted, fried, grilled or BBQ'd, fat not further defined",1101,1101,18.5,0,0,0,0,6.97,8.68,1.09,773.38,18,2
"Beef, steak, untrimmed, coated, baked, roasted, fried, grilled or BBQ'd, fat not further defined",1321,1315,20.1,12.6,12.6,11.9,0,6.23,9.93,2.17,610.36,90,2
"Beef, steak, for use on sandwiches, not further defined",837,837,10.7,0,0,0,0,3.73,5.05,0.93,388.08,30,1
"Meatball or rissole, beef, commercial, cooked",1022,1017,11.7,9.4,9.4,7.5,0,4.81,4.99,0.58,369.4,59,2
"Meatball or rissole, beef mince, <5% fat, homemade, raw",555,550,3.9,5.3,5.3,4.4,0,1.51,1.53,0.33,95.32,39,1
"Meatball or rissole, beef mince, <5% fat, homemade, baked, roasted, fried, grilled or BBQ'd, no added fat",750,744,5.3,7.2,7.2,6,0,2.04,2.07,0.45,128.81,93,1
"Meatball or rissole, beef mince, <5% fat, homemade, baked, roasted, fried, grilled or BBQ'd, fat not further defined",833,827,7.8,7,7,5.8,0,2.45,3.61,0.92,145.79,76,1
"Meatball or rissole, beef mince, ~5-10% fat, homemade, raw",677,672,7.4,5.3,5.3,4.4,0,3,3.08,0.39,208.25,87,1
"Meatball or rissole, beef mince, >10% fat, homemade, raw",718,713,8.4,5.3,5.3,4.4,0,3.66,3.41,0.42,242.79,41,1
"Meatball or rissole, beef mince, homemade, raw",616,611,5.6,5.3,5.3,4.4,0,2.26,2.3,0.36,151.79,41,1
"Meatball or rissole, beef mince, homemade, baked, roasted, fried, grilled or BBQ'd, no added fat",832,826,7.6,7.2,7.2,6,0,3.05,3.11,0.49,205.12,31,1
"Meatball or rissole, beef mince, homemade, baked, roasted, fried, grilled or BBQ'd, fat not further defined",959,953,11.4,7,7,5.8,0,4.05,5.12,0.99,260.74,96,1
"Rissole or patty, beef mince, grilled or fried, no added fat, fast food style",1185,1185,18.1,0,0,0,0,8.05,7.76,0.28,578.48,68,2
"Lamb, all cuts, separable fat, raw",2315,2315,57.6,0,0,0,0,25.75,20.8,2.65,5329.54,21,0
"Lamb, all cuts, separable fat, cooked",2251,2251,53.4,0,0,0,0,24.72,19.94,2.3,3947.55,6,0
"Lamb, BBQ/grill/fry cuts, fully-trimmed, raw",708,708,8.7,0,0,0,0,3.43,3.43,0.68,550.88,11,1
"Lamb, BBQ/grill/fry cuts, fully-trimmed, BBQ'd, grilled or fried, no added fat",951,951,12.6,0,0,0,0,4.97,4.85,1.06,773.72,39,2
"Lamb, BBQ/grill/fry cuts, semi-trimmed, raw",906,906,14.7,0,0,0,0,6.21,5.5,0.89,1134.86,49,2
"Lamb, BBQ/grill/fry cuts, semi-trimmed, BBQ'd, grilled or fried, no added fat",1056,1056,15.9,0,0,0,0,6.56,6.06,1.15,1049.45,98,2
"Lamb, butterfly steak, separable lean, raw",671,671,5,0,0,0,0,1.8,2.1,0.45,209.08,76,1
"Lamb, butterfly steak, fully-trimmed, raw",737,737,7.1,0,0,0,0,2.83,2.81,0.54,404.61,74,1
"Lamb, butterfly steak, fully-trimmed, baked, roasted, fried, grilled or BBQ'd, no added fat",914,914,11.3,0,0,0,0,4.42,4.33,1.06,655.97,45,1
"Lamb, butterfly steak, fully-trimmed, boiled, casseroled, microwaved, poached, steamed, or stewed, no added fat",921,921,8.9,0,0,0,0,3.54,3.51,0.67,505.76,50,1
"Lamb, casserole cuts, fully-trimmed, raw",667,667,8.8,0,0,0,0,3.32,3.41,0.8,586.65,19,1
"Lamb, casserole cuts, fully-trimmed, boiled, casseroled, microwaved, poached, steamed, or stewed, no added fat",944,944,12.5,0,0,0,0,4.96,4.86,0.92,828.83,90,2
"Lamb, casserole cuts, semi-trimmed, boiled, casseroled, microwaved, poached, steamed or stewed, no added fat",994,994,15.8,0,0,0,0,6.35,6.07,1.02,1287.91,7,2
"Lamb, chop, fully-trimmed, raw, not further defined",733,733,8.5,0,0,0,0,3.35,3.33,0.66,551.86,29,1
"Lamb, chop, fully-trimmed, baked, roasted, fried, grilled or BBQ'd, no added fat",894,894,10.4,0,0,0,0,4.09,4.07,0.81,673,98,1
"Lamb, chop, fully-trimmed, baked, roasted, fried, grilled or BBQ'd, butter, dairy blend or margarine",949,949,12.1,0,0,0,0,5.1,4.47,0.94,752.31,42,2
"Lamb, chop, fully-trimmed, baked, roasted, fried, grilled or BBQ'd, canola oil",967,967,12.6,0,0,0,0,4.18,5.43,1.48,660.24,21,2
"Lamb, chop, fully-trimmed, baked, roasted, fried, grilled or BBQ'd, olive oil",967,967,12.6,0,0,0,0,4.38,5.72,1,659.54,30,2
"Lamb, chop, fully-trimmed, baked, roasted, fried, grilled or BBQ'd, other oil",967,967,12.6,0,0,0,0,4.34,4.89,1.86,707.57,99,2
"Lamb, chop, fully-trimmed, baked, roasted, fried, grilled or BBQ'd, fat not further defined",965,965,12.6,0,0,0,0,4.41,5.41,1.23,677.19,66,2
"Lamb, chop, fully-trimmed, boiled, casseroled, microwaved, poached, steamed or stewed, no added fat",917,917,10.6,0,0,0,0,4.19,4.17,0.83,689.83,71,1
"Lamb, chop, fully-trimmed, boiled, casseroled, microwaved, poached, steamed or stewed, fat not further defined",989,989,12.9,0,0,0,0,4.52,5.55,1.26,694.12,35,2
"Lamb, chop, fully-trimmed, coated, baked, roasted, fried, grilled or BBQ'd, fat not further defined",1226,1220,15.4,13.5,13.5,13,0,4.32,7.4,2.19,537.05,18,2
"Lamb, chop, semi-trimmed, raw, not further defined",875,875,12.9,0,0,0,0,5.36,4.87,0.82,981.1,40,1
"Lamb, chop, semi-trimmed, baked, roasted, fried, grilled or BBQ'd, no added fat",1067,1067,15.7,0,0,0,0,6.54,5.94,1,1196.47,95,2
"Lamb, chop, semi-trimmed, baked, roasted, fried, grilled or BBQ'd, canola oil",1136,1136,17.8,0,0,0,0,6.59,7.27,1.67,1173.24,38,2
"Lamb, chop, semi-trimmed, baked, roasted, fried, grilled or BBQ'd, olive oil",1136,1136,17.8,0,0,0,0,6.78,7.56,1.19,1172.54,61,2
"Lamb, chop, semi-trimmed, baked, roasted, fried, grilled or BBQ'd, other oil",1136,1136,17.8,0,0,0,0,6.74,6.72,2.05,1220.57,23,2
"Lamb, chop, semi-trimmed, baked, roasted, fried, grilled or BBQ'd, fat not further defined",1135,1135,17.8,0,0,0,0,6.81,7.24,1.42,1190.18,88,2
"Lamb, chop, semi-trimmed, boiled, casseroled, microwaved, poached, steamed or stewed, no added fat",1094,1094,16.1,0,0,0,0,6.7,6.08,1.02,1226.38,46,2
"Lamb, chop, semi-trimmed, boiled, casseroled, microwaved, poached, steamed or stewed, fat not further defined",1163,1163,18.2,0,0,0,0,6.98,7.42,1.45,1219.94,8,2
"Lamb, chop, semi-trimmed, coated, baked, roasted, fried, grilled or BBQ'd, fat not further defined",1350,1343,19.2,13.5,13.5,13,0,6.06,8.73,2.32,910.6,36,2
"Lamb, chop, untrimmed, raw, not further defined",1194,1194,22.9,0,0,0,0,10.15,8.3,1.22,1930.09,58,2
"Lamb, chop, untrimmed, baked, roasted, fried, grilled or BBQ'd, no added fat",1456,1456,27.9,0,0,0,0,12.38,10.12,1.48,2353.76,78,0
"Lamb, chop, untrimmed, baked, roasted, fried, grilled or BBQ'd, canola oil",1517,1517,29.8,0,0,0,0,12.31,11.37,2.15,2307.39,60,0
"Lamb, chop, untrimmed, baked, roasted, fried, grilled or BBQ'd, olive oil",1517,1517,29.8,0,0,0,0,12.51,11.66,1.66,2306.69,41,0
"Lamb, chop, untrimmed, baked, roasted, fried, grilled or BBQ'd, other oil",1517,1517,29.8,0,0,0,0,12.46,10.82,2.53,2354.72,55,0
"Lamb, chop, untrimmed, baked, roasted, fried, grilled or BBQ'd, fat not further defined",1516,1516,29.8,0,0,0,0,12.54,11.35,1.89,2324.34,69,0
"Lamb, chop, untrimmed, coated, baked, roasted, fried, grilled or BBQ'd, with or without added fat",1469,1462,22.8,14.3,14.3,13.7,0,9.68,8.36,1.58,1784.52,26,2
"Lamb, chump chop, separable lean, raw",542,542,4.3,0,0,0,0,1.4,1.88,0.49,171.81,77,1
"Lamb, chump chop, separable lean, grilled or BBQ'd, no added fat",957,957,10.2,0,0,0,0,3.62,4.11,1.24,375.78,56,1
"Lamb, chump chop, fully-trimmed, raw",719,719,9.6,0,0,0,0,3.79,3.81,0.76,673.31,71,1
"Lamb, chump chop, semi-trimmed, raw",753,753,10.6,0,0,0,0,4.25,4.18,0.81,768.6,10,1
"Lamb, chump chop, untrimmed, raw",981,981,17.5,0,0,0,0,7.34,6.67,1.15,1415.03,11,2
"Lamb, chump chop, fully-trimmed, baked, roasted, fried, grilled or BBQ'd, no added fat",1063,1063,13.7,0,0,0,0,5.4,5.37,1.33,648.72,12,2
"Lamb, chump chop, semi-trimmed, baked, roasted, fried, grilled or BBQ'd, no added fat",1132,1132,16,0,0,0,0,6.54,6.18,1.39,824.47,7,2
"Lamb, chump chop, semi-trimmed, baked, roasted, fried, grilled or BBQ'd, fat not further defined",988,988,15.1,0,0,0,0,5.48,6.42,1.4,936.21,48,2
"Lamb, chump chop, untrimmed, baked, roasted, fried, grilled or BBQ'd, no added fat",1251,1251,20,0,0,0,0,8.54,7.6,1.5,1130.69,31,2
"Lamb, chump chop, untrimmed, baked, roasted, fried, grilled or BBQ'd, fat not further defined",1261,1261,23.3,0,0,0,0,9.17,9.39,1.81,1708.78,53,2
"Lamb, diced, separable lean, raw",554,554,5.2,0,0,0,0,1.82,2.08,0.66,234.54,36,1
"Lamb, diced, separable lean, fried or stir-fried, no added fat",773,773,6.5,0,0,0,0,2.45,2.54,0.55,414.7,22,1
"Lamb, diced, fully-trimmed, raw",567,567,5.6,0,0,0,0,1.98,2.22,0.67,272.75,7,1
"Lamb, diced, fully-trimmed, baked, roasted, fried, stir-fried, grilled or BBQ'd, no added fat",784,784,6.9,0,0,0,0,2.62,2.68,0.57,442.66,90,1
"Lamb, diced, fully-trimmed, boiled, casseroled, microwaved, poached, steamed or stewed, no added fat",709,709,7,0,0,0,0,2.47,2.77,0.84,340.94,21,1
"Lamb, diced, fully-trimmed, boiled, casseroled, microwaved, poached, steamed or stewed, fat not further defined",785,785,9.3,0,0,0,0,2.83,4.18,1.27,352.2,81,1
"Lamb, diced, untrimmed, raw",588,588,6.2,0,0,0,0,2.25,2.45,0.69,338.8,58,1
"Lamb, diced, untrimmed, baked, roasted, fried or stir-fried, grilled or BBQ'd, no added fat",806,806,7.6,0,0,0,0,2.94,2.94,0.59,493,78,1
"Lamb, drumstick, separable lean, raw",559,559,5.7,0,0,0,0,1.99,2.28,0.72,257.09,44,1
"Lamb, drumstick, separable lean, grilled or BBQ'd, no added fat",898,898,11.4,0,0,0,0,4.3,4.45,0.97,727.31,80,1
"Lamb, drumstick, fully-trimmed, baked, roasted, fried, grilled or BBQ'd, no added fat",986,986,14.1,0,0,0,0,5.58,5.5,1.05,934.53,74,2
"Lamb, drumstick, untrimmed, baked, roasted, fried, grilled or BBQ'd, no added fat",1053,1053,16.2,0,0,0,0,6.57,6.32,1.12,1093.37,54,2
"Lamb, easy carve leg roast, separable lean, raw",477,477,3.2,0,0,0,0,1.04,1.4,0.36,127.86,91,1
"Lamb, easy carve leg roast, separable lean, baked or roasted, no added fat",742,742,6,0,0,0,0,2.13,2.42,0.73,221.05,49,1
"Lamb, easy carve leg roast, fully-trimmed, raw",587,587,6.5,0,0,0,0,2.5,2.58,0.53,431.4,25,1
"Lamb, easy carve leg roast, fully-trimmed, baked or roasted, no added fat",833,833,8.8,0,0,0,0,3.52,3.44,0.82,430.04,7,1
"Lamb, easy carve leg roast, semi-trimmed, raw",618,618,7.4,0,0,0,0,2.9,2.91,0.58,515.38,39,1
"Lamb, easy carve leg roast, semi-trimmed, baked or roasted, no added fat",840,840,9.1,0,0,0,0,3.64,3.53,0.83,447.81,86,1
"Lamb, easy carve leg roast, untrimmed, raw",786,786,12.3,0,0,0,0,5.13,4.72,0.83,977.76,87,1
"Lamb, easy carve leg roast, untrimmed, baked or roasted, no added fat",955,955,12.7,0,0,0,0,5.39,4.82,0.96,711.49,34,2
"Lamb, easy carve shoulder, separable lean, raw",468,468,4.3,0,0,0,0,1.5,1.72,0.54,193.95,71,1
"Lamb, easy carve shoulder, separable lean, baked or roasted, no added fat",703,703,5.4,0,0,0,0,2.04,2.11,0.46,344.52,57,1
"Lamb, easy carve shoulder, fully-trimmed, raw",635,635,9.1,0,0,0,0,3.56,3.5,0.7,688.86,27,1
"Lamb, easy carve shoulder, fully-trimmed, baked or roasted, no added fat",796,796,8.3,0,0,0,0,3.36,3.22,0.57,558.47,36,1
"Lamb, easy carve shoulder, semi-trimmed, raw",695,695,10.9,0,0,0,0,4.31,4.15,0.75,869.77,68,1
"Lamb, easy carve shoulder, semi-trimmed, baked or roasted, no added fat",859,859,10.2,0,0,0,0,4.25,3.98,0.64,703.6,47,1
"Lamb, easy carve shoulder, semi-trimmed, breadcrumb coating, baked or roasted, no added fat",1015,1008,11.7,14.5,14.5,13.9,0,4.3,4.56,1.17,808.39,91,2
"Lamb, easy carve shoulder, untrimmed, raw",894,894,16.6,0,0,0,0,6.77,6.27,0.93,1460.36,6,2
"Lamb, easy carve shoulder, untrimmed, baked or roasted, no added fat",1095,1095,17.5,0,0,0,0,7.6,6.81,0.91,1246.69,29,2
"Lamb, eye of loin, separable lean, raw",671,671,5,0,0,0,0,1.8,2.1,0.45,209.08,57,1
"Lamb, eye of loin, separable lean, grilled or BBQ'd, no added fat",843,843,9.1,0,0,0,0,3.35,3.52,1,468.21,39,1
"Lamb, fillet or tenderloin, fully-trimmed, raw",485,485,4,0,0,0,0,1.3,1.75,0.46,159.82,24,1
"Lamb, fillet or tenderloin, fully-trimmed, baked, roasted, fried, stir-fried, grilled or BBQ'd, no added fat",671,671,5.5,0,0,0,0,1.95,2.22,0.67,202.63,78,1
"Lamb, fillet or tenderloin, fully-trimmed, baked, roasted, fried, stir-fried, grilled or BBQ'd, fat not further defined",668,668,7.2,0,0,0,0,1.96,3.51,0.99,208.66,43,1
"Lamb, forequarter (easy carve shoulder, forequarter chop), separable fat, raw",2315,2315,57.6,0,0,0,0,24.37,21.49,2.24,5692.93,25,0
"Lamb, forequarter (easy carve shoulder, forequarter chop), separable fat, grilled or BBQ'd, no added fat",2251,2251,53.4,0,0,0,0,24.02,20.7,2.25,3910.4,72,0
"Lamb, forequarter chop, separable lean, raw",559,559,5.7,0,0,0,0,1.99,2.28,0.72,257.09,76,1
"Lamb, forequarter chop, separable lean, grilled or BBQ'd, no added fat",898,898,11.4,0,0,0,0,4.3,4.45,0.97,727.31,36,1
"Lamb, forequarter chop, fully-trimmed, raw",733,733,10.8,0,0,0,0,4.21,4.18,0.87,795.24,88,1
"Lamb, forequarter chop, fully-trimmed, baked, roasted, fried, grilled or BBQ'd, no added fat",1060,1060,16.4,0,0,0,0,6.67,6.4,1.12,1109.28,49,2
"Lamb, forequarter chop, semi-trimmed, raw",971,971,17.9,0,0,0,0,7.24,6.79,1.08,1532.88,17,2
"Lamb, forequarter chop, semi-trimmed, baked, roasted, fried, grilled or BBQ'd, no added fat",1108,1108,17.9,0,0,0,0,7.37,6.98,1.17,1222.6,59,2
"Lamb, forequarter chop, semi-trimmed, baked, roasted, fried, grilled or BBQ'd, fat not further defined",1250,1250,23.8,0,0,0,0,9.06,9.54,1.73,1849.63,91,2
"Lamb, forequarter chop, semi-trimmed, boiled, casseroled, microwaved, poached, steamed or stewed, with or without added fat",1248,1248,23.4,0,0,0,0,9.17,9.14,1.56,1905.99,61,2
"Lamb, forequarter chop, untrimmed, raw",1126,1126,22.4,0,0,0,0,9.21,8.48,1.21,2010.69,46,2
"Lamb, forequarter chop, untrimmed, baked, roasted, fried, grilled or BBQ'd, no added fat",1173,1173,19.9,0,0,0,0,8.3,7.75,1.23,1373.48,39,2
"Lamb, forequarter chop, untrimmed, baked, roasted, fried, grilled or BBQ'd, fat not further defined",1434,1434,29.2,0,0,0,0,11.41,11.56,1.89,2420.67,90,0
"Lamb, frenched cutlet/rack, separable lean, raw",585,585,6.2,0,0,0,0,2.24,2.61,0.56,259.26,55,1
"Lamb, frenched cutlet/rack, separable lean, grilled or BBQ'd, no added fat",837,837,8.6,0,0,0,0,3.16,3.33,0.94,442.48,60,1
"Lamb, frenched cutlet/rack, fully-trimmed, raw",654,654,8.3,0,0,0,0,3.25,3.29,0.64,452.78,51,1
"Lamb, frenched cutlet/rack, fully-trimmed, baked, roasted, fried, grilled or BBQ'd, no added fat",879,879,9.9,0,0,0,0,3.82,3.82,0.98,555.91,27,1
"Lamb, frenched cutlet/rack, fully-trimmed, baked, roasted, fried, grilled or BBQ'd, fat not further defined",870,870,12.3,0,0,0,0,4.28,5.36,1.2,558.77,56,1
"Lamb, frenched cutlet/rack, fully-trimmed, boiled, casseroled, microwaved, poached, steamed, or stewed, with or without added fat",855,855,11.4,0,0,0,0,4.22,4.8,1.02,569.36,6,1
"Lamb, frenched cutlet/rack, fully-trimmed, breadcrumb coating, baked, roasted, fried, grilled or BBQ'd, no added fat",977,970,9.3,14.5,14.5,13.9,0,3.32,3.77,1.06,425.08,43,2
"Lamb, frenched cutlet/rack, fully-trimmed, breadcrumb coating, baked, roasted, fried, grilled or BBQ'd, fat not further defined",1161,1155,15.2,13.7,13.7,13.2,0,4.21,7.37,2.18,449.44,88,2
"Lamb, frenched cutlet/rack, semi-trimmed, raw",890,890,15.3,0,0,0,0,6.7,5.63,0.92,1113.18,43,1
"Lamb, frenched cutlet/rack, semi-trimmed, baked, roasted, fried, grilled or BBQ'd, no added fat",1107,1107,17.1,0,0,0,0,7.3,6.44,1.2,1163.88,37,2
"Lamb, frenched cutlet/rack, semi-trimmed, baked, roasted, fried, grilled or BBQ'd, fat not further defined",1152,1152,20.6,0,0,0,0,8.4,8.15,1.53,1348.03,71,2
"Lamb, frenched cutlet/rack, semi-trimmed, breadcrumb coating, baked, roasted, fried, grilled or BBQ'd, fat not further defined",1367,1360,21.3,13.7,13.7,13.2,0,7.21,9.4,2.42,1024.15,17,2
"Lamb, frenched cutlet/rack, untrimmed, raw",977,977,17.8,0,0,0,0,7.96,6.48,1.02,1355.08,32,2
"Lamb, frenched cutlet/rack, untrimmed, baked, roasted, fried, grilled or BBQ'd, no added fat",1163,1163,18.9,0,0,0,0,8.15,7.08,1.25,1313.6,72,2
"Lamb, frenched cutlet/rack, untrimmed, baked, roasted, fried, grilled or BBQ'd, fat not further defined",1256,1256,23.7,0,0,0,0,9.91,9.17,1.66,1637.14,46,2
"Lamb, kebab, baked, roasted, fried, grilled or BBQ'd, no added fat, no added marinade",691,691,6.8,0,0,0,0,2.41,2.71,0.82,332.62,87,1
"Lamb, kebab, marinated, baked, roasted, fried, grilled or BBQ'd, fat not further defined",1110,1110,16.3,4.5,4.5,0.7,0,6.17,6.72,1.35,1071.3,62,2
"Lamb, leg (leg roast, mini roast, chump chop), separable fat, raw",2315,2315,57.6,0,0,0,0,25.37,21.2,3.13,5186.82,56,0
"Lamb, leg (leg roast, mini roast, chump chop), separable fat, baked or roasted, no added fat",2251,2251,53.4,0,0,0,0,25.31,19.49,2.38,3704.3,100,0
"Lamb, leg roast, separable lean, raw",477,477,3.2,0,0,0,0,1.04,1.4,0.36,127.86,87,1
"Lamb, leg roast, separable lean, baked or roasted, no added fat",742,742,6,0,0,0,0,2.13,2.42,0.73,221.05,97,1
"Lamb, leg roast, fully-trimmed, raw",587,587,6.5,0,0,0,0,2.5,2.58,0.53,431.4,50,1
"Lamb, leg roast, fully-trimmed, baked or roasted, no added fat",833,833,8.8,0,0,0,0,3.52,3.44,0.82,430.04,35,1
"Lamb, leg roast, semi-trimmed, raw",604,604,7,0,0,0,0,2.72,2.76,0.56,476.93,69,1
"Lamb, leg roast, semi-trimmed, baked or roasted, no added fat",840,840,9.1,0,0,0,0,3.64,3.53,0.83,447.81,27,1
"Lamb, leg roast, untrimmed, raw",786,786,12.3,0,0,0,0,5.13,4.73,0.83,978.27,8,1
"Lamb, leg roast, untrimmed, baked or roasted, no added fat",958,958,12.8,0,0,0,0,5.45,4.86,0.96,720.2,76,2
"Lamb, loin chop, separable lean, raw",671,671,5,0,0,0,0,1.8,2.1,0.45,209.08,76,1
"Lamb, loin chop, separable lean, grilled or BBQ'd, no added fat",843,843,9.1,0,0,0,0,3.35,3.52,1,468.21,97,1
"Lamb, loin chop, fully-trimmed, raw",737,737,7.1,0,0,0,0,2.83,2.81,0.54,404.61,76,1
"Lamb, loin chop, fully-trimmed, baked, roasted, fried, grilled or BBQ'd, no added fat",914,914,11.3,0,0,0,0,4.42,4.33,1.06,655.97,7,1
"Lamb, loin chop, semi-trimmed, raw",856,856,10.9,0,0,0,0,4.69,4.08,0.69,758.52,80,1
"Lamb, loin chop, semi-trimmed, baked, roasted, fried, grilled or BBQ'd, no added fat",953,953,12.6,0,0,0,0,5.03,4.78,1.1,761.86,9,2
"Lamb, loin chop, semi-trimmed, baked, roasted, fried, grilled or BBQ'd, fat not further defined",1112,1112,15.4,0,0,0,0,6.01,6.3,1.26,924.17,48,2
"Lamb, loin chop, untrimmed, raw",1276,1276,24.4,0,0,0,0,11.26,8.58,1.23,2007.96,93,2
"Lamb, loin chop, untrimmed, baked, roasted, fried, grilled or BBQ'd, no added fat",1154,1154,18.9,0,0,0,0,8.08,7.07,1.28,1296.22,10,2
"Lamb, loin chop, untrimmed, baked, roasted, fried, grilled or BBQ'd, fat not further defined",1614,1614,31.5,0,0,0,0,13.86,11.68,1.92,2417.4,19,0
"Lamb, loin, separable fat, raw",2315,2315,57.6,0,0,0,0,27.5,19.72,2.58,5097.34,43,0
"Lamb, loin, separable fat, grilled or BBQ'd, no added fat",2251,2251,53.4,0,0,0,0,24.82,19.62,2.27,4223.38,99,0
"Lamb, mince, raw",602,602,6.9,0,0,0,0,2.32,3.12,0.82,285.93,60,1
"Lamb, mince, baked, roasted, fried, stir-fried, grilled or BBQ'd, no added fat",729,729,8.5,0,0,0,0,3.12,3.55,1.07,324.78,98,1
"Lamb, mince, baked, roasted, fried, stir-fried, grilled or BBQ'd, fat not further defined",961,961,12.6,0,0,0,0,3.77,6.13,1.68,427.07,26,1
"Lamb, mini roast, separable lean, raw",546,546,4.7,0,0,0,0,1.52,2.05,0.54,187.79,83,1
"Lamb, mini roast, separable lean, baked or roasted, no added fat",680,680,5.6,0,0,0,0,1.98,2.26,0.68,206.31,33,1
"Lamb, mini roast, fully-trimmed, raw",582,582,5.8,0,0,0,0,2,2.43,0.59,287.77,69,1
"Lamb, mini roast, fully-trimmed, baked or roasted, no added fat",696,696,6.1,0,0,0,0,2.22,2.43,0.7,241.29,29,1
"Lamb, mini roast, semi-trimmed, raw",662,662,8.2,0,0,0,0,3.09,3.3,0.71,515.23,71,1
"Lamb, mini roast, semi-trimmed, baked or roasted, no added fat",779,779,8.6,0,0,0,0,3.46,3.34,0.78,426.69,81,1
"Lamb, mini roast, untrimmed, raw",782,782,11.8,0,0,0,0,4.71,4.61,0.88,855.66,35,1
"Lamb, mini roast, untrimmed, baked or roasted, no added fat",858,858,11,0,0,0,0,4.62,4.21,0.87,601.94,59,1
"Lamb, rib, cooked, with or without added fat",1309,1307,23.5,1,1,0.3,0,9.58,9.25,1.84,1560.25,44,2
"Lamb, roasting cuts, fully-trimmed, raw",608,608,6.8,0,0,0,0,2.58,2.77,0.59,390.65,72,1
"Lamb, roasting cuts, fully-trimmed, baked or roasted, no added fat",802,802,8.3,0,0,0,0,3.18,3.23,0.83,409.08,15,1
"Lamb, roasting cuts, fully-trimmed, boiled, casseroled, microwaved, poached, steamed or stewed, no added fat",760,760,8.5,0,0,0,0,3.23,3.46,0.73,488.31,58,1
"Lamb, roasting cuts, semi-trimmed, raw",723,723,10.3,0,0,0,0,4.23,3.95,0.73,714.59,96,1
"Lamb, roasting cuts, semi-trimmed, baked or roasted, no added fat",909,909,11.6,0,0,0,0,4.8,4.44,0.94,679.46,30,1
"Lamb, roasting cuts, untrimmed, raw",848,848,14,0,0,0,0,5.93,5.27,0.91,1062.84,50,1
"Lamb, roasting cuts, untrimmed, baked or roasted, no added fat",1035,1035,17.1,0,0,0,0,7.23,6.43,1.11,1296.14,45,2
"Lamb, roasting cuts, untrimmed, boiled, casseroled, microwaved, poached, steamed or stewed, no added fat",1060,1060,17.5,0,0,0,0,7.42,6.59,1.14,1328.55,45,2
"Lamb, rump, separable lean, raw",542,542,4.3,0,0,0,0,1.4,1.88,0.49,171.81,62,1
"Lamb, rump, separable lean, grilled or BBQ'd, no added fat",957,957,10.2,0,0,0,0,3.62,4.11,1.24,375.78,38,1
"Lamb, shank, fully-trimmed, raw",700,700,9.9,0,0,0,0,3.78,3.82,0.84,691.96,65,1
"Lamb, shank, fully-trimmed, baked, roasted, fried, grilled or BBQ'd, no added fat",853,853,12,0,0,0,0,4.61,4.66,1.03,843.85,59,1
"Lamb, shank, fully-trimmed, baked, roasted, fried, grilled or BBQ'd, fat not further defined",925,925,14.2,0,0,0,0,4.92,5.99,1.45,844.62,32,2
"Lamb, shank, fully-trimmed, boiled, casseroled, microwaved, poached, steamed, or stewed, with or without added fat",911,911,13.4,0,0,0,0,4.89,5.46,1.27,865.34,47,1
"Lamb, shank, semi-trimmed, raw",875,875,15,0,0,0,0,6.02,5.74,0.99,1235.54,53,1
"Lamb, shank, semi-trimmed, baked, roasted, fried, grilled or BBQ'd, no added fat",1068,1068,18.3,0,0,0,0,7.34,7,1.21,1506.76,54,2
"Lamb, shank, semi-trimmed, boiled, casseroled, microwaved, poached, steamed or stewed, no added fat",1094,1094,18.8,0,0,0,0,7.52,7.18,1.24,1544.43,40,2
"Lamb, shank, semi-trimmed, boiled, casseroled, microwaved, poached, steamed or stewed, fat not further defined",1163,1163,20.9,0,0,0,0,7.79,8.49,1.67,1531.63,12,2
"Lamb, shank, untrimmed, raw",1053,1053,20.3,0,0,0,0,8.28,7.68,1.15,1785.65,91,2
"Lamb, shank, untrimmed, baked, roasted, fried, grilled or BBQ'd, fat not further defined",1347,1347,26.6,0,0,0,0,10.3,10.61,1.81,2151.72,19,2
"Lamb, shank, untrimmed, boiled, casseroled, microwaved, poached, steamed, or stewed, no added fat",1316,1316,25.4,0,0,0,0,10.36,9.6,1.43,2232.06,24,2
"Lamb, shank, untrimmed, boiled, casseroled, microwaved, poached, steamed or stewed, fat not further defined",1381,1381,27.3,0,0,0,0,10.56,10.88,1.86,2205.51,39,2
"Lamb, steak, separable lean, raw",546,546,4.7,0,0,0,0,1.52,2.05,0.54,187.79,61,1
"Lamb, steak, separable lean, baked or roasted, no added fat",680,680,5.6,0,0,0,0,1.98,2.26,0.68,206.31,38,1
"Lamb, steak, fully-trimmed, raw",582,582,5.8,0,0,0,0,2,2.43,0.59,287.77,42,1
"Lamb, steak, fully-trimmed, baked, roasted, fried, grilled or BBQ'd, no added fat",696,696,6.1,0,0,0,0,2.22,2.43,0.7,241.29,10,1
"Lamb, steak, fully-trimmed, baked, roasted, fried, grilled or BBQ'd, fat not further defined",784,784,9.3,0,0,0,0,2.8,4.34,1.14,361.57,12,1
"Lamb, steak, semi-trimmed, raw",662,662,8.2,0,0,0,0,3.09,3.3,0.71,515.23,68,1
"Lamb, steak, semi-trimmed, baked, roasted, fried, grilled or BBQ'd, no added fat",779,779,8.6,0,0,0,0,3.46,3.34,0.78,426.69,82,1
"Lamb, steak, untrimmed, raw",782,782,11.8,0,0,0,0,4.71,4.61,0.88,855.66,22,1
"Lamb, steak, untrimmed, baked, roasted, fried, grilled or BBQ'd, no added fat",858,858,11,0,0,0,0,4.62,4.21,0.87,601.94,52,1
"Lamb, stir-fry strips, separable lean, raw",528,528,4.2,0,0,0,0,1.36,1.83,0.48,167.82,52,1
"Lamb, stir-fry strips, separable lean, fried or stir fried, no added fat",763,763,7.7,0,0,0,0,2.73,3.1,0.93,283.68,44,1
"Lamb, stir-fry cuts, fully-trimmed, raw",569,569,5.4,0,0,0,0,1.86,2.29,0.56,262.84,26,1
"Lamb, stir-fry cuts, fully-trimmed, cooked, no added fat",720,720,6.7,0,0,0,0,2.43,2.68,0.78,261.12,74,1
"Lamb, stir-fry strips, fully-trimmed, raw",544,544,4.7,0,0,0,0,1.58,2.01,0.5,212.99,8,1
"Lamb, stir-fry strips, fully-trimmed, baked, roasted, fried, stir-fried, grilled or BBQ'd, no added fat",770,770,7.9,0,0,0,0,2.84,3.18,0.94,300.78,23,1
"Lamb, stir-fry strips, fully-trimmed, baked, roasted, fried, stir-fried, grilled or BBQ'd, fat not further defined",739,739,8,0,0,0,0,2.29,3.82,1.04,272.19,64,1
"Lamb, stir-fry strips, fully-trimmed, boiled, casseroled, microwaved, poached, steamed or stewed, with or without added fat",718,718,7,0,0,0,0,2.16,3.21,0.85,272.61,28,1
"Lamb, stir-fry strips, untrimmed, raw",578,578,5.7,0,0,0,0,2.04,2.38,0.56,308.85,47,1
"Lamb, stir-fry strips, untrimmed, baked, roasted, fried, stir-fried, grilled or BBQ'd, no added fat",781,781,8.3,0,0,0,0,3.01,3.31,0.95,326.1,71,1
"Lamb, stir-fry strips, untrimmed, baked, roasted, fried, stir-fried, grilled or BBQ'd, fat not further defined",779,779,9.2,0,0,0,0,2.84,4.27,1.1,386.76,30,1
"Lamb, for use in hamburgers, cooked",906,900,10,6.2,6.2,5.1,0,3.53,4.21,1.16,452.58,62,1
"Lamb, for use in kebabs, cooked",1010,1008,17.2,1.2,1.2,0.4,0,6.79,6.53,1.33,1395.07,49,2
"Meatball or rissole, lamb mince, homemade, raw",599,594,5.9,5.3,5.3,4.4,0,1.91,2.59,0.8,209.32,67,1
"Meatball or rissole, lamb mince, homemade, baked, roasted, fried, grilled or BBQ'd, no added fat",868,861,8.6,7.7,7.7,6.4,0,2.77,3.75,1.16,303.37,13,1
"Meatball or rissole, lamb mince, homemade, baked, roasted, fried, grilled or BBQ'd, fat not further defined",956,949,11.3,7.6,7.6,6.3,0,3.2,5.37,1.66,318.27,36,1
"Mutton, all cuts, separable fat, raw",2522,2522,64.4,0,0,0,0,28.6,24.05,3.7,5022.17,79,0
"Mutton, all cuts, separable fat, cooked",2694,2694,67.9,0,0,0,0,28.4,28.16,2.92,5220.05,44,0
"Mutton, shoulder, separable fat, raw",2522,2522,64.4,0,0,0,0,30.25,21.93,4.5,4696.28,67,0
"Mutton, shoulder, separable fat, boiled, casseroled, microwaved, poached, steamed, or stewed, no added fat",2694,2694,67.9,0,0,0,0,30.54,26.15,3.06,4950.22,93,0
"Mutton, shoulder, separable lean, raw",518,518,4.2,0,0,0,0,1.57,1.49,0.6,179.9,96,1
"Mutton, shoulder, separable lean, boiled, casseroled, microwaved, poached, steamed, or stewed, no added fat",1041,1041,11.4,0,0,0,0,3.92,4.37,1.46,668.42,73,2
"Mutton, shoulder, fully-trimmed, raw",638,638,7.8,0,0,0,0,3.29,2.72,0.84,450.88,94,1
"Mutton, shoulder, fully-trimmed, boiled, casseroled, microwaved, poached, steamed, or stewed, no added fat",1094,1094,13.2,0,0,0,0,4.78,5.07,1.51,805.44,85,2
"Mutton, shoulder, untrimmed, raw",717,717,10.2,0,0,0,0,4.42,3.52,0.99,628.37,59,1
"Mutton, shoulder, untrimmed, boiled, casseroled, microwaved, poached, steamed, or stewed, no added fat",1137,1137,14.7,0,0,0,0,5.48,5.64,1.55,918.9,84,2
"Mutton, leg roast, separable fat, raw",2522,2522,64.4,0,0,0,0,26.96,26.16,2.9,5353.58,30,0
"Mutton, leg roast, separable fat, baked or roasted, no added fat",2694,2694,67.9,0,0,0,0,26.25,30.18,2.78,5495.71,98,0
"Mutton, leg roast, separable lean, raw",509,509,3.8,0,0,0,0,1.33,1.36,0.66,161.87,73,1
"Mutton, leg roast, separable lean, baked or roasted, no added fat",792,792,7.7,0,0,0,0,2.72,3.15,0.82,356.89,45,1
"Mutton, leg roast, fully-trimmed, raw",582,582,6,0,0,0,0,2.25,2.26,0.74,348.78,91,1
"Mutton, leg roast, fully-trimmed, baked or roasted, no added fat",881,881,10.5,0,0,0,0,3.82,4.42,0.92,598.42,17,1
"Mutton, leg roast, semi-trimmed, raw",634,634,7.6,0,0,0,0,2.91,2.9,0.8,482.72,51,1
"Mutton, leg roast, semi-trimmed, baked or roasted, no added fat",919,919,11.7,0,0,0,0,4.29,4.96,0.96,700.16,47,1
"Mutton, leg roast, untrimmed, raw",811,811,12.9,0,0,0,0,5.16,5.08,0.99,939.07,25,1
"Mutton, leg roast, untrimmed, baked or roasted, no added fat",1093,1093,17.2,0,0,0,0,6.44,7.43,1.13,1169.85,6,2
"Veal, all cuts, separable fat, raw",1403,1403,29,0,0,0,0,13.99,10.38,0.65,2610.32,36,0
"Veal, all cuts, separable fat, cooked",1573,1573,33,0,0,0,0,17.04,11.08,0.9,2429.12,17,0
"Veal, cutlet, separable lean, raw",459,459,1.1,0,0,0,0,0.4,0.35,0.22,34.42,32,1
"Veal, cutlet, separable lean, fried, grilled or BBQ'd, no added fat",552,552,2,0,0,0,0,0.84,0.65,0.3,43.53,100,1
"Veal, cutlet, fully-trimmed, raw",494,494,2.1,0,0,0,0,0.9,0.72,0.24,129.73,29,1
"Veal, cutlet, fully-trimmed, baked, roasted, fried, grilled or BBQ'd, no added fat",595,595,3.3,0,0,0,0,1.52,1.09,0.32,143.72,98,1
"Veal, cutlet, fully-trimmed, breadcrumb coating, baked, roasted, fried, grilled or BBQ'd, fat not further defined",1022,1016,9.9,13.7,13.7,13.2,0,2.17,5.13,1.83,168.3,56,2
"Veal, cutlet, semi-trimmed, raw",512,512,2.7,0,0,0,0,1.17,0.92,0.24,180.22,95,1
"Veal, cutlet, semi-trimmed, baked, roasted, fried, grilled or BBQ'd, no added fat",625,625,4.2,0,0,0,0,2.01,1.4,0.34,215.29,58,1
"Veal, cutlet, untrimmed, raw",523,523,3,0,0,0,0,1.32,1.03,0.25,209.84,11,1
"Veal, cutlet, untrimmed, baked, roasted, fried, grilled or BBQ'd, no added fat",632,632,4.4,0,0,0,0,2.12,1.47,0.34,231.99,70,1
"Veal, diced, separable lean, raw",448,448,1.5,0,0,0,0,0.52,0.55,0.25,47.57,30,1
"Veal, diced, separable lean, fried, stir-fried, grilled or BBQ'd, no added fat",653,653,3,0,0,0,0,1.13,0.97,0.52,126.9,72,1
"Veal, diced, fully-trimmed, raw",452,452,1.6,0,0,0,0,0.58,0.59,0.25,57.82,37,1
"Veal, diced, fully-trimmed, baked, roasted, fried, stir-fried, grilled or BBQ'd, no added fat",660,660,3.2,0,0,0,0,1.24,1.04,0.52,143.02,23,1
"Veal, diced, fully-trimmed, baked, roasted, fried, stir-fried, grilled or BBQ'd, fat not further defined",629,629,4.3,0,0,0,0,1.09,2.13,0.74,86.75,100,1
"Veal, diced, fully-trimmed, boiled, casseroled, microwaved, poached, steamed, or stewed, no added fat",565,565,2,0,0,0,0,0.72,0.73,0.32,72.27,77,1
"Veal, diced, untrimmed, raw",466,466,2,0,0,0,0,0.77,0.73,0.26,94.47,31,1
"Veal, diced, untrimmed, baked, roasted, fried, stir-fried, grilled or BBQ'd, no added fat",679,679,3.8,0,0,0,0,1.58,1.25,0.53,191.14,71,1
"Veal, leg roast, separable lean, raw",470,470,1.5,0,0,0,0,0.44,0.52,0.38,43.14,60,1
"Veal, leg roast, separable lean, fried, grilled or BBQ'd, no added fat",655,655,1.9,0,0,0,0,0.53,0.77,0.35,85.44,18,1
"Veal, leg roast, fully-trimmed, raw",489,489,2,0,0,0,0,0.71,0.72,0.38,94.49,6,1
"Veal, leg roast, fully-trimmed, baked or roasted, no added fat",665,665,2.2,0,0,0,0,0.72,0.88,0.36,111.22,62,1
"Veal, leg steak, separable lean, raw",470,470,1.5,0,0,0,0,0.44,0.52,0.38,43.14,97,1
"Veal, leg steak, separable lean, fried, grilled or BBQ'd, no added fat",655,655,1.9,0,0,0,0,0.53,0.77,0.35,85.44,10,1
"Veal, leg steak, fully-trimmed, raw",481,481,1.8,0,0,0,0,0.59,0.63,0.38,71.38,42,1
"Veal, leg steak, fully-trimmed, baked, roasted, fried, grilled or BBQ'd, no added fat",662,662,2.1,0,0,0,0,0.66,0.85,0.36,104.18,59,1
"Veal, leg steak, fully-trimmed, baked, roasted, fried, grilled or BBQ'd, fat not further defined",663,663,4.6,0,0,0,0,1.1,2.18,0.89,102.96,42,1
"Veal, leg steak, untrimmed, raw",482,482,1.8,0,0,0,0,0.61,0.64,0.38,75.75,32,1
"Veal, leg steak, untrimmed, baked, roasted, fried, grilled or BBQ'd, no added fat",675,675,2.6,0,0,0,0,0.89,0.99,0.37,136.07,45,1
"Veal, loin chop, separable fat, raw",1486,1486,31.3,0,0,0,0,15.1,11.2,0.7,2817.34,78,0
"Veal, loin chop, separable fat, fried, grilled or BBQ'd, no added fat",1685,1685,36.3,0,0,0,0,18.74,12.19,0.99,2672.03,98,0
"Veal, loin chop, separable lean, raw",440,440,1.5,0,0,0,0,0.54,0.47,0.3,46.94,51,1
"Veal, loin chop, separable lean, fried, grilled or BBQ'd, no added fat",606,606,2.7,0,0,0,0,1.14,0.88,0.4,58.76,46,1
"Veal, loin chop, fully-trimmed, raw",461,461,2.1,0,0,0,0,0.83,0.69,0.31,102.34,75,1
"Veal, loin chop, fully-trimmed, baked, roasted, fried, grilled or BBQ'd, no added fat",652,652,4.1,0,0,0,0,1.88,1.35,0.43,168.52,33,1
"Veal, loin chop, semi-trimmed, raw",512,512,2.7,0,0,0,0,1.17,0.92,0.24,180.22,28,1
"Veal, loin chop, untrimmed, raw",555,555,4.8,0,0,0,0,2.14,1.65,0.35,351.68,33,1
"Veal, loin chop, untrimmed, baked, roasted, fried, grilled or BBQ'd, no added fat",674,674,4.8,0,0,0,0,2.24,1.58,0.44,222.09,18,1
"Veal, mince, untrimmed, raw",466,466,2,0,0,0,0,0.77,0.73,0.26,94.47,64,1
"Veal, stir-fry strips, separable lean, raw",536,536,2,0,0,0,0,0.7,0.73,0.34,63.42,59,1
"Veal, stir-fry strips, separable lean, fried, stir-fried, grilled or BBQ'd, no added fat",614,614,2.8,0,0,0,0,1.06,0.91,0.48,118.44,90,1
"Veal, stir-fry strips, fully-trimmed, raw",547,547,2.3,0,0,0,0,0.86,0.85,0.34,93.99,92,1
"Veal, stir-fry strips, fully-trimmed, baked, roasted, fried, stir-fried, grilled or BBQ'd, no added fat",620,620,3,0,0,0,0,1.17,0.98,0.48,134.62,78,1
"Veal, stir-fry strips, untrimmed, raw",551,551,2.5,0,0,0,0,0.93,0.9,0.34,106.98,69,1
"Veal, stir-fry strips, untrimmed, baked, roasted, fried, stir-fried, grilled or BBQ'd, no added fat",623,623,3.1,0,0,0,0,1.22,1.01,0.48,142.24,89,1
"Veal, schnitzel, breadcrumb coating, baked, roasted, fried, grilled or BBQ'd, no added fat",846,840,5.5,12.1,12.1,11.6,0,1.11,2.5,1.36,87.2,36,1
"Veal, schnitzel, breadcrumb coating, baked, roasted, fried, grilled or BBQ'd, canola oil",1041,1036,11.7,11.5,11.5,11,0,1.53,6.23,3.14,84.42,98,2
"Veal, schnitzel, breadcrumb coating, baked, roasted, fried, grilled or BBQ'd, olive oil",1041,1036,11.7,11.5,11.5,11,0,2.05,7,1.85,82.56,24,2
"Veal, schnitzel, breadcrumb coating, baked, roasted, fried, grilled or BBQ'd, other oil",1041,1036,11.7,11.5,11.5,11,0,1.93,4.77,4.15,210.52,76,2
"Veal, schnitzel, breadcrumb coating, baked, roasted, fried, grilled or BBQ'd, fat not further defined",1037,1032,11.6,11.5,11.5,11,0,2.12,6.17,2.46,129.57,51,2
"Veal, schnitzel, breadcrumb coating, boiled, casseroled, microwaved, poached, steamed or stewed, no added fat",846,840,5.5,12.1,12.1,11.6,0,1.11,2.5,1.36,87.2,65,1
"Veal, schnitzel, breadcrumb coating, cooked with tomato sauce & cheese (veal parmigiana)",908,898,11,10.2,10.2,7.9,0,3.14,5.52,1.54,131.42,35,1
"Pig (pork), wild caught, cooked",1164,1164,18.9,0,0,0,0,7,8.54,2.2,87.69,28,2
"Pork, belly, raw",2120,2120,53,0,0,0,0,19.66,25.12,5.74,252.59,47,2
"Pork, belly, baked, roasted, fried, grilled or BBQ'd, no added fat",3073,3073,76.8,0,0,0,0,28.49,36.4,8.32,366.08,8,2
"Pork, belly, baked, roasted, fried, grilled or BBQ'd, fat not further defined",3117,3117,78.1,0,0,0,0,28.4,37.37,8.68,379.73,62,2
"Pork, belly, boiled, casseroled, microwaved, poached, steamed or stewed, no added fat",2232,2232,55.8,0,0,0,0,20.69,26.44,6.05,265.89,34,2
"Pork, butterfly steak, fully-trimmed, raw",469,469,1.6,0,0,0,0,0.54,0.64,0.27,5.82,93,1
"Pork, butterfly steak, fully-trimmed, baked, roasted, fried, grilled or BBQ'd, no added fat",656,656,2.8,0,0,0,0,1.07,1.13,0.36,10.19,34,1
"Pork, butterfly steak, fully-trimmed, baked, roasted, fried, grilled or BBQ'd, canola oil",773,773,5.2,0,0,0,0,0.98,2.63,1.21,9.1,26,1
"Pork, butterfly steak, fully-trimmed, baked, roasted, fried, grilled or BBQ'd, olive oil",785,785,5.2,0,0,0,0,1.23,3.02,0.64,8.39,7,1
"Pork, butterfly steak, fully-trimmed, baked, roasted, fried, grilled or BBQ'd, other oil",785,785,5.2,0,0,0,0,1.18,2.01,1.68,66.31,97,1
"Pork, butterfly steak, fully-trimmed, baked, roasted, fried, grilled or BBQ'd, fat not further defined",783,783,5.2,0,0,0,0,1.27,2.64,0.92,29.67,59,1
"Pork, butterfly steak, untrimmed, raw",643,643,7,0,0,0,0,2.43,3.01,0.79,31.47,91,1
"Pork, butterfly steak, untrimmed, baked, roasted, fried, grilled or BBQ'd, no added fat",825,825,8.2,0,0,0,0,3.22,3.62,0.86,36.33,24,1
"Pork, crackling, roasted, salted",2129,2129,42,0,0,0,0,16.3,17.2,5.56,200.13,77,2
"Pork, diced, fully-trimmed, raw",502,502,3.1,0,0,0,0,1.02,1.27,0.51,14.1,40,1
"Pork, diced, fully-trimmed, baked, roasted, fried, stir-fried, grilled or BBQ'd, no added fat",647,647,3.1,0,0,0,0,1.02,1.27,0.51,14.1,62,1
"Pork, diced, fully-trimmed, baked, roasted, fried, stir-fried, grilled or BBQ'd, butter, dairy blend or margarine",811,811,6.8,0,0,0,0,2.79,2.42,0.92,132.2,24,1
"Pork, diced, fully-trimmed, baked, roasted, fried, stir-fried, grilled or BBQ'd, canola oil",833,833,7.4,0,0,0,0,1.68,3.58,1.58,21.17,41,1
"Pork, diced, fully-trimmed, baked, roasted, fried, stir-fried, grilled or BBQ'd, olive oil",821,821,7.3,0,0,0,0,1.89,3.87,0.98,20.03,91,1
"Pork, diced, fully-trimmed, baked, roasted, fried, stir-fried, grilled or BBQ'd, other oil",821,821,7.3,0,0,0,0,1.84,2.88,2,77.11,51,1
"Pork, diced, fully-trimmed, baked, roasted, fried, stir-fried, grilled or BBQ'd, fat not further defined",831,831,7.4,0,0,0,0,1.95,3.55,1.27,41.61,10,1
"Pork, diced, fully-trimmed, boiled, casseroled, microwaved, poached, steamed or stewed, no added fat",797,797,4.9,0,0,0,0,1.62,2.02,0.81,22.39,78,1
"Pork, diced, fully-trimmed, boiled, casseroled, microwaved, poached, steamed or stewed, fat not further defined",897,897,7.9,0,0,0,0,2.11,3.84,1.37,44.91,35,1
"Pork, fillet, fully-trimmed, raw",433,433,1.1,0,0,0,0,0.38,0.5,0.11,5,39,1
"Pork, fillet, fully-trimmed, baked, roasted, fried, grilled or BBQ'd, no added fat",566,566,2.2,0,0,0,0,0.76,0.99,0.23,10.01,82,1
"Pork, fillet, fully-trimmed, baked, roasted, fried, grilled or BBQ'd, butter, dairy blend or margarine",712,712,3.9,0,0,0,0,1.87,1.3,0.34,119.09,77,1
"Pork, fillet, fully-trimmed, baked, roasted, fried, grilled or BBQ'd, canola oil",733,733,4.5,0,0,0,0,0.76,2.46,1,8.06,23,1
"Pork, fillet, fully-trimmed, baked, roasted, fried, grilled or BBQ'd, olive oil",702,702,4.3,0,0,0,0,0.95,2.69,0.4,6.91,58,1
"Pork, fillet, fully-trimmed, baked, roasted, fried, grilled or BBQ'd, other oil",723,723,4.5,0,0,0,0,0.93,1.78,1.44,64.19,26,1
"Pork, fillet, fully-trimmed, baked, roasted, fried, grilled or BBQ'd, fat not further defined",721,721,4.4,0,0,0,0,1.02,2.4,0.68,28.08,14,1
"Pork, fillet, fully-trimmed, boiled, casseroled, microwaved, poached, steamed or stewed, no added fat",688,688,1.7,0,0,0,0,0.6,0.79,0.18,7.94,68,1
"Pork, forequarter (chop, roast, neck), separable fat, raw",2042,2042,50.8,0,0,0,0,19.51,22.61,6.15,242.06,28,2
"Pork, forequarter, separable fat, grilled or BBQ'd, no added fat",2179,2179,53.6,0,0,0,0,20.43,24.06,6.64,255.4,20,2
"Pork, forequarter chop, fully-trimmed, raw",476,476,3.9,0,0,0,0,1.42,1.52,0.6,14.2,66,1
"Pork, forequarter chop, fully-trimmed, baked, roasted, fried, grilled or BBQ'd, no added fat",680,680,6.3,0,0,0,0,2.41,2.53,0.8,22.93,86,1
"Pork, forequarter chop, fully-trimmed, baked, roasted, fried, grilled or BBQ'd, fat not further defined",793,793,8.5,0,0,0,0,2.54,3.91,1.39,41.74,58,1
"Pork, forequarter chop, semi-trimmed, baked, roasted, fried, grilled or BBQ'd, no added fat",771,771,9.2,0,0,0,0,3.5,3.84,1.16,37.02,44,1
"Pork, forequarter chop, untrimmed, raw",785,785,13.2,0,0,0,0,5,5.68,1.69,59.2,18,1
"Pork, forequarter chop, untrimmed, baked, roasted, fried, grilled or BBQ'd, no added fat",988,988,16,0,0,0,0,6.1,6.95,2,70.61,77,1
"Pork, forequarter chop, untrimmed, baked, roasted, fried, grilled or BBQ'd, fat not further defined",1239,1239,21.9,0,0,0,0,7.68,9.91,2.97,106.6,59,2
"Pork, forequarter shoulder roast, fully-trimmed, raw",447,447,3.1,0,0,0,0,1.13,1.21,0.48,11.28,27,1
"Pork, forequarter shoulder roast, fully-trimmed, baked or roasted, no added fat",658,658,6.4,0,0,0,0,2.45,2.58,0.82,23.3,84,1
"Pork, forequarter shoulder roast, semi-trimmed, baked or roasted, no added fat",748,748,9.2,0,0,0,0,3.52,3.86,1.16,37.15,78,1
"Pork, forequarter shoulder roast, untrimmed, raw",762,762,12.5,0,0,0,0,4.76,5.43,1.6,56.84,73,1
"Pork, forequarter shoulder roast, untrimmed, baked or roasted, no added fat",901,901,14,0,0,0,0,5.32,6.01,1.75,60.43,82,1
"Pork, head, cooked, with or without added fat",1210,1210,19.9,0,0,0,0,7.56,8.62,2.53,90.22,18,2
"Pork, kebab, marinated, baked, roasted, fried, grilled or BBQ'd, fat not further defined",970,969,10.6,5.4,5.4,0.9,0,3.26,5,1.65,55.01,61,1
"Pork, leg roast, untrimmed, raw",685,685,8.6,0,0,0,0,3.05,3.85,1.2,39.95,32,1
"Pork, leg roast, untrimmed, baked or roasted, no added fat",926,926,10.7,0,0,0,0,3.75,4.73,1.55,48.67,45,1
"Pork, leg steak (rump), separable fat, raw",2603,2603,66.4,0,0,0,0,23.86,30.5,8.23,379.68,48,2
"Pork, leg steak (rump), separable fat, fried or stir fried, no added fat",2191,2191,53.7,0,0,0,0,19.29,24.67,6.65,307.06,45,2
"Pork, leg steak (round, rump, topside, silverside), separable lean, raw",466,466,1.8,0,0,0,0,0.59,0.69,0.34,6.55,66,1
"Pork, leg steak (round, rump, topside, silverside), separable lean, fried or stir fried, no added fat",589,589,2.7,0,0,0,0,0.89,1.04,0.51,9.83,42,1
"Pork, leg steak (round, rump, topside, silverside), as purchased, raw",487,487,2.4,0,0,0,0,0.82,0.98,0.42,10.2,97,1
"Pork, leg steak (round, rump, topside, silverside), as purchased, fried or stir-fried, no added fat",603,603,3.1,0,0,0,0,1.05,1.25,0.57,12.44,72,1
"Pork, loin chop, separable fat, raw",2694,2694,69.2,0,0,0,0,27.29,31.67,6.46,329.74,24,2
"Pork, loin chop, separable fat, baked, roasted, fried, grilled or BBQ'd, no added fat",2765,2765,70.7,0,0,0,0,27.88,32.36,6.6,336.89,74,2
"Pork, loin chop, fully-trimmed, raw",461,461,1.8,0,0,0,0,0.62,0.74,0.27,6.55,46,1
"Pork, loin chop, fully-trimmed, baked, roasted, fried, grilled or BBQ'd, no added fat",687,687,4.5,0,0,0,0,1.56,1.85,0.66,16.38,52,1
"Pork, loin chop, fully-trimmed, baked, roasted, fried, grilled or BBQ'd, butter, dairy blend or margarine",751,751,4.9,0,0,0,0,2.22,1.65,0.57,121.32,99,1
"Pork, loin chop, fully-trimmed, baked, roasted, fried, grilled or BBQ'd, canola oil",762,762,5.5,0,0,0,0,1.1,2.77,1.21,10.14,65,1
"Pork, loin chop, fully-trimmed, baked, roasted, fried, grilled or BBQ'd, olive oil",773,773,5.5,0,0,0,0,1.35,3.16,0.64,9.44,48,1
"Pork, loin chop, fully-trimmed, baked, roasted, fried, grilled or BBQ'd, other oil",762,762,5.5,0,0,0,0,1.28,2.12,1.66,66.38,94,1
"Pork, loin chop, fully-trimmed, baked, roasted, fried, grilled or BBQ'd, fat not further defined",771,771,5.5,0,0,0,0,1.38,2.78,0.92,30.72,99,1
"Pork, loin chop, fully-trimmed, boiled, casseroled, microwaved, poached, steamed or stewed, no added fat",732,732,2.9,0,0,0,0,0.99,1.17,0.42,10.4,32,1
"Pork, loin chop, semi-trimmed, raw",573,573,5.2,0,0,0,0,1.96,2.28,0.58,22.71,45,1
"Pork, loin chop, semi-trimmed, baked, roasted, fried, grilled or BBQ'd, no added fat",791,791,7.8,0,0,0,0,2.87,3.37,0.96,32.4,90,1
"Pork, loin chop, semi-trimmed, baked, roasted, fried, grilled or BBQ'd, butter, dairy blend or margarine",899,899,9.6,0,0,0,0,4.08,3.82,1,142.51,41,1
"Pork, loin chop, semi-trimmed, baked, roasted, fried, grilled or BBQ'd, canola oil",934,934,10.4,0,0,0,0,3.03,5.04,1.67,33.57,91,1
"Pork, loin chop, semi-trimmed, baked, roasted, fried, grilled or BBQ'd, olive oil",934,934,10.4,0,0,0,0,3.27,5.39,1.09,32.73,77,1
"Pork, loin chop, semi-trimmed, baked, roasted, fried, grilled or BBQ'd, other oil",921,921,10.2,0,0,0,0,3.17,4.32,2.1,89.34,43,1
"Pork, loin chop, semi-trimmed, baked, roasted, fried, grilled or BBQ'd, fat not further defined",919,919,10.2,0,0,0,0,3.25,4.94,1.34,53.23,71,1
"Pork, loin chop, semi-trimmed, boiled, casseroled, microwaved, poached, steamed or stewed, no added fat",909,909,8.2,0,0,0,0,3.1,3.63,0.92,36.05,10,1
"Pork, loin chop, untrimmed, raw",705,705,9.2,0,0,0,0,3.54,4.12,0.94,41.85,42,1
"Pork, loin chop, untrimmed, baked, roasted, fried, grilled or BBQ'd, no added fat",930,930,12.3,0,0,0,0,4.64,5.42,1.36,53.94,56,1
"Pork, loin chop, untrimmed, baked, roasted, fried, grilled or BBQ'd, olive oil",1125,1125,16.1,0,0,0,0,5.54,8.03,1.62,60.31,29,2
"Pork, loin chop, untrimmed, baked, roasted, fried, grilled or BBQ'd, other oil",1125,1125,16.1,0,0,0,0,5.49,7.02,2.66,118.23,65,2
"Pork, loin cutlet, untrimmed, raw",843,843,13.1,0,0,0,0,4.6,5.74,1.39,61.09,48,1
"Pork, loin cutlet, untrimmed, baked, roasted, fried, grilled or BBQ'd, no added fat",1240,1240,19.3,0,0,0,0,6.77,8.44,2.05,89.84,86,2
"Pork, loin roast, separable fat, raw",2941,2941,77.1,0,0,0,0,29.02,33.06,10.8,367.38,71,2
"Pork, loin roast, separable fat, baked or roasted, no added fat",2629,2629,67,0,0,0,0,25.22,28.73,9.39,319.26,48,2
"Pork, loin roast, fully-trimmed, raw",478,478,2.2,0,0,0,0,0.75,0.92,0.32,8.01,22,1
"Pork, loin roast, fully-trimmed, baked or roasted, no added fat",860,860,8.6,0,0,0,0,2.94,3.58,1.27,31.3,67,1
"Pork, loin roast, fully-trimmed, boiled, casseroled, microwaved, poached, steamed, or stewed, no added fat",758,758,3.5,0,0,0,0,1.19,1.45,0.51,12.71,11,1
"Pork, loin roast, semi-trimmed, raw",601,601,5.9,0,0,0,0,2.16,2.52,0.85,25.98,45,1
"Pork, loin roast, semi-trimmed, baked or roasted, no added fat",883,883,8.7,0,0,0,0,3.18,3.71,1.25,38.2,56,1
"Pork, loin roast, untrimmed, raw",943,943,16.4,0,0,0,0,6.1,6.99,2.3,75.97,23,1
"Pork, loin roast, untrimmed, baked or roasted, no added fat",1093,1093,16.3,0,0,0,0,5.87,6.89,2.34,69.23,40,2
"Pork, medallion or loin steak, separable fat, raw",2642,2642,68.5,0,0,0,0,24.09,30.22,6.79,326.4,19,2
"Pork, medallion or loin steak, separable fat, fried, grilled or BBQ'd, no added fat",2307,2307,55.5,0,0,0,0,19.52,24.49,5.5,264.46,100,2
"Pork, medallion or loin steak, fully-trimmed, raw",469,469,1.6,0,0,0,0,0.54,0.64,0.27,5.82,74,1
"Pork, medallion or loin steak, fully-trimmed, baked, roasted, fried, grilled or BBQ'd, no added fat",631,631,3.5,0,0,0,0,1.19,1.4,0.59,12.74,36,1
"Pork, medallion or loin steak, fully-trimmed, baked, roasted, fried, grilled or BBQ'd, fat not further defined",771,771,5.1,0,0,0,0,1.25,2.6,0.9,29.24,18,1
"Pork, medallion or loin steak, untrimmed, raw",615,615,6.1,0,0,0,0,2.12,2.63,0.71,27.37,31,1
"Pork, medallion or loin steak, untrimmed, baked, roasted, fried, grilled or BBQ'd, fat not further defined",979,979,11.5,0,0,0,0,3.5,5.43,1.53,59.84,35,1
"Pork, mince, raw",724,724,10.6,0,0,0,0,4,4.62,1.37,70.49,12,1
"Pork, mince, baked, roasted, fried or stir-fried, grilled or BBQ'd, no added fat",842,842,11,0,0,0,0,4.17,4.82,1.43,73.48,46,1
"Pork, mince, baked, roasted, fried or stir-fried, grilled or BBQ'd, canola oil",1103,1103,17.4,0,0,0,0,5.72,8.05,2.69,98.1,11,2
"Pork, mince, baked, roasted, fried or stir-fried, grilled or BBQ'd, olive oil",1103,1103,17.4,0,0,0,0,5.95,8.38,2.14,97.3,79,2
"Pork, mince, baked, roasted, fried or stir-fried, grilled or BBQ'd, other oil",1103,1103,17.4,0,0,0,0,5.9,7.42,3.13,152.77,49,2
"Pork, mince, baked, roasted, fried or stir-fried, grilled or BBQ'd, fat not further defined",1102,1102,17.4,0,0,0,0,5.98,8.02,2.4,117.68,64,2
"Pork, mince, boiled, casseroled, microwaved, poached, steamed or stewed, no added fat",1149,1149,16.8,0,0,0,0,6.34,7.34,2.17,111.89,61,2
"Pork, mince, boiled, casseroled, microwaved, poached, steamed or stewed, added fat not further defined",1242,1242,19.6,0,0,0,0,6.74,9.04,2.7,132.62,30,2
"Pork, pickled, cooked, with or without added fat",987,987,10.8,0,0,0,0,3.61,4.83,1.6,51.69,11,1
"Pork, round mini roast, separable fat, raw",1842,1842,44.6,0,0,0,0,16.02,20.27,5.91,212.52,55,2
"Pork, round mini roast, separable fat, baked or roasted, no added fat",1961,1961,45.5,0,0,0,0,16.35,20.68,6.03,216.81,64,2
"Pork, round mini roast, fully-trimmed, raw",444,444,1.1,0,0,0,0,0.35,0.43,0.22,4,97,1
"Pork, round mini roast, fully-trimmed, baked or roasted, no added fat",682,682,2.5,0,0,0,0,0.79,0.97,0.5,9.1,49,1
"Pork, round mini roast, untrimmed, raw",472,472,2,0,0,0,0,0.66,0.82,0.33,8.17,10,1
"Pork, round mini roast, untrimmed, baked or roasted, no added fat",699,699,3.1,0,0,0,0,0.99,1.23,0.57,11.8,93,1
"Pork, round steak, fully-trimmed, raw",416,416,1.1,0,0,0,0,0.35,0.39,0.26,4,71,1
"Pork, round steak, fully-trimmed, baked, roasted, fried, grilled or BBQ'd, no added fat",563,563,1.7,0,0,0,0,0.54,0.6,0.4,6.19,86,1
"Pork, rump steak, fully-trimmed, raw",508,508,2.1,0,0,0,0,0.7,0.81,0.39,7.64,10,1
"Pork, rump steak, fully-trimmed, baked, roasted, fried, grilled or BBQ'd no added fat",627,627,3.8,0,0,0,0,1.26,1.46,0.7,13.83,49,1
"Pork, rump steak, untrimmed, raw",568,568,4,0,0,0,0,1.37,1.66,0.62,18.36,86,1
"Pork, rump steak, untrimmed, baked, roasted, fried, grilled or BBQ'd, no added fat",836,836,5.8,0,0,0,0,2.01,2.44,0.91,27,12,1
"Pork, scotch roast, separable fat, raw",2124,2124,52.5,0,0,0,0,22.16,23.26,4.05,300.2,84,2
"Pork, scotch roast, separable fat, baked or roasted, no added fat",2076,2076,50.5,0,0,0,0,21.32,22.38,3.9,288.76,100,2
"Pork, scotch roast, fully-trimmed, raw",631,631,7.6,0,0,0,0,2.68,3.15,1.04,27.66,44,1
"Pork, scotch roast, fully-trimmed, baked or roasted, no added fat",964,964,12,0,0,0,0,4.23,4.98,1.64,43.68,12,1
"Pork, scotch roast, untrimmed, raw",893,893,15.5,0,0,0,0,6.09,6.67,1.56,75.36,69,1
"Pork, scotch roast, untrimmed, baked or roasted, no added fat",1024,1024,14.1,0,0,0,0,5.15,5.92,1.76,56.91,80,2
"Pork, scotch roast, untrimmed, baked or roasted, fat not further defined",1393,1393,25.2,0,0,0,0,9.26,11.34,2.79,129.88,30,2
"Pork, silverside steak, fully-trimmed, raw",456,456,2,0,0,0,0,0.68,0.82,0.31,7.28,29,1
"Pork, silverside steak, fully-trimmed, baked, roasted, fried, grilled or BBQ'd, no added fat",585,585,3,0,0,0,0,1.03,1.22,0.46,10.92,23,1
"Pork, silverside steak, untrimmed, raw",475,475,2.6,0,0,0,0,0.89,1.08,0.38,10.52,38,1
"Pork, spare ribs, fully-trimmed, raw",684,684,8.5,0,0,0,0,3.29,3.83,0.89,38.87,69,1
"Pork, spare ribs, fully-trimmed, baked, roasted, fried, grilled or BBQ'd, no added fat",1006,1006,12.6,0,0,0,0,4.84,5.63,1.31,57.16,15,2
"Pork, spare ribs, fully-trimmed, baked, roasted, fried, grilled or BBQ'd, fat not further defined",1093,1093,15.2,0,0,0,0,5.22,7.24,1.81,77.3,44,2
"Pork, spare ribs, fully-trimmed, boiled, casseroled, microwaved, poached, steamed, or stewed, no added fat",1086,1086,13.6,0,0,0,0,5.22,6.08,1.41,61.7,57,2
"Pork, spare ribs, fully-trimmed, boiled, casseroled, microwaved, poached, steamed, or stewed, fat not further defined",1180,1180,16.4,0,0,0,0,5.64,7.82,1.96,83.44,87,2
"Pork, spare ribs, semi-trimmed, raw",1019,1019,18.6,0,0,0,0,7.29,8.47,1.82,87.35,77,2
"Pork, spare ribs, semi-trimmed, baked, roasted, fried, grilled or BBQ'd, no added fat",1477,1477,27,0,0,0,0,10.56,12.28,2.63,126.59,27,2
"Pork, spare ribs, semi-trimmed, baked, roasted, fried, grilled or BBQ'd, fat not further defined",1553,1553,29.3,0,0,0,0,10.83,13.73,3.1,145.03,21,2
"Pork, spare ribs, semi-trimmed, boiled, casseroled, microwaved, poached, steamed, or stewed, no added fat",1618,1618,29.6,0,0,0,0,11.57,13.45,2.88,138.65,60,2
"Pork, spare ribs, untrimmed, raw",1198,1198,24,0,0,0,0,9.42,10.94,2.31,113.2,41,2
"Pork, spare ribs, untrimmed, baked, roasted, fried, grilled or BBQ'd, no added fat",1762,1762,35.4,0,0,0,0,13.86,16.1,3.4,166.48,53,2
"Pork, spare ribs, untrimmed, baked, roasted, fried, grilled or BBQ'd, fat not further defined",1834,1834,37.5,0,0,0,0,14.06,17.49,3.86,184.42,46,2
"Pork, spare ribs, untrimmed, boiled, casseroled, microwaved, poached, steamed or stewed, no added fat",1902,1902,38.2,0,0,0,0,14.96,17.37,3.67,179.69,82,2
"Pork, spare ribs, untrimmed, boiled, casseroled, microwaved, poached, steamed or stewed, fat not further defined",1979,1979,40.5,0,0,0,0,15.18,18.88,4.17,199.06,72,2
"Pork, spare ribs, marinated, baked, roasted, fried, grilled or BBQ'd, fat not further defined",1504,1503,26.8,5.4,5.4,0.9,0,9.8,12.58,2.88,133.28,73,2
"Pork, strips, fully-trimmed, raw",466,466,2.3,0,0,0,0,0.75,0.9,0.42,12.56,63,1
"Pork, strips, fully-trimmed, baked, roasted, fried, stir-fried, grilled or BBQ'd, no added fat",623,623,2.5,0,0,0,0,0.82,0.98,0.46,13.65,9,1
"Pork, topside steak, fully-trimmed, raw",482,482,2,0,0,0,0,0.65,0.79,0.37,5.46,33,1
"Pork, topside steak, fully-trimmed, baked, roasted, fried, grilled or BBQ'd, no added fat",582,582,2.3,0,0,0,0,0.74,0.9,0.43,6.28,37,1
"Pork, topside steak, untrimmed, baked, roasted, fried, grilled or BBQ'd, no added fat",583,583,2.4,0,0,0,0,0.76,0.93,0.43,6.58,21,1
"Pork, coated, baked, roasted, fried, grilled or BBQ'd, no added fat",948,940,4.6,16,16,15.2,0,1.22,1.91,1.05,27.36,9,1
"Pork, coated, baked, roasted, fried, grilled or BBQ'd, fat not further defined",1024,1016,7.2,15.2,15.2,14.4,0,1.66,3.5,1.52,46.8,61,2
"Meatball or rissole, pork mince, homemade, raw",687,682,8.6,5.3,5.3,4.4,0,3.12,3.67,1.2,54.11,83,1
"Meatball or rissole, pork mince, homemade, baked, roasted, fried, grilled or BBQ'd, no added fat",995,988,12.4,7.7,7.7,6.4,0,4.52,5.32,1.73,78.42,26,1
"Meatball or rissole, pork mince, homemade, baked, roasted, fried, grilled or BBQ'd, fat not further defined",1081,1074,15,7.6,7.6,6.3,0,4.91,6.9,2.22,97.82,72,2
"Chicken, barbecued, with skin, commercial",806,797,8.9,0,0,0,0,2.47,4.63,1.27,16.82,68,1
"Chicken, barbecued, without skin, commercial",654,654,5.5,0,0,0,0,1.48,2.68,1.04,29.05,65,1
"Chicken, breast, flesh, raw",438,438,1.6,0,0,0,0,0.5,0.66,0.3,7.11,50,1
"Chicken, breast, flesh, baked or roasted, no added fat",637,637,3.9,0,0,0,0,1.25,1.86,0.57,17.32,72,1
"Chicken, breast, flesh, grilled or BBQ'd, no added fat",598,598,2.5,0,0,0,0,0.82,1.19,0.31,10.95,11,1
"Chicken, breast, flesh, fried or stir-fried, no added fat",681,681,2,0.7,0.7,0,0,0.64,0.91,0.34,9.45,53,1
"Chicken, breast, flesh, baked, roasted, fried, stir-fried, grilled or BBQ'd, butter, dairy blend, margarine spread",652,652,4.2,0,0,0,0,1.85,1.4,0.56,110.72,52,1
"Chicken, breast, flesh, baked, roasted, fried, stir-fried, grilled or BBQ'd, canola oil",671,671,4.8,0,0,0,0,0.84,2.45,1.15,10.05,76,1
"Chicken, breast, flesh, baked, roasted, fried, stir-fried, grilled or BBQ'd, olive oil",671,671,4.8,0,0,0,0,1.06,2.77,0.62,9.28,46,1
"Chicken, breast, flesh, baked, roasted, fried, stir-fried, grilled or BBQ'd, other oil",671,671,4.8,0,0,0,0,1.01,1.86,1.57,61.8,92,1
"Chicken, breast, flesh, baked, roasted, fried, stir-fried, grilled or BBQ'd, fat not further defined",670,670,4.7,0,0,0,0,1.09,2.43,0.87,28.58,39,1
"Chicken, breast, flesh, boiled, casseroled, microwaved, poached, steamed or stewed, no added fat",596,596,3.7,0,0,0,0,1.2,1.78,0.51,16.43,96,1
"Chicken, breast, flesh, boiled, casseroled, microwaved, poached, steamed or stewed, fat not further defined",644,644,4.5,0,0,0,0,1.05,2.34,0.84,27.48,27,1
"Chicken, breast, flesh, smoked, no added fat",573,573,2.1,0,0,0,0,0.65,0.87,0.39,9.28,14,1
"Chicken, breast, flesh, breadcrumb coating, cooked, no added fat",810,803,3.5,12.8,12.8,12,0,0.85,1.51,0.84,18.5,36,1
"Chicken, breast, flesh, breadcrumb coating, cooked, fat not further defined",884,878,6,12.1,12.1,11.4,0,1.27,3.02,1.29,37.17,41,1
"Chicken, breast, flesh, purchased frozen with breadcrumb coating, cooked, no added fat",1009,1000,10.6,17.3,17.3,16.1,0,1.51,4.02,4.28,195.38,65,2
"Chicken, breast, flesh, purchased frozen with breadcrumb coating, cooked, fat not further defined",884,878,6,12.1,12.1,11.4,0,1.27,3.02,1.29,37.17,78,1
"Chicken, breast, flesh, coated, cooked, no added fat",835,828,3.4,15,15,14.2,0,0.8,1.45,0.85,22.3,46,1
"Chicken, breast, flesh, coated, cooked, fat not further defined",919,911,5.9,14.4,14.4,13.6,0,1.23,2.98,1.31,41.04,71,1
"Chicken, breast, flesh, canned in water, drained",436,436,1.6,0.6,0.6,0,0,0.52,0.77,0.22,7.11,48,1
"Chicken, breast, flesh, skin & fat, raw",688,688,9.4,0,0,0,0,2.86,4.6,1.29,36.34,98,1
"Chicken, breast, flesh, skin & fat, baked, roasted, fried, grilled or BBQ'd, no added fat",781,781,8.3,0,0,0,0,2.6,4.11,1.14,42.88,36,1
"Chicken, breast, flesh, skin & fat, baked, roasted, fried, grilled or BBQ'd, fat not further defined",996,996,14.8,0,0,0,0,4.18,7.58,2.17,66.78,90,1
"Chicken, breast, flesh, skin & fat, boiled, casseroled, microwaved, poached, steamed or stewed, with or without added fat",728,728,7.8,0,0,0,0,2.27,3.96,1.1,41.67,80,1
"Chicken, breast, flesh, skin & fat, coated, baked, roasted, fried, grilled or BBQ'd, fat not further defined",1181,1174,14.1,14.4,14.4,13.6,0,3.72,7.13,2.36,71.84,50,2
"Chicken, breast, flesh, skin & fat, coated, fast food chain, fried, undefined fat",1079,1074,15.8,8.2,8.2,7.6,0,3.57,8.17,3.12,77.95,33,2
"Chicken, drumstick, flesh, raw",492,492,4.8,0,0,0,0,1.4,2.29,0.84,21.32,18,1
"Chicken, drumstick, flesh, baked, roasted, fried, grilled or BBQ'd, no added fat",830,830,8.5,0.4,0.4,0,0,2.54,4.28,1.16,48.2,60,1
"Chicken, drumstick, flesh, baked, roasted, fried, grilled or BBQ'd, fat not further defined",740,740,8.9,0,0,0,0,2.27,4.55,1.57,47.15,83,1
"Chicken, drumstick, flesh, boiled, casseroled, microwaved, poached, steamed or stewed, no added fat",730,730,6.6,0,0,0,0,2.15,3.12,0.94,37.42,81,1
"Chicken, drumstick, flesh, boiled, casseroled, microwaved, poached, steamed or stewed, fat not further defined",793,793,9.5,0,0,0,0,2.43,4.88,1.68,50.52,14,1
"Chicken, drumstick, flesh, coated, cooked, no added fat",904,896,6.8,15.2,15.2,14.4,0,1.78,3.2,1.43,37.76,16,1
"Chicken, drumstick, flesh, coated, cooked, fat not further defined",975,968,9.3,14.4,14.4,13.6,0,2.18,4.69,1.88,56.02,64,1
"Chicken, drumstick, flesh, skin & fat, raw",645,645,9.3,0,0,0,0,2.8,4.6,1.4,44.32,96,1
"Chicken, drumstick, flesh, skin & fat, baked, roasted, fried, grilled or BBQ'd, no added fat",977,977,13.1,0.3,0.3,0,0,3.96,6.63,1.75,74.34,29,1
"Chicken, drumstick, flesh, skin & fat, baked, roasted, fried, grilled or BBQ'd, fat not further defined",940,940,14.8,0,0,0,0,4.1,7.56,2.31,77.2,83,1
"Chicken, drumstick, flesh, skin & fat, boiled, casseroled, microwaved, poached, steamed or stewed, with or without added fat",898,898,12,0,0,0,0,3.58,5.97,1.7,69.43,64,1
"Chicken, drumstick, flesh, skin & fat, coated, cooked, no added fat",1067,1059,11.7,15.2,15.2,14.4,0,3.27,5.66,2.04,62.29,72,2
"Chicken, drumstick, flesh, skin & fat, coated, cooked, fat not further defined",1136,1129,14.1,14.4,14.4,13.6,0,3.66,7.12,2.47,80.24,36,2
"Chicken, drumstick, flesh, skin & fat, coated, fast food chain, fried, undefined fat",1082,1077,16.2,9.9,9.9,9.3,0,3.52,8.41,3.39,89.76,73,2
"Chicken, drumstick, flesh, skin & fat, marinated, baked, roasted, fried, grilled or BBQ'd, no added fat",864,863,11.4,5,5,0.8,0,3.38,5.59,1.72,54.02,23,1
"Chicken, feet, boiled, casseroled, microwaved, poached or steamed, with or without added fat",870,870,14.6,0,0,0,0,4.42,6.21,3.12,82.78,32,1
"Chicken, fillet or kebab, flesh, raw",467,467,3.3,0,0,0,0,1,1.53,0.55,17.73,80,1
"Chicken, fillet or kebab, flesh, baked, roasted, fried, stir-fried, grilled or BBQ'd, no added fat, no added marinade",623,623,4.4,0,0,0,0,1.34,2.04,0.74,23.64,17,1
"Chicken, fillet or kebab, flesh, baked, roasted, fried, stir-fried, grilled or BBQ'd, butter or dairy blend, no added marinade",689,689,6.4,0,0,0,0,2.51,2.53,0.89,124.6,28,1
"Chicken, fillet or kebab, flesh, baked, roasted, fried, stir-fried, grilled or BBQ'd, canola oil, no added marinade",709,709,7,0,0,0,0,1.5,3.59,1.48,23.93,13,1
"Chicken, fillet or kebab, flesh, baked, roasted, fried, stir-fried, grilled or BBQ'd, olive oil, no added marinade",709,709,7,0,0,0,0,1.72,3.9,0.96,23.16,37,1
"Chicken, fillet or kebab, flesh, baked, roasted, fried, stir-fried, grilled or BBQ'd, other oil, no added marinade",709,709,7,0,0,0,0,1.67,2.99,1.9,75.68,94,1
"Chicken, fillet or kebab, flesh, baked, roasted, fried, stir-fried, grilled or BBQ'd, fat not further defined, no added marinade",707,707,6.9,0,0,0,0,1.75,3.56,1.2,42.46,39,1
"Chicken, fillet or kebab, flesh, boiled, steamed, poached, stewed, casseroled or microwaved, with or without added fat, no added marinade",713,713,6.1,0,0,0,0,1.65,3,1.04,35.41,51,1
"Chicken, fillet or kebab, flesh, coated, cooked, no added fat, no added marinade",877,870,5.2,15.2,15.2,14.4,0,1.35,2.39,1.13,33.93,28,1
"Chicken, fillet or kebab, coated, cooked, fat not further defined, no added marinade",1131,1124,13.3,14.4,14.4,13.6,0,3.45,6.71,2.28,70.66,62,2
"Chicken, fillet or kebab, flesh, skin & fat, raw",814,814,13.8,0,0,0,0,4.22,6.88,1.89,52.72,57,1
"Chicken, fillet or kebab, flesh, skin & fat, baked, roasted, fried, stir-fried, grilled or BBQ'd, no added fat, no added marinade",1085,1085,18.4,0,0,0,0,5.62,9.17,2.52,70.3,31,2
"Chicken, fillet or kebab, flesh, skin & fat, baked, roasted, fried, stir-fried, grilled or BBQ'd, fat not further defined, no added marinade",1160,1160,20.7,0,0,0,0,5.95,10.55,2.95,88.19,22,2
"Chicken, fillet or kebab, flesh, skin & fat, boiled, casseroled, microwaved, poached, steamed or stewed, with or without added fat, no added marinade",1203,1203,21,0,0,0,0,6.2,10.57,2.92,84.9,63,2
"Chicken, fillet or kebab, raw, not further defined",640,640,8.6,0,0,0,0,2.61,4.21,1.22,35.23,27,1
"Chicken kebab, marinated, baked, roasted, fried, grilled or BBQ'd, no added fat",635,635,3.2,5,5,0.8,0,0.95,1.46,0.58,15.74,38,1
"Chicken kebab, marinated, baked, roasted, fried, grilled or BBQ'd, fat not further defined",717,717,5.8,4.5,4.5,0.7,0,1.38,3,1.05,34.78,35,1
"Chicken, maryland, flesh, raw",494,494,4.9,0,0,0,0,1.46,2.36,0.82,25.54,51,1
"Chicken, maryland, flesh, baked, roasted, fried, grilled or BBQ'd, no added fat",659,659,6.6,0,0,0,0,1.95,3.14,1.09,34.05,98,1
"Chicken, maryland, flesh, baked, roasted, fried, grilled or BBQ'd, fat not further defined",743,743,9,0,0,0,0,2.35,4.64,1.55,52.66,98,1
"Chicken, maryland, flesh, coated, cooked, no added fat",899,892,7.1,14.7,14.7,13.9,0,1.88,3.32,1.42,41.25,7,1
"Chicken, maryland, flesh, coated, cooked, fat not further defined",969,962,9.5,14,14,13.2,0,2.28,4.76,1.85,58.9,72,1
"Chicken, maryland, flesh, skin & fat, raw",822,822,14.7,0,0,0,0,4.46,7.33,2.05,59.19,33,1
"Chicken, maryland, flesh, skin & fat, baked, roasted, fried, grilled or BBQ'd, no added fat",1096,1096,19.6,0,0,0,0,5.95,9.78,2.73,78.92,30,2
"Chicken, maryland, flesh, skin & fat, baked, roasted, fried, grilled or BBQ'd, fat not further defined",1171,1171,21.8,0,0,0,0,6.27,11.14,3.16,96.64,55,2
"Chicken, maryland, flesh, skin & fat, boiled, casseroled, microwaved, poached, steamed or stewed, with or without added fat",1214,1214,22.2,0,0,0,0,6.54,11.2,3.16,94.05,78,2
"Chicken, maryland, flesh, skin & fat, coated, cooked, no added fat",1255,1248,17.4,15.2,15.2,14.4,0,5.04,8.58,2.73,78.15,54,2
"Chicken, mince, raw",567,567,6,1.1,1.1,1,0,1.81,2.88,0.97,34.02,94,1
"Chicken, mince, baked, roasted, fried, stir-fried, grilled or BBQ'd, no added fat",756,756,8,1.5,1.5,1.3,0,2.41,3.84,1.29,45.36,70,1
"Chicken, mince, baked, roasted, fried, stir-fried, grilled or BBQ'd, fat not further defined",838,838,10.5,1.4,1.4,1.3,0,2.8,5.32,1.75,63.75,47,1
"Chicken, bite-size pieces, coated, fast food chain, fried, fat not further defined",1199,1194,19.7,10.1,10.1,9.6,0,7.14,7.35,4.02,255.05,52,2
"Chicken, breast strip, coated, fast food chain, fried, fat not further defined",963,956,10,13.1,13.1,12.2,0,1.65,5.34,2.37,65.29,80,1
"Chicken, finger or chip, purchased frozen, baked, roasted, fried, grilled or BBQ'd, no added fat",1117,1109,14.2,21.5,21.5,15.2,0,4.01,4.8,4.51,40.26,48,2
"Chicken, nugget, purchased frozen, baked, roasted, fried, grilled or BBQ'd, with or without added fat",1172,1163,17.6,17.3,17.3,16.5,0,4.97,5.95,5.59,49.9,60,2
"Chicken, nugget, purchased from takeaway chain, fried, canola oil",1098,1089,15.6,17.3,17.3,16.5,0,2.34,9.55,2.69,84.14,86,2
"Chicken, nugget, purchased from independent & chain takeaway outlets, fried, undefined oil",1106,1097,15.8,17.3,17.3,16.5,0,5.64,6.03,3.13,205.17,58,2
"Chicken, nugget, purchased from takeaway chain, grilled",818,808,5.9,19.9,19.9,19,0,1.19,2.94,1.43,49.27,57,1
"Chicken piece, flesh, skin & fat, coated, fast food outlet, fried, undefined oil",1211,1207,20,9.5,9.5,8.9,0,4.74,10.34,3.78,104.02,28,2
"Chicken, separable fat, composite, raw",2392,2392,62.3,0,0,0,0,18.96,31.56,8.01,117.75,39,2
"Chicken, separable fat, composite, boiled, casseroled, microwaved, poached, steamed or stewed, no added fat",1862,1862,43.8,0,0,0,0,13.33,22.19,5.63,248.35,94,2
"Chicken, separable fat, composite, baked or roasted, no added fat",1891,1891,46.6,0,0,0,0,14.71,23.47,5.72,264.22,6,2
"Chicken, skin, composite, raw",1515,1515,35.1,0,0,0,0,10.75,17.65,4.61,199.02,6,2
"Chicken, skin, composite, baked or roasted, no added fat",1818,1818,38.9,0,0,0,0,11.84,19.78,5.15,220.56,80,2
"Chicken, skin, composite, boiled, casseroled, microwaved, poached, steamed or stewed, no added fat",1742,1742,38.8,0,0,0,0,11.44,19.84,5.24,220,23,2
"Chicken, thigh, flesh, raw",496,496,5,0,0,0,0,1.51,2.4,0.81,28.35,45,1
"Chicken, thigh, flesh, baked, roasted, fried, grilled or BBQ'd, no added fat",733,733,8.7,0,0,0,0,2.69,4.3,1.22,49.33,68,1
"Chicken, thigh, flesh, baked, roasted, fried, grilled or BBQ'd, fat not further defined",745,745,9.2,0,0,0,0,2.41,4.7,1.54,56.34,87,1
"Chicken, thigh, flesh, boiled, casseroled, microwaved, poached, steamed or stewed, with or without added fat",810,810,9.8,0,0,0,0,3.05,4.86,1.35,55.57,53,1
"Chicken, thigh, flesh, coated, baked, roasted, fried, grilled or BBQ'd, no added fat",908,900,7.1,15.2,15.2,14.4,0,1.89,3.32,1.4,45.26,78,1
"Chicken, thigh, flesh, coated, baked, roasted, fried, grilled or BBQ'd, fat not further defined",1021,1014,10.8,14.4,14.4,13.6,0,2.49,5.56,2.08,72.69,61,2
"Chicken, thigh, flesh, skin & fat, raw",940,940,18.3,0,0,0,0,5.57,9.16,2.48,69.1,59,1
"Chicken, thigh, flesh, skin & fat, baked, roasted, fried, grilled or BBQ'd, no added fat",940,940,14.7,0,0,0,0,4.54,7.38,1.98,83.48,27,1
"Chicken, thigh, flesh, skin & fat, baked, roasted, fried, grilled or BBQ'd, fat not further defined",1325,1325,26.5,0,0,0,0,7.71,13.52,3.72,109.59,39,2
"Chicken, thigh, flesh, skin & fat, boiled, casseroled, microwaved, poached, steamed or stewed, with or without added fat",1023,1023,16.5,0,0,0,0,4.88,8.39,2.29,95.17,44,2
"Chicken, thigh, flesh, skin & fat, coated, fast food chain, fried, undefined fat",1353,1348,24.4,9.9,9.9,9.3,0,6.06,12.59,4.38,112.5,46,2
"Chicken, thigh fillets, flesh & some fat, raw",608,608,8.4,0,0,0,0,2.53,4.12,1.23,33.61,17,1
"Chicken, wing, flesh, raw",470,470,4.1,0,0,0,0,1.24,1.98,0.65,23.25,77,1
"Chicken, wing, flesh, baked, roasted, fried, grilled or BBQ'd, no added fat",810,810,7.7,0,0,0,0,2.35,3.86,1.06,43.66,44,1
"Chicken, wing, flesh, baked, roasted, fried, grilled or BBQ'd, fat not further defined",711,711,8,0,0,0,0,2.06,4.14,1.34,49.67,31,1
"Chicken, wing, flesh, boiled, casseroled, microwaved, poached, steamed or stewed, with or without added fat",800,800,8.8,0,0,0,0,2.74,4.42,1.13,49.9,94,1
"Chicken, wing, flesh, coated, baked, roasted, fried, grilled or BBQ'd, no added fat",880,872,6.1,15.2,15.2,14.4,0,1.6,2.87,1.24,39.81,78,1
"Chicken, wing, flesh, skin & fat, raw",917,917,17.4,0,0,0,0,5.32,8.7,2.35,94.58,68,1
"Chicken, wing, flesh, skin & fat, baked, roasted, fried, grilled or BBQ'd, no added fat",1097,1097,16.7,0,0,0,0,5.09,8.44,2.23,94.55,29,2
"Chicken, wing, flesh, skin & fat, baked, roasted, fried, grilled or BBQ'd, fat not further defined",1295,1295,25.4,0,0,0,0,7.38,12.93,3.55,142.88,74,2
"Chicken, wing, flesh, skin & fat, boiled, casseroled, microwaved, poached, steamed or stewed, with or without added fat",1090,1090,18,0,0,0,0,5.31,9.24,2.44,103.98,92,2
"Chicken, wing, flesh, skin & fat, coated, baked, roasted, fried, grilled or BBQ'd, no added fat",1357,1350,20.3,15.2,15.2,14.4,0,5.95,10.04,3.05,115.9,62,2
"Chicken, wing, flesh, skin & fat, coated, baked, roasted, fried, grilled or BBQ'd, fat not further defined",1423,1416,22.6,14.4,14.4,13.6,0,6.3,11.45,3.47,133.18,100,2
"Chicken, wing, flesh, skin & fat, coated, fast food chain, fried, undefined fat",1332,1327,23.6,9.9,9.9,9.3,0,5.82,12.18,4.26,135.88,70,2
"Chicken, wing, flesh, skin & fat, purchased frozen, breadcrumb coating, baked, roasted, fried, grilled or BBQ'd, with or without added fat",1388,1383,24.1,9.4,9.4,8.7,0,6.48,12.27,3.89,136.44,18,2
"Chicken, whole, lean flesh, baked, roasted, fried, grilled or BBQ'd, no added fat",626,626,4.6,0,0,0,0,1.38,2.14,0.78,23.21,87,1
"Chicken, whole, flesh, skin & fat, raw",778,778,12.8,0,0,0,0,3.91,6.38,1.78,53.59,13,1
"Chicken, whole, flesh, skin & fat, baked, roasted, fried, grilled or BBQ'd, no added fat",1037,1037,17.1,0,0,0,0,5.21,8.5,2.37,71.45,78,2
"Chicken, whole, flesh, skin & fat, coated, baked, roasted, fried, grilled or BBQ'd, no added fat",1208,1201,15.4,15.2,15.2,14.4,0,4.45,7.56,2.44,72.18,68,2
"Chicken, flesh, raw",454,454,2.6,0,0,0,0,0.78,1.16,0.45,12.42,59,1
"Chicken, flesh, baked, roasted, fried, grilled or BBQ'd, no added fat",605,605,3.4,0,0,0,0,1.04,1.54,0.6,16.56,6,1
"Chicken, flesh, baked, roasted, fried, grilled or BBQ'd, fat not further defined",690,690,6,0,0,0,0,1.46,3.07,1.07,35.52,62,1
"Chicken, flesh, boiled, steamed, poached, stewed, casseroled or microwaved, with or without added fat",694,694,5,0,0,0,0,1.33,2.47,0.89,27.9,22,1
"Chicken, flesh, coated, baked, roasted, fried, grilled or BBQ'd, no added fat",863,856,4.5,15.2,15.2,14.4,0,1.11,1.99,1.02,28.27,65,1
"Chicken, for use in hamburgers, cooked",829,826,8.4,5.4,5.4,4.8,0,1.84,3.74,2.21,82.38,21,1
"Chicken, for use in kebabs, cooked",1089,1087,19.3,1.3,1.3,0.4,0,5.75,9.49,2.88,78.57,98,2
"Chicken, for use as a sandwich filling, not further defined",585,584,3.7,2.5,2.5,2.4,0,0.99,1.82,0.69,20.39,100,1
"Chicken, for use as subway sandwich filling",612,611,4.7,1.2,1.2,1.1,0,1.44,2.13,0.81,24.19,42,1
"Chicken, kiev, purchased frozen with breadcrumb coating, baked, roasted, fried, grilled or BBQ'd, cooked with or without added fat",1350,1339,20.5,18.1,18.1,17,0,8.76,6.05,3.64,809.93,30,2
"Chicken, kiev, homemade from basic ingredients, baked, roasted, fried, grilled or BBQ'd, no added fat",1271,1262,17.3,13.9,13.9,13.1,0,9.69,4.43,1.22,806.85,66,2
"Chicken, kiev, homemade from basic ingredients, baked, roasted, fried, grilled or BBQ'd, fat not further defined",1347,1338,19.7,13.6,13.6,12.9,0,9.95,5.98,1.71,810.19,17,2
"Chicken, schnitzel, breadcrumb coating, baked, roasted, fried, grilled or BBQ'd, no added fat",911,905,7.5,13.3,13.3,12.7,0,1.63,3.65,1.66,41.42,25,1
"Chicken, schnitzel, breadcrumb coating, baked, roasted, fried, grilled or BBQ'd, butter, dairy blend or margarine",1073,1067,12.7,12.6,12.6,12,0,4.74,4.86,2.01,309.44,32,2
"Chicken, schnitzel, breadcrumb coating, baked, roasted, fried, grilled or BBQ'd, canola oil",1126,1120,14.2,12.6,12.6,12,0,2.06,7.67,3.59,41.25,75,2
"Chicken, schnitzel, breadcrumb coating, baked, roasted, fried, grilled or BBQ'd, olive oil",1126,1120,14.2,12.6,12.6,12,0,2.63,8.51,2.19,39.21,24,2
"Chicken, schnitzel, breadcrumb coating, baked, roasted, fried, grilled or BBQ'd, other oil",1126,1120,14.2,12.6,12.6,12,0,2.5,6.08,4.7,179.11,70,2
"Chicken, schnitzel, breadcrumb coating, baked, roasted, fried, grilled or BBQ'd, fat not further defined",1121,1115,14.1,12.6,12.6,12,0,2.72,7.61,2.85,90.61,78,2
"Meatball or rissole, chicken mince, homemade from basic ingredients, raw",574,569,5.3,6.1,6.1,5.1,0,1.54,2.42,0.91,27.83,43,1
"Meatball or rissole, chicken mince, homemade, baked, roasted, fried, grilled or BBQ'd, no added fat",786,779,7.2,8.4,8.4,7,0,2.12,3.31,1.24,38.13,19,1
"Meatball or rissole, chicken mince, homemade, baked, roasted, fried, grilled or BBQ'd, fat not further defined",870,863,9.8,8.2,8.2,6.9,0,2.53,4.84,1.71,57.19,16,1
"Meatball or rissole, chicken mince, commercial, breadcrumb coating, cooked, fat not further defined",1079,1069,14.1,16.2,16.2,14.9,0,2.85,7.45,2.81,88.44,32,2
"Turkey, breast, lean, raw",490,490,3.3,0,0,0,0,0.89,0.92,1.31,14.66,83,1
"Turkey, breast, lean, baked, roasted, fried, grilled or BBQ'd, no added fat",648,648,4,0,0,0,0,1.08,1.12,1.58,17.77,7,1
"Turkey, breast, lean, baked, roasted, fried, grilled or BBQ'd, fat not further defined",737,737,6.9,0,0,0,0,1.6,2.76,2.19,38.44,60,1
"Turkey, breast, lean, breadcrumb coating, baked, roasted, fried, grilled or BBQ'd, fat not further defined",973,966,7.7,14.4,14.4,13.6,0,1.64,3.25,2.37,49,98,1
"Turkey, breast, lean, skin & fat, raw",663,663,8.5,0,0,0,0,2.39,2.57,3.12,37.97,42,1
"Turkey, breast, lean, skin & fat, baked, roasted, fried, grilled or BBQ'd, no added fat",825,825,13,0,0,0,0,3.9,4.47,3.42,57.53,79,1
"Turkey, hindquarter, lean, raw",510,510,5.3,0,0,0,0,1.82,1.99,1.18,30.05,75,1
"Turkey, hindquarter, lean, baked, roasted, fried, grilled or BBQ'd, no added fat",714,714,7,0,0,0,0,2.41,2.63,1.55,39.69,6,1
"Turkey, hindquarter, lean, skin & fat, raw",782,782,12.6,0,0,0,0,4.3,4.86,2.7,71.42,40,1
"Turkey, hindquarter, lean, skin & fat, baked, roasted, fried, grilled or BBQ'd, no added fat",911,911,12.9,0,0,0,0,4.4,4.95,2.78,72.98,35,1
"Turkey, hindquarter, lean, skin & fat, baked, roasted, fried, grilled or BBQ'd, fat not further defined",1119,1119,19.1,0,0,0,0,6.06,7.92,4.02,112.61,86,2
"Turkey, hindquarter, lean, skin & fat, boiled, casseroled, microwaved, poached, steamed or stewed, with or without added fat",773,773,8.9,0,0,0,0,2.81,3.65,1.92,52.84,89,1
"Turkey, whole, lean, baked, roasted, fried, grilled or BBQ'd, no added fat",666,666,5.7,0,0,0,0,1.81,1.94,1.66,29.8,71,1
"Turkey, whole, lean, boiled, casseroled, microwaved, poached, steamed or stewed, with or without added fat",759,759,7.5,0,0,0,0,2.16,2.9,2.01,41.95,65,1
"Turkey, whole, lean, skin & fat, baked, roasted, fried, grilled or BBQ'd, no added fat",964,964,14.1,0,0,0,0,4.46,4.96,3.88,72.92,33,1
"Turkey, wild caught, lean, skin & fat, cooked",964,964,14.1,0,0,0,0,4.46,4.96,3.88,72.92,44,1
"Duck, lean, raw",506,506,5.5,0,0,0,0,1.71,2.72,0.76,24.43,100,1
"Duck, lean, baked, roasted, fried, grilled or BBQ'd, no added fat",765,765,9.5,0,0,0,0,2.95,4.7,1.31,53.86,71,1
"Duck, lean, baked, roasted, fried, stir-fried, grilled or BBQ'd, fat not further defined",759,759,9.8,0,0,0,0,2.68,5.12,1.47,51.22,49,1
"Duck, lean, boiled, casseroled, microwaved, poached, steamed or stewed, no added fat",723,723,7.9,0,0,0,0,2.44,3.89,1.08,34.9,21,1
"Duck, skin & fat, raw",2352,2352,59.2,0,0,0,0,18.13,30.77,7.1,335.66,83,2
"Duck, skin & fat, baked or roasted, fried, grilled or BBQ'd, no added fat",2016,2016,48.3,0,0,0,0,14.79,25.1,5.8,273.86,87,2
"Duck, lean, skin & fat, raw",1585,1585,36.9,0,0,0,0,11.31,19.12,4.47,206.38,94,2
"Duck, lean, skin & fat, baked, roasted, fried, grilled or BBQ'd, no added fat",2114,2114,49.2,0,0,0,0,15.08,25.49,5.96,275.18,21,2
"Duck, lean, skin & fat, baked, roasted, fried, grilled or BBQ'd, fat not further defined",2168,2168,50.8,0,0,0,0,15.21,26.54,6.32,288.97,82,2
"Duck, lean, skin & fat, coated, baked, roasted, fried, grilled or BBQ'd, with or without added fat",2127,2120,43.1,14.4,14.4,13.6,0,12.62,22.42,5.7,250.95,37,2
"Goose, wild caught, flesh, raw",616,616,4.6,2,2,2,0,1.36,2.17,0.53,19.46,19,1
"Goose, wild caught, flesh, cooked",849,849,6.3,2.8,2.8,2.8,0,1.88,2.99,0.73,26.84,8,1
"Quail, flesh & skin, raw",722,722,11,0,0,0,0,3.3,4.52,2.57,62.37,8,1
"Quail, flesh & skin, baked, roasted, fried, grilled or BBQ'd, no added fat",826,826,9.6,0,0,0,0,2.88,3.95,2.24,54.43,60,1
"Quail, flesh & skin, baked, roasted, fried, grilled or BBQ'd, fat not further defined",1040,1040,17,0,0,0,0,4.74,7.47,3.84,100.79,29,2
"Buffalo, swamp, cube roll, raw",507,507,2.5,0,0,0,0,1.04,0.86,0.38,77.86,83,1
"Buffalo, swamp, topside, raw",448,448,0.8,0,0,0,0,0.33,0.24,0.16,24.92,18,1
"Buffalo, riverine, cube roll, raw",650,650,6.6,0,0,0,0,3.7,2.05,0.51,213.85,38,1
"Buffalo, riverine, topside, raw",496,496,2.2,0,0,0,0,1.06,0.7,0.24,68.52,24,1
"Buffalo, wild caught, cooked",657,657,3.8,0,0,0,0,1.92,1.21,0.4,120.36,79,1
"Camel, cube roll, raw",630,630,7.7,0,0,0,0,4.37,2.44,0.42,249.5,97,1
"Camel, rump, raw",475,475,3,0,0,0,0,1.31,1.03,0.37,93.43,95,1
"Crocodile, tail fillet, raw",442,442,1.6,0,0,0,0,0.47,0.64,0.36,6.89,48,1
"Crocodile, back leg, raw",455,455,2.2,0,0,0,0,0.64,0.82,0.55,9.47,46,1
"Crocodile, cooked",748,748,3.2,0,0,0,0,0.93,1.22,0.75,13.63,16,1
"Echidna, wild caught, flesh, raw",552,552,5.1,0,0,0,0,1.47,1.46,1.71,79.42,24,1
"Echidna, wild caught, flesh, cooked",789,789,7.3,0,0,0,0,2.1,2.09,2.45,113.45,48,1
"Emu, fan fillet, raw",486,486,1.8,0,0,0,0,0.64,0.68,0.36,8,32,1
"Emu, steak, raw",504,504,1.9,0,0,0,0,0.65,0.71,0.42,8.44,17,1
"Emu, fillet or steak, baked, roasted, fried, stir-fried, grilled or BBQ'd, no added fat",660,660,2.5,0,0,0,0,0.86,0.92,0.52,10.96,70,1
"Goanna, wild caught, flesh, cooked",729,729,4.4,2,2,2,0,1.12,1.46,1.35,18.61,46,1
"Goat, forequarter, separable lean, raw",432,432,1.8,0,0,0,0,0.72,0.72,0.12,36.07,68,1
"Goat, separable fat (composite), raw",1855,1855,44.6,0,0,0,0,24.29,15.6,1,1273.68,90,2
"Goat, flesh, raw",533,533,4.8,0,0,0,0,2.4,1.78,0.18,123.94,66,1
"Goat, cooked, with or without added fat",705,705,7.2,0,0,0,0,3.17,2.93,0.45,162.42,25,1
"Insect, wild caught, raw",1159,1112,2,62.7,62.7,2,0,0,0,0,0,12,2
"Kangaroo, rump, raw",373,373,0.8,0,0,0,0,0.22,0.22,0.24,10.99,96,1
"Kangaroo, rump, baked, roasted, fried, grilled or BBQ'd, no added fat",669,669,2.5,0,0,0,0,0.93,0.99,0.38,36.64,75,1
"Kangaroo, loin fillet, raw",397,397,0.9,0,0,0,0,0.26,0.26,0.3,14.02,49,1
"Kangaroo, loin fillet, baked, roasted, fried, grilled or BBQ'd, no added fat",566,566,1.2,0,0,0,0,0.38,0.36,0.36,18.69,99,1
"Kangaroo, loin fillet, baked, roasted, fried, grilled or BBQ'd, fat not further defined",563,563,3.5,0,0,0,0,0.71,1.73,0.8,34.4,54,1
"Kangaroo, loin fillet, boiled, casseroled, microwaved, poached, steamed or stewed, fat not further defined",577,577,3.6,0,0,0,0,0.73,1.78,0.82,35.26,83,1
"Kangaroo, tail, raw",381,381,1.1,0,0,0,0,0.29,0.54,0.12,54.41,60,1
"Kangaroo, tail, cooked",464,464,1.3,0,0,0,0,0.36,0.66,0.15,66.35,14,1
"Kangaroo, wild caught, flesh, cooked",469,469,1,0,0,0,0,0.29,0.29,0.33,15.25,71,1
"Kangaroo, wild caught, flesh & organs, cooked",511,511,1.9,0.2,0.2,0,0,0.62,0.5,0.46,53.04,16,1
"Kangaroo, wild caught, tail, cooked",464,464,1.3,0,0,0,0,0.36,0.66,0.15,66.35,28,1
"Meatball or rissole, kangaroo mince, cooked, with or without added fat",482,479,2,0.9,0.9,0,0,0.53,0.76,0.43,14.17,88,1
"Mutton-bird, cooked",884,884,13.8,1,1,0,0,4.2,7.69,0.8,78.25,46,1
"Ostrich, fan fillet, raw",424,424,0.7,0,0,0,0,0.22,0.25,0.2,3.11,36,1
"Ostrich, moon steak, raw",455,455,1.4,0,0,0,0,0.46,0.52,0.34,6.22,97,1
"Pigeon (squab), whole, raw",1219,1219,25.5,0,0,0,0,6.84,14.19,2.99,113.26,84,2
"Possum, wild caught, flesh, cooked",701,701,3.5,0,0,0,0,1,0.99,1.13,53.55,22,1
"Rabbit, farmed, whole, raw",472,472,2.1,0,0,0,0,0.77,0.6,0.53,9.04,65,1
"Rabbit, flesh, boiled, casseroled, microwaved, poached, steamed, or stewed, no added fat",712,712,5.7,0.2,0.2,0,0,2.33,1.28,1.6,24.54,28,1
"Venison, diced, lean, raw",415,415,1.1,0,0,0,0,0.47,0.31,0.15,34.26,33,1
"Venison, diced, lean, baked, roasted, fried, stir-fried, grilled or BBQ'd, no added fat",539,539,1.7,0,0,0,0,0.72,0.48,0.23,52.94,42,1
"Venison, leg medallion, lean, raw",457,457,1.5,0,0,0,0,0.65,0.43,0.21,47.65,25,1
"Venison, leg medallion, lean, baked, roasted, fried, stir-fried, grilled or BBQ'd, no added fat",549,549,1.6,0,0,0,0,0.7,0.46,0.22,51.39,82,1
"Venison, leg medallion, lean, baked, roasted, fried, stir-fried, grilled or BBQ'd, fat not further defined",634,634,4.2,0,0,0,0,1.18,1.94,0.69,74.59,52,1
"Venison, mince, premium, raw",465,465,2.9,0,0,0,0,1.57,0.75,0.16,91.25,69,1
"Venison, mince, premium, baked, roasted, fried, stir-fried, grilled or BBQ'd, no added fat",644,644,3.7,0,0,0,0,1.98,0.95,0.2,115.23,15,1
"Venison, stir fry strips, lean, raw",439,439,1,0,0,0,0,0.45,0.3,0.14,32.7,53,1
"Venison, stir fry strips, lean, baked, roasted, fried, stir-fried, grilled or BBQ'd, no added fat",654,654,1.5,0,0,0,0,0.64,0.42,0.2,46.72,35,1
"Meat, wild caught, cooked",684,684,4.2,0.8,0.8,0.8,0,1.42,1.46,1.01,39.51,52,1
"Beef, heart, raw",420,420,3,0,0,0,0,1.15,0.65,0.55,118.35,58,1
"Beef, heart, simmered or boiled, no added fat",627,627,2.6,0,0,0,0,1,0.57,0.5,96.42,87,1
"Beef, liver, raw",704,704,8.6,2.7,2.7,0,0,2.82,2.08,1.45,318.63,76,1
"Beef, liver, simmered or boiled, no added fat",922,922,11.7,2.6,2.6,0,0,3.84,2.83,1.97,433.48,55,1
"Beef, kidney, raw",369,369,1.6,0,0,0,0,0.62,0.36,0.22,59.76,82,1
"Beef, kidney, simmered or boiled, no added fat",566,566,2.7,0,0,0,0,1.04,0.61,0.37,100.84,10,1
"Beef, tail, raw",1287,1287,26.8,0,0,0,0,10.27,12.6,0.88,1243.52,14,2
"Beef, tail, simmered or boiled, no added fat",1453,1453,29.3,0,0,0,0,11.23,13.78,0.96,1359.52,14,2
"Beef, tongue, raw",833,833,14.6,0,0,0,0,6.86,5.51,0.75,686.93,75,1
"Beef, tongue, simmered or boiled, no added fat",1289,1289,25.1,0,0,0,0,11.79,9.48,1.29,1180.96,31,2
"Beef, tripe, raw",302,302,2.1,0,0,0,0,0.94,0.72,0.09,91.77,100,1
"Beef, tripe, simmered or boiled, no added fat",348,348,2.8,0,0,0,0,1.25,0.96,0.12,122.36,74,1
"Black pudding, raw",1086,1081,19.6,4.3,4.3,3.9,0,6.81,8.93,1.56,901.6,85,2
"Black pudding, fried, grilled, BBQ'd or baked, fat not further defined",1440,1433,26.8,5.3,5.3,4.8,0,8.86,12.56,2.39,1136.76,60,2
"Chicken, liver, raw",466,466,4.8,0,0,0,0,1.34,1.07,1.06,71.58,26,1
"Chicken, liver, fried, baked, grilled or BBQ'd, added fat",657,657,6.5,0,0,0,0,1.78,1.13,2.08,241.2,55,1
"Lamb, brain, raw",505,505,8,0,0,0,0,2.22,1.22,1.04,224.4,6,1
"Lamb, brain, simmered or boiled, no added fat",565,565,9.4,0,0,0,0,2.61,1.44,1.22,263.67,48,1
"Lamb, heart, raw",510,510,5.6,0,0,0,0,2.34,1.47,0.62,220.92,52,1
"Lamb, heart, baked or roasted, no added fat",770,770,7.9,0,0,0,0,3.3,2.07,0.88,311.66,30,1
"Lamb, intestine, simmered or boiled, no added fat",348,348,2.8,0,0,0,0,1.25,0.96,0.12,122.36,40,1
"Lamb, kidney, raw",383,383,2.5,0,0,0,0,0.85,0.54,0.48,93.38,10,1
"Lamb, kidney, simmered or boiled, no added fat",611,611,4.3,0,0,0,0,1.46,0.92,0.82,160.6,76,1
"Lamb, liver, raw",680,680,7.5,2.3,2.3,0,0,2.22,2.04,1.26,277.88,20,1
"Lamb, liver, fried, grilled or BBQ'd, no added fat",1012,1012,13.7,3.2,3.2,0,0,4.05,3.73,2.3,507.58,93,2
"Lamb, liver, fried, grilled or BBQ'd, fat not further defined",902,902,11.4,2.7,2.7,0,0,3.05,3.86,1.95,349.74,43,1
"Lamb, tongue, raw",834,834,15.5,0,0,0,0,6.02,7.08,0.89,729.28,13,1
"Lamb, tongue, simmered or boiled, no added fat",1158,1158,20.4,0,0,0,0,7.93,9.32,1.17,959.82,65,2
"Veal, heart, raw",429,429,3.1,0,0,0,0,1.15,0.82,0.47,122.3,84,1
"Veal, heart, baked or roasted, no added fat",762,762,5.9,0,0,0,0,2.19,1.57,0.89,232.76,92,1
"Veal, kidney, raw",448,448,4.1,0,0,0,0,1.51,1.03,0.53,153.14,98,1
"Veal, kidney, fried, grilled or BBQ'd, no added fat",702,702,6.7,0,0,0,0,2.47,1.69,0.87,250.24,60,1
"Veal, liver, raw",567,567,5.5,3,3,0,0,1.85,1.16,1.06,203.78,70,1
"Veal, liver, fried, grilled or BBQ'd, no added fat",786,786,8.1,1.6,1.6,0,0,2.72,1.7,1.56,300.1,23,1
"Bacon, breakfast rasher, raw",403,398,3.4,1.4,1.4,0.7,0,1.2,1.57,0.32,21.66,79,1
"Bacon, breakfast rasher, baked, roasted or fried, no added fat",646,637,5.8,3.1,3.1,1.3,0,2.05,2.68,0.55,36.95,80,1
"Bacon, breakfast rasher, grilled or BBQ'd, no added fat",591,583,4.5,2.4,2.4,0.6,0,1.59,2.08,0.42,28.66,73,1
"Bacon, 97% fat free, raw",407,401,2,0.8,0.8,0,0,0.71,0.92,0.19,12.74,40,1
"Bacon, 97% fat free, baked, roasted, fried, grilled or BBQ'd, with or without added fat",543,535,2.7,1.1,1.1,0,0,0.94,1.23,0.25,16.99,76,1
"Bacon, middle rasher or shortcut, fully-trimmed, raw",572,572,5.5,0.4,0.4,0,0,2.04,2.55,0.42,35.04,89,1
"Bacon, middle rasher or shortcut, fully-trimmed, fried or stir-fried, no added fat",953,953,10.9,1,1,0,0,4.04,5.05,0.84,69.43,46,1
"Bacon, middle rasher or shortcut, fully-trimmed, baked, roasted, grilled or BBQ'd, no added fat",998,998,11.3,0.9,0.9,0,0,4.19,5.24,0.87,71.98,66,1
"Bacon, middle rasher or shortcut, fully-trimmed, baked, roasted, fried, grilled or BBQ'd, butter, dairy blend or margarine spread",827,827,9.3,0.5,0.5,0,0,3.86,3.86,0.72,147.21,17,1
"Bacon, middle rasher or shortcut, fully-trimmed, baked, roasted, fried, stir-fried, grilled or BBQ'd, canola oil",846,846,9.9,0.5,0.5,0,0,2.86,4.91,1.32,46.54,100,1
"Bacon, middle rasher or shortcut, fully-trimmed, baked, roasted, fried, grilled or BBQ'd, olive oil",846,846,9.9,0.5,0.5,0,0,3.07,5.23,0.79,45.78,86,1
"Bacon, middle rasher or shortcut, fully-trimmed, baked, roasted, fried, stir-fried, grilled or BBQ'd, other oil",846,846,9.9,0.5,0.5,0,0,3.02,4.31,1.73,98.29,91,1
"Bacon, middle rasher or shortcut, fully-trimmed, baked, roasted, fried, grilled or BBQ'd, fat not further defined",845,845,9.8,0.5,0.5,0,0,3.1,4.89,1.04,65.07,61,1
"Bacon, middle rasher, semi-trimmed, raw",982,982,18.1,0.3,0.3,0,0,6.94,8.66,1.47,119.23,67,1
"Bacon, middle rasher, semi-trimmed, fried or stir-fried, no added fat",1351,1351,23.8,0.9,0.9,0,0,9.12,11.37,1.93,156.74,14,2
"Bacon, middle rasher, semi-trimmed, baked, roasted, grilled or BBQ'd, no added fat",1103,1103,14.7,0.9,0.9,0,0,5.61,7.01,1.18,96.5,51,2
"Bacon, middle rasher, semi-trimmed, baked, roasted, fried, grilled or BBQ'd, butter, dairy blend & margarine",1362,1362,25.8,0.4,0.4,0,0,10.26,11.85,2.08,257.22,97,2
"Bacon, middle rasher, semi-trimmed, baked, roasted, fried, grilled or BBQ'd, canola oil",1382,1382,26.3,0.4,0.4,0,0,9.26,12.9,2.68,156.56,44,2
"Bacon, middle rasher, semi-trimmed, baked, roasted, fried, grilled or BBQ'd, olive oil",1382,1382,26.3,0.4,0.4,0,0,9.47,13.22,2.15,155.79,70,2
"Bacon, middle rasher, semi-trimmed, baked, roasted, fried, stir-fried, grilled or BBQ'd, other oil",1382,1382,26.3,0.4,0.4,0,0,9.42,12.31,3.09,208.31,53,2
"Bacon, middle rasher, semi-trimmed, baked, roasted, fried, grilled or BBQ'd, fat not further defined",1380,1380,26.3,0.4,0.4,0,0,9.5,12.88,2.4,175.09,43,2
"Bacon, middle rasher, semi-trimmed, boiled, casseroled, microwaved, poached, steamed or stewed, no added fat",1310,1310,24.2,0.4,0.4,0,0,9.25,11.55,1.96,158.97,21,2
"Bacon, middle rasher, untrimmed, raw",1310,1310,28.2,0.3,0.3,0,0,10.95,13.62,2.34,188.23,17,2
"Bacon, middle rasher, untrimmed, baked, roasted, fried, grilled or BBQ'd, no added fat",1747,1747,37.6,0.3,0.3,0,0,14.6,18.16,3.12,250.97,50,2
"Bacon, middle rasher, untrimmed, baked, roasted, fried, grilled or BBQ'd, fat not further defined",1809,1809,39.5,0.3,0.3,0,0,14.75,19.36,3.54,265.25,83,2
"Bacon, middle rasher, untrimmed, boiled, casseroled, microwaved, poached, steamed or stewed, no added fat",1747,1747,37.6,0.3,0.3,0,0,14.6,18.16,3.12,250.97,14,2
"Bacon, middle rasher, fat only, grilled or BBQ'd",2747,2747,67.4,0.4,0.4,0,0,26.21,32.24,5.84,321.16,48,2
"Bacon, raw, used in baked products, not further defined",1091,1090,21.8,0.4,0.4,0.1,0,8.43,10.5,1.81,145.03,79,2
"Beef, corned, lean, cooked",425,425,3,0.2,0.2,0,0,1.27,1.34,0.12,95.28,99,1
"Beef, corned, 50% trimmed, cooked",537,537,6.3,0.2,0.2,0,0,2.8,2.88,0.2,202.13,24,1
"Beef, corned, 75% trimmed, cooked",639,639,9.3,0.2,0.2,0,0,4.15,4.28,0.37,299.62,36,1
"Beef, corned, lean & fat, cooked",639,639,9.3,0.2,0.2,0,0,4.15,4.28,0.37,299.62,29,1
"Beef, corned, canned",957,951,15.7,0.3,0.3,0,0,7.39,6.51,0.28,688.26,13,2
"Beef, corned, with cereal, canned",837,824,13.3,5,5,5,0,5.83,5.83,0.68,430.95,36,1
Berliner,953,945,18.2,1.8,1.8,0.7,0,6.57,9.68,1.09,468.56,16,1
"Braised steak & onions, canned, heated",264,257,1.6,4.5,4.5,3.5,0,0.72,0.64,0.05,55.94,84,1
Brawn,909,909,16.9,0,0,0,0,5.88,8.44,1.77,435.09,47,1
"Camp pie, canned",680,654,8.5,6.6,6.6,6.5,0,3.63,3.88,0.48,218.83,12,1
"Casserole or curry, meat & vegetables, canned, heated",311,292,2.6,7.1,7.1,5.7,0,1.19,1.06,0.17,66.94,15,1
"Chicken, processed luncheon meat, regular fat",880,876,14.3,5.8,5.8,4.9,0,4.34,6.9,2.23,81.08,12,1
"Chicken, processed luncheon meat, low or reduced fat",472,470,1.2,4.4,4.4,4.2,0,0.39,0.58,0.21,7.09,58,1
"Chicken, processed luncheon meat, not further defined",676,673,7.8,5.1,5.1,4.6,0,2.36,3.74,1.22,44.08,24,1
"Devon, processed luncheon meat",1001,992,18.5,5.7,5.7,5,0,7.38,9.23,1.14,123.02,96,1
"Frankfurt, canned, heated, drained",876,864,17.4,1.7,1.7,0.9,0,6.4,8.16,1.28,112.06,22,1
"Frankfurt, cooked",1051,1037,19.9,3.4,3.4,3.2,0,7.51,9.52,1.46,128.16,55,2
Garlic roll,1046,1027,18.9,5.4,5.4,4.8,0,7,9.7,1.44,486.58,92,2
"Ham, leg, lean",467,453,2.5,2,2,1.1,0,0.85,1.12,0.3,6.78,10,1
"Ham, leg, lean & fat",598,585,7.6,0,0,0,0,2.73,3.55,0.72,21.17,58,1
"Ham, leg, lean & fat, canned",482,468,4.5,0.6,0.6,0,0,1.72,1.88,0.39,12.56,69,1
"Ham, shoulder, lean & fat",477,463,6,0,0,0,0,2.12,2.79,0.52,16.74,53,1
"Ham, shoulder, lean & fat, canned",509,495,6.3,0,0,0,0,2.4,2.64,0.54,17.58,61,1
"Ham steak, raw",520,520,6.1,2.9,2.9,2.5,0,2.33,2.67,0.56,16.65,83,1
"Ham steak, baked, roasted, fried, grilled or BBQ'd, no added fat",680,680,7.8,3.7,3.7,2.9,0,2.91,3.48,0.72,21.29,27,1
"Ham steak, baked, roasted, fried, grilled or BBQ'd, fat not further defined",739,739,9.6,3.6,3.6,2.8,0,3.18,4.58,1.06,35.34,89,1
"Ham & chicken roll, processed luncheon meat",980,966,18,4.7,4.7,3.7,0,6.5,9.23,1.37,80.37,60,1
"Ham & salami, for use as subway sandwich filling",689,677,8.3,1.9,1.9,1.1,0,2.82,4.26,0.83,47.35,57,1
"Jerky, beef, all flavours",1179,1179,4.5,27.3,27.3,0,0,1.7,1.78,0.51,156.81,43,2
Kabana or cabanossi,1168,1168,24.7,0,0,0,0,10.46,11.4,1.62,164.26,90,2
"Meat paste, commercial",861,861,13.9,8.2,8.2,7.1,0,5.01,6.05,1.76,346.56,12,1
"Mortadella, processed meat",1365,1353,29.3,1.2,1.2,0.8,0,9.46,14.98,2.95,754.33,35,2
Pate de foie (chicken liver pate),1250,1240,24.7,1.3,1.3,1.1,0,8.28,10.42,1.79,1062.1,12,2
"Pate, liverwurst, commercial",1345,1334,27.5,0.4,0.4,0.2,0,9.32,12.69,2.16,1266.53,40,2
"Pie, steak & kidney, canned",693,686,7.7,13.6,13.6,13,0,3.86,2.82,0.42,182.88,75,1
Polish sausage,1012,1003,17.8,2.4,2.4,2,0,6.06,8.84,1.46,114.63,19,2
"Processed meat, for use in garden salads",737,730,8.7,1.5,1.5,0.8,0,3.19,4.16,0.81,79.77,71,1
Prosciutto,1224,1224,18.8,0.3,0.3,0,0,6.68,9.03,1.77,88.36,33,2
"Salami, danish",1858,1858,40.2,1.2,1.2,0.4,0,13.75,21,3.83,267.33,85,2
"Salami, hungarian",1783,1783,37.4,0.9,0.9,0.9,0,12.08,20.25,3.62,248.71,91,2
"Salami, mettwurst",1791,1791,37.5,0.8,0.8,0.3,0,12.47,19.59,3.99,249.38,38,2
"Salami, milano",1781,1781,36.9,2.2,2.2,1.2,0,11.57,20.33,3.58,245.38,22,2
"Salami, pepperoni",1774,1774,36.1,1.6,1.6,0.8,0,13.38,18.86,2.47,240.06,76,2
"Salami, not further defined",1797,1797,37.6,1.3,1.3,0.7,0,12.65,20.01,3.5,250.17,100,2
"Sausage, beef, raw",1034,1017,20.6,2.4,2.4,2.4,0,9.1,8.87,0.54,1078.09,98,2
"Sausage, beef, fried",1026,1009,17.9,4.5,4.5,4.2,0,8.6,6.96,0.56,935.28,25,2
"Sausage, beef, grilled, BBQ'd or baked",1120,1115,21.5,4.9,4.9,4.5,0,10.34,8.35,0.67,1123.38,22,2
"Sausage, beef, flavoured, fried, grilled, BBQ'd or baked",1026,1009,17.9,4.5,4.5,4.2,0,8.6,6.96,0.56,935.28,79,2
"Sausage, beef, plain or flavoured, boiled, casseroled, microwaved, poached, steamed, or stewed",1100,1082,22,2.6,2.6,2.6,0,9.68,9.43,0.58,1146.91,35,2
"Sausage, beef, plain or flavoured, reduced fat, raw",621,598,7.9,4.3,4.3,3.2,0,3.49,3.4,0.21,412.78,10,1
"Sausage, beef, plain or flavoured, reduced fat, fried, grilled, BBQ'd or baked",654,630,8.3,4.5,4.5,3.4,0,3.67,3.57,0.22,434.5,92,1
"Sausage, beef, plain or flavoured, reduced fat, boiled, casseroled, microwaved, poached, steamed or stewed",661,636,8.4,4.6,4.6,3.4,0,3.71,3.61,0.22,439.12,28,1
"Sausage, chicken, plain, fried, grilled, BBQ'd or baked, with or without added fat",841,836,12,4.9,4.9,4.1,0,3.73,5.96,1.56,68.4,39,1
"Sausage, chicken, flavoured, fried, grilled, BBQ'd or baked, with or without fat",841,836,12,4.9,4.9,4.1,0,3.73,5.96,1.56,68.4,65,1
"Sausage, chicken, reduced fat, raw",662,658,8,4.2,4.2,4.1,0,2.48,3.98,1.04,45.6,86,1
"Sausage, chicken, reduced fat, fried, grilled, BBQ'd or baked, no added fat",779,774,9.4,4.9,4.9,4.8,0,2.92,4.68,1.22,53.65,41,1
"Sausage, chicken, reduced fat, fried, grilled, BBQ'd or baked, fat not further defined",820,815,11.1,4.7,4.7,4.6,0,3.14,5.76,1.57,67.22,70,1
"Sausage, chorizo, uncooked",1183,1179,22.1,1.2,1.2,0.4,0,8,9.87,2.49,249.29,56,2
"Sausage, chorizo, cooked",1245,1241,23.3,1.3,1.3,0.4,0,8.42,10.39,2.62,262.41,34,2
"Sausage, kangaroo, plain or flavoured, fried, grilled, BBQ'd or baked",494,489,1.5,3.6,3.6,3.1,0,0.34,0.6,0.47,16.04,37,1
"Sausage, lamb, plain, fried, grilled, BBQ'd or baked",960,943,16.1,4.9,4.9,3.6,0,7.74,6.26,0.5,841.22,83,2
"Sausage, lamb, flavoured, fried, grilled, BBQ'd or baked",960,943,16.1,4.9,4.9,3.6,0,7.74,6.26,0.5,841.22,15,2
"Sausage, pork, raw",1090,1080,22.2,3.2,3.2,3.2,0,9.03,10.44,1.84,147.63,97,2
"Sausage, pork, plain, fried",1083,1072,19.4,4.5,4.5,3.8,0,7.87,9.1,1.6,128.68,31,2
"Sausage, pork, plain, grilled, BBQ'd or baked",1203,1191,21.7,6.1,6.1,5.5,0,8.82,10.2,1.79,144.3,46,2
"Sausage, pork, flavoured, fried, grilled, BBQ'd or baked",1083,1072,19.4,4.5,4.5,3.8,0,7.87,9.1,1.56,128.68,35,2
"Sausage, pork, plain or flavoured, boiled, casseroled, microwaved, poached, steamed or stewed",1160,1149,23.6,3.4,3.4,3.4,0,9.6,11.11,1.95,157.05,40,2
"Sausage, fried, grilled, BBQ'd or baked",1072,1061,19.4,4.8,4.8,4.3,0,8.92,7.88,0.87,825.2,78,2
"Sausage, boiled, casseroled, microwaved, poached, steamed or stewed",1082,1068,21,3.2,3.2,3.1,0,8.76,9.5,1.21,638.68,97,2
"Sausage, deep fried, commercial",1323,1307,25.2,6.9,6.9,4.2,0,11.25,10.77,1.2,1316.7,58,2
"Sausage, for use on sandwiches, not further defined",993,984,16.7,5.1,5.1,4.4,0,6.87,7.35,1.22,449.14,95,2
"Saveloy, battered, deep fried, oil not further defined",1293,1281,20.8,18.4,18.4,15.1,0,9.09,8.89,0.8,490.05,99,2
"Spam, canned",1238,1238,26.1,1.9,1.9,0.7,0,8.6,10.44,5.48,123.98,75,2
"Stew, casserole or curry, chicken & vegetable, canned",367,355,5,7.2,7.2,3.4,0,1.73,1.61,1.42,47.8,25,1
Strasburg,1038,1024,19.2,4.5,4.5,3.9,0,7.11,9.85,1.47,127.68,74,2
"Turkey, roast, deli-sliced",608,608,8.7,0.7,0.7,0.7,0,2.88,3.7,1.66,38.64,66,1
"Turkey, processed luncheon meat",428,428,3.9,0.6,0.6,0,0,1.39,1.48,0.82,17.32,8,1
"Vegetables & sausages, canned",283,276,2.1,7.8,7.8,5.6,0,0.86,0.91,0.15,65.84,59,1
"Vegetables & steak, canned",258,249,1.9,6.2,6.2,4.4,0,0.91,0.74,0.08,75.81,7,1
"Coconut, cream, regular fat",789,783,18.9,3.6,3.6,0.1,0,17.02,0.66,0.12,0,9,1
"Coconut, fresh, mature fruit, flesh",1290,1227,30.1,3.4,3.4,0.4,0,26.57,1.5,0.26,0,58,2
"Coconut, fresh, young or immature, flesh",353,349,5.6,7,7,3,0,4.94,0.28,0.05,0,42,1
"Coconut, fresh, mature, water or juice",87,87,0.1,4.7,4.7,0,0,0.09,0,0,0,25,1
"Coconut, fresh, young or immature, water or juice",109,109,0,6.6,6.6,0,0,0,0,0,0,65,1
"Coconut, grated & desiccated",2772,2649,65.4,7.3,7.3,0.8,0,57.73,3.26,0.55,0,31,2
"Coconut, milk, dried, powder",2824,2792,66.2,12.4,12.4,5.1,0,59.66,2.31,0.44,0,45,2
"Coconut, milk, canned, regular fat",646,644,15.8,2,2,0.2,0,14.23,0.55,0.1,0,27,1
"Coconut, milk, canned, reduced fat",291,291,7.1,1.1,1.1,0.2,0,6.39,0.25,0.05,0,78,1
"Coconut, milk, canned, not further defined",523,521,12.8,1.7,1.7,0.2,0,11.5,0.44,0.08,0,12,1
"Nut, almond meal",2568,2497,55.8,5.1,5.1,1.2,0,3.36,36.38,13.55,19.2,22,2
"Nut, almond, with or without skin, roasted, salted",2555,2496,55.1,6.3,6.3,2.5,0,3.69,36.14,12.86,18.96,15,2
"Nut, almond, with or without skin, raw, unsalted",2578,2519,55.6,6.4,6.4,2.5,0,3.72,36.46,12.98,19.14,38,2
"Nut, almond, with or without skin, roasted, unsalted",2654,2595,57.6,6.4,6.4,2.5,0,3.93,37.28,13.86,56.54,64,2
"Nut, almond, without skin, blanched, unsalted",2568,2497,55.8,5.1,5.1,1.2,0,3.36,36.38,13.55,19.2,35,2
"Nut, brazil, with or without skin, raw, unsalted",2886,2818,68.5,2.4,2.4,0.3,0,14.8,21.81,29.03,23.58,40,2
"Nut, cashew, raw, unsalted",2544,2497,49.2,23.1,23.1,17.6,0,8.37,31.14,7.55,16.93,12,2
"Nut, cashew, roasted, salted",2582,2535,50.5,22.8,22.8,17.3,0,8.46,31.5,8.32,53.55,6,2
"Nut, cashew, roasted, unsalted",2583,2535,49.9,23.5,23.5,17.9,0,8.5,31.61,7.67,17.19,6,2
"Nut, cashew, roasted, coated in honey",2271,2237,35,45.3,45.3,12.5,0,5.95,22.13,5.37,12.03,52,2
"Nut, chestnut, raw, unsalted",731,612,0.7,32.1,32.1,28.8,0,0.14,0.26,0.3,0.25,17,1
"Nut, chestnut, roasted, unsalted",724,659,0.6,34.3,34.3,30.5,0,0.11,0.21,0.24,0.21,13,1
"Nut, hazelnut, with or without skin, raw, unsalted",2689,2605,61.4,5.1,5.1,0.7,0,2.7,48.78,7.16,21.13,29,2
"Nut, macadamia, raw, unsalted",3018,2966,74,4.5,4.5,0,0,10.04,59.64,1.12,25.47,92,2
"Nut, macadamia, roasted, salted",3032,2981,74.5,4.4,4.4,0,0,10.05,59.25,1.97,61.62,99,2
"Nut, macadamia, roasted, coated in honey",2604,2567,52.9,31.1,31.1,0,0,7.18,42.64,0.8,18.21,94,2
"Nut, peanut, with skin, raw or dry roasted, unsalted",2376,2311,47.1,8.9,8.9,3.8,0,8.19,32.67,3.87,153.09,60,2
"Nut, peanut, with skin, roasted, with oil, salted",2635,2569,51.7,14.4,14.4,9.7,0,8.98,35.83,4.24,167.92,15,2
"Nut, peanut, without skin, roasted, with oil, salted",2667,2617,52.8,14.1,14.1,9.7,0,9.18,36.62,4.34,171.62,83,2
"Nut, peanut, without skin, roasted, with oil, unsalted",2667,2617,52.8,14.1,14.1,9.7,0,9.18,36.62,4.34,171.62,11,2
"Nut, peanut, roasted, coated in honey",2516,2473,45.7,25.2,25.2,8.4,0,7.94,31.68,3.75,148.45,69,2
"Nut, pecan, raw, unsalted",2973,2906,71.9,4.9,4.9,0.6,0,4.54,39.32,24.95,24.74,22,2
"Nut, pine, raw, unsalted",2925,2884,70,4.5,4.5,1.1,0,4.22,22.95,39.88,24.09,69,2
"Nut, pistachio, roasted, salted",2504,2433,49.8,15.6,15.6,9.8,0,5.72,26.3,15.86,0,79,2
"Nut, pistachio, raw, unsalted",2542,2470,50.6,15.8,15.8,9.9,0,5.8,26.7,16.11,0,95,2
"Nut, walnut, raw, unsalted",2904,2853,69.2,3,3,0.3,0,4.43,12.11,49.62,23.82,89,2
"Seed, chia, dried",1825,1550,30.7,7.7,7.7,7.7,0,3.34,2.32,23.76,140.47,59,2
"Seed, linseed or flaxseed",2116,1898,42.2,1.6,1.6,0,0,3.59,7.5,29.01,0,91,2
"Seeds, mixed",2407,2324,49.1,4.2,4.2,2.9,0,6.28,12.31,28.16,848.59,74,2
"Seed, poppy",2273,2193,44.7,13.7,13.7,13.7,0,4.86,6.46,31.32,0,90,2
"Seed, pumpkin, hulled & dried, unsalted",2424,2376,49,2.9,2.9,1.5,0,9.05,15.19,22.32,1055.07,37,2
"Seed, sesame, unsalted",2620,2540,55.6,6.2,6.2,5.6,0,6.8,21.9,24.4,1195.96,84,2
"Seed, sunflower, unsalted",2465,2378,51,2.2,2.2,0.2,0,4.29,9.85,34.52,1097.01,40,2
"Mixed seeds, for use in muesli recipes, unsalted",2442,2369,50,2.6,2.6,0.9,0,6.48,12.5,28.64,1053.18,9,2
"Tahini, sesame seed pulp",2717,2609,60.7,1,1,0.3,0,7.54,22.46,28.03,1305.66,34,0
"Mixed nuts, for use in muesli recipes, unsalted",2642,2581,58.3,6.2,6.2,2.3,0,4.03,35.65,16.01,22.79,47,2
"Mixed nuts, without peanuts, raw, unsalted",2651,2589,57.2,10.7,10.7,6.2,0,5.01,31.04,18.68,16.2,42,2
"Mixed nuts, cashew & macadamia, salted",2762,2714,60.1,15.4,15.4,10.4,0,9.1,42.6,5.78,56.78,26,2
"Mixed nuts, almond, cashew, peanut, salted",2618,2567,52.8,14.3,14.3,9.8,0,7.63,35.22,7.46,103.94,21,2
"Mixed nuts, almond, cashew, peanut, unsalted",2643,2591,53.3,14.5,14.5,9.9,0,7.7,35.54,7.55,104.24,56,2
"Mixed nuts, almond, cashew, walnut, unsalted",2714,2661,58.9,11,11,6.9,0,5.62,27,23.72,32.51,38,2
"Mixed nuts, peanut & 2 or fewer other nuts, salted",2693,2639,56.9,12.4,12.4,8.1,0,8.31,35.42,10.57,83.78,17,2
"Mixed nuts, peanut & 2 or fewer other nuts, unsalted",2748,2695,59.6,9.6,9.6,5.6,0,6.77,31.34,18.72,86.13,39,2
"Mixed nuts, three or fewer, without peanuts, salted",2675,2621,58,11.5,11.5,7.1,0,6.66,34.03,14.74,35.04,16,2
"Mixed nuts, three or fewer, without peanuts, unsalted",2783,2725,62.8,8.1,8.1,4.3,0,7.18,29.81,23.07,28,50,2
"Mixed nuts, peanut & 3 or more other nuts, salted",2699,2641,58.2,10.8,10.8,6.6,0,7.64,36.12,11.87,64.39,16,2
"Mixed nuts, peanut & 3 or more other nuts, unsalted",2755,2699,60.3,10.5,10.5,6.3,0,7.81,36.4,13.37,58.54,19,2
"Mixed nuts, four or more nuts, without peanuts, salted",2722,2662,60.7,8.5,8.5,4.7,0,7.04,31.47,19.56,29.78,11,2
"Mixed nuts, four or more nuts, without peanuts, unsalted",2777,2719,62.6,8.2,8.2,4.3,0,7.29,31.39,21.2,28.61,62,2
"Mixed nuts & dried fruit, with peanuts",1835,1788,24.9,44.4,44.1,3.6,0,3.55,14.61,5.52,23.42,37,2
"Mixed nuts & dried fruit, without peanuts",1844,1796,25.8,43.4,43.1,2.8,0,3.34,12.61,8.65,11.44,94,2
"Mixed nuts & seeds, with peanut",2668,2605,57.5,8.9,8.9,5.4,0,7.42,30.38,17.07,256.05,78,2
"Mixed nuts & seeds, without peanut",2685,2620,59.2,7.2,7.2,4,0,7.04,26.62,22.94,233.6,24,2
"Mixed nuts & seeds, almond, linseed & sunflower seed (LSA), unsalted",2310,2162,47.4,2.6,2.6,0.5,0,3.84,13.2,28.1,365.27,90,2
"Mixed nuts & seeds, unsalted, for use in muesli bar recipes",2587,2528,54.1,9.1,9.1,5.3,0,5.68,33.46,12.53,214.04,13,2
"Mixed nuts & seeds, for use in garden salad recipes",2655,2599,58.2,6.5,6.5,3.2,0,5.72,22.28,27.61,306.49,35,2
"Mixed nuts, dried fruit & seeds (trail mix), with peanuts",1908,1851,28.3,36.7,36.4,3.2,0,3.96,12.35,10.65,229.07,96,2
"Mixed nuts, dried fruit & seeds (trail mix), without peanuts",1913,1856,28.9,36.1,35.9,2.7,0,3.83,11.09,12.62,221.51,53,2
"Casserole, homemade, beef, homemade gravy",900,893,12.9,5.5,5.5,4.7,0,5,5.63,1.09,475.02,25,1
"Casserole, homemade, beef, homemade gravy",983,978,15,5.4,5.4,4.6,0,5.81,6.68,1.15,583.08,49,2
"Casserole, homemade, beef, homemade tomato based sauce",450,442,4.8,2.7,2.7,0.8,0,1.34,2.36,0.62,128.66,23,1
"Casserole, homemade, beef, homemade tomato based sauce, with rice or pasta",524,516,3.1,14.7,14.7,13.5,0,0.85,1.45,0.39,77.52,49,1
"Casserole, homemade, beef, kidney & vegetable, homemade gravy",705,696,10.3,6.6,6.5,5.7,0,4.21,4.31,0.8,389.94,18,1
"Casserole, homemade, beef & mushroom, homemade cream based sauce (stroganoff)",579,573,6.3,3.5,3.3,2.5,0,2.38,2.5,0.86,158.14,52,1
"Casserole, homemade or commercial, beef & mushroom, homemade cream based sauce, with rice or pasta",602,594,3.9,15.2,15.1,14.5,0,1.47,1.54,0.54,95.2,83,1
"Casserole, commercial, beef & vegetable",465,454,6.6,3.4,3.4,1.6,0,1.23,3.45,1.4,104.54,30,1
"Casserole, homemade, beef & vegetable, commercial sauce",516,507,6.1,4.6,4.6,2.9,0,1.5,3.16,0.92,128.93,62,1
"Casserole, homemade, beef & vegetable, homemade cream based sauce",616,605,8.4,5.8,5.7,3.1,0,2.76,3.67,1.24,208.06,11,1
"Casserole, homemade, beef & vegetable, homemade cream based sauce, with rice or pasta",623,613,5.2,16.6,16.5,14.9,0,1.7,2.24,0.76,125.16,35,1
"Casserole, homemade, beef & vegetables, homemade gravy",695,684,10.6,6.8,6.8,5.7,0,4.19,4.59,0.87,386.14,26,1
"Casserole or curry, homemade, beef & vegetable, homemade gravy",740,730,11.7,7,7,5.9,0,4.59,5.11,0.9,439.37,76,1
"Casserole, homemade, beef & vegetable, homemade gravy, with rice or pasta",671,661,6.5,17.2,17.2,16.5,0,2.56,2.79,0.54,232.01,48,1
"Casserole or curry, homemade, beef & vegetable, homemade gravy, with rice or pasta",895,882,9.2,22.2,22.2,21.3,0,3.59,3.98,0.71,338.39,32,1
"Casserole, homemade, beef & vegetable, homemade tomato based sauce",426,414,4.9,3.8,3.7,1.7,0,1.2,2.48,0.69,103.73,49,1
"Casserole, homemade, beef & vegetable, homemade tomato based sauce, with rice or pasta",510,499,3.1,15.4,15.3,14.1,0,0.76,1.52,0.43,62.56,18,1
"Casserole, homemade, beef, vegetable & legume, homemade sauce",441,418,4.7,5.7,5.7,3.6,0,1.06,2.39,0.76,83.55,13,1
"Casserole, homemade, beef, vegetable & legume, homemade sauce, with rice or pasta",521,504,2.8,17.3,17.2,16,0,0.65,1.36,0.44,46.16,96,1
"Casserole or curry, homemade, canned meat & vegetable, homemade gravy",932,917,16.2,8.2,8.2,6.8,0,7.01,6.86,0.86,632.46,92,1
"Casserole, commercial, chicken",798,792,9.6,1.6,1.6,0.5,0,2.01,5.27,1.74,64.68,81,1
"Casserole or curry, homemade, chicken, homemade gravy",805,801,10.5,4.7,4.7,4,0,3.84,4.72,1.12,282.4,23,1
"Casserole, commercial, chicken & vegetable",585,575,8.1,3.1,3,1.8,0,1.27,4.37,1.95,49.73,99,1
"Casserole, commercial, chicken & vegetable, with rice or pasta",778,765,6.4,19.3,19.3,18.3,0,1.03,3.4,1.51,38.67,98,1
"Casserole, homemade, chicken & vegetable, homemade gravy",489,479,5.3,3.2,3.1,1.8,0,1.09,2.84,0.95,35.67,46,1
"Casserole or curry, homemade, chicken & vegetable, homemade gravy",823,811,11.8,8.1,8.1,6.8,0,4.51,5.19,1.12,360.24,67,1
"Casserole, homemade, chicken & vegetable, homemade gravy, with rice or pasta",547,537,3.3,15,15,14.1,0,0.7,1.74,0.59,21.72,27,1
"Casserole or curry, homemade, chicken & vegetable, homemade gravy, with rice or pasta",959,945,9.3,23,23,22,0,3.52,4.04,0.88,277.52,9,1
"Casserole, homemade, chicken & vegetable, homemade cream based sauce",631,621,8,5.8,5.7,3.1,0,2.46,3.56,1.35,127.66,98,1
"Casserole, homemade, chicken & vegetable, homemade cream based sauce, with rice or pasta",744,732,5.8,19.5,19.4,17.5,0,1.78,2.55,0.97,90.49,81,1
"Casserole, homemade, chicken & vegetable, homemade fruit sauce",556,543,7.1,4.3,4.1,1.3,0,2.57,3.07,0.92,160.47,86,1
"Casserole, homemade, chicken & vegetable, homemade fruit sauce, with rice or pasta",753,738,5.7,20.1,20,17.7,0,2.04,2.41,0.73,123.85,89,1
"Casserole, homemade, chicken & vegetable, homemade tomato based sauce",441,428,4.5,3.8,3.7,1.7,0,0.91,2.37,0.8,28.95,10,1
"Casserole, homemade, chicken & vegetable, homemade tomato based sauce, with rice or pasta",665,650,3.6,19.7,19.7,18.1,0,0.75,1.87,0.63,22.68,57,1
"Casserole, homemade, duck, homemade sauce",1013,1002,21.4,4.4,4.4,1.5,0,6.34,11.13,2.69,122.09,63,2
"Casserole, homemade, eggplant, homemade tomato based sauce",318,301,5.9,3.5,3.5,0,0,0.95,3.34,1.03,41.34,17,1
"Casserole, homemade, fish, homemade tomato & cream sauce",796,786,12.6,2.9,2.9,0.1,0,6.34,3.96,1.08,480.05,35,1
"Casserole or curry, homemade, fish, homemade gravy",726,721,9.7,3.4,3.4,2.3,0,4.48,3.32,0.96,183.38,95,1
"Casserole or curry, homemade, fish & vegetables, homemade gravy",673,662,10,5.8,5.8,4.3,0,4.85,3.42,0.88,197.16,19,1
"Casserole, homemade, kangaroo, homemade sauce",845,838,11,5.5,5.5,4.7,0,3.98,4.91,1.25,328.57,79,1
"Casserole, homemade, kangaroo & vegetable, homemade sauce",728,716,10.1,8.2,8.2,7.1,0,4.08,4.33,0.86,360.77,98,1
"Casserole, homemade, lamb, homemade gravy",819,813,11.5,2.1,2.1,1.3,0,3.98,4.97,1.14,609.22,12,1
"Casserole or curry, homemade, lamb, homemade gravy",993,988,17.2,4.7,4.7,4,0,6.98,6.97,1.2,1071.59,66,2
"Casserole, homemade, lamb & eggplant, baked with homemade creamy sauce (moussaka)",531,517,6.7,4.3,4.3,1,0,2.4,2.81,0.75,193.89,89,1
"Casserole, homemade, lamb, offal & vegetable, homemade gravy",783,772,12.6,6.9,6.8,5.6,0,5.03,5.16,1,563.77,12,1
"Casserole, commercial, lamb & vegetables",609,597,9.4,3.7,3.6,1.7,0,2.31,4.5,1.65,316.81,58,1
"Casserole, homemade, lamb & vegetable, homemade gravy",798,787,12.9,6.8,6.8,5.7,0,5.19,5.33,0.98,595.75,51,1
"Casserole or curry, homemade, lamb & vegetable, homemade gravy",821,810,14.1,7,7,5.9,0,5.7,5.79,1.01,762.37,77,1
"Casserole, homemade, lamb & vegetable, homemade tomato based sauce",529,516,7.1,3.8,3.7,1.7,0,2.19,3.22,0.8,312,76,1
"Casserole, homemade, lamb & vegetable, tomato based sauce, with rice or pasta",571,560,4.4,15.4,15.3,14.1,0,1.36,1.96,0.5,187.52,91,1
"Casserole, homemade, lamb, vegetable & legume, homemade sauce",515,492,6.3,5.7,5.7,3.5,0,1.79,2.92,0.83,236.73,11,1
"Casserole, homemade, mussel & vegetable, homemade sauce",485,474,7.6,4.4,4.4,0.9,0,4.03,1.82,0.9,28.87,22,1
"Casserole or curry, homemade, pork & vegetable, homemade gravy",750,740,10.2,7,7,5.9,0,4.01,4.34,0.94,310.24,49,1
"Casserole, homemade, pork & vegetable, homemade tomato based sauce",512,500,5.5,3.8,3.7,1.7,0,1.18,2.85,0.97,34.96,40,1
"Casserole, homemade, rabbit, vegetable & legume, homemade sauce",447,424,4.5,5.4,5.4,3.1,0,1.12,1.99,0.99,27.84,91,1
"Casserole, homemade, salmon or tuna & vegetable, homemade sauce",432,419,5.2,3.7,3.7,1.3,0,0.95,2.34,1.43,37.41,23,1
"Casserole, homemade, salmon or tuna & vegetable, homemade sauce, with rice or pasta",513,502,3.3,15.3,15.3,13.8,0,0.61,1.44,0.88,22.77,6,1
"Casserole, homemade, salmon or tuna & vegetable, commercial sauce",600,587,8.7,3.8,3.7,1.5,0,3.74,3.21,1.13,103.42,36,1
"Casserole, homemade, salmon or tuna & vegetable, commercial sauce, with rice or pasta",787,773,6.9,19.7,19.7,17.9,0,2.93,2.52,0.89,79.96,30,1
"Casserole, homemade, salmon or tuna & vegetable, homemade dairy based sauce",624,615,8.3,5.9,5.9,3.1,0,3.17,3.1,1.33,166.36,35,1
"Casserole, homemade, sausage & vegetable, homemade tomato based sauce",569,552,9.7,5.1,5.1,2.9,0,3.4,4.6,0.88,223.07,90,1
"Casserole, homemade, sausage & vegetable, homemade sauce, with rice or pasta",595,581,6,16.2,16.1,14.8,0,2.08,2.79,0.55,134.17,49,1
"Casserole, homemade, veal & vegetable, homemade gravy",517,506,3.9,3.4,3.4,1.1,0,0.96,1.84,0.61,87.58,94,1
"Casserole, commercial, vegetable",362,342,5.8,5.8,5.7,3.1,0,1.57,2.88,0.86,46.77,86,1
"Casserole, homemade, vegetable, homemade gravy",277,256,3,6.6,6.5,3.5,0,0.54,1.64,0.56,21.28,47,1
"Casserole or curry, homemade, vegetable, homemade gravy",295,274,2.9,7.7,7.7,4.3,0,0.52,1.58,0.52,20.91,45,1
"Casserole, homemade, vegetable, homemade tomato based sauce",268,245,2.9,6.2,6,2.7,0,0.45,1.58,0.52,19.63,60,1
"Casserole, homemade, vegetable & legumes, homemade tomato based sauce",390,361,3.1,10.1,10,7,0,0.49,1.66,0.63,19.99,25,1
"Casserole, homemade, vegetable & tofu, homemade tomato based sauce",305,282,3.7,5.1,4.9,2.4,0,0.55,1.64,1.11,17.13,98,1
"Casserole, homemade, vegetable & tofu, homemade tomato based sauce, with rice or pasta",437,420,2.4,16.1,16,14.5,0,0.37,1.02,0.68,10.6,9,1
"Casserole, homemade, venison & vegetable, homemade gravy",654,643,9,6.8,6.8,5.7,0,3.68,3.77,0.74,319.79,27,1
"Casserole or stew, homemade, wild caught meat & vegetable, homemade gravy",819,807,11.5,8.5,8.4,7.2,0,4.54,4.78,1.16,365.03,68,1
"Chicken, battered, takeaway, restaurant or cafe style, with honey & lemon sauce",841,838,11.1,9,9,3.7,0,1.54,6.09,2.87,66.31,20,1
"Couscous, homemade, cooked, with roast vegetables",587,568,4.1,20.3,20.2,17.7,0,0.7,2.39,0.76,31.18,63,1
"Couscous, homemade, cooked with roast vegetables & meat",698,683,6.3,16.3,16.3,14.1,0,1.7,3.21,0.83,100.05,96,1
"Curry or casserole, homemade, beef & pasta, not further defined",574,560,4.6,12.7,12.6,11.3,0,1.05,2.1,0.79,128.53,57,1
"Curry or casserole, homemade, beef & rice, not further defined",567,558,3.5,16,16,15.1,0,0.91,1.74,0.48,83.4,93,1
"Curry or casserole, commercial, beef & vegetables, not further defined",628,614,10.3,3.1,3.1,1.4,0,3.89,4.07,1.64,190.03,30,1
"Curry or casserole, commercial, beef & vegetables, with rice, not further defined",645,633,6.2,16.3,16.3,15.2,0,2.34,2.44,0.99,114.02,27,1
"Curry or casserole, homemade, chick pea, homemade sauce",517,465,5,10.8,10.8,9.5,0,0.73,2.34,1.35,24.36,52,1
"Curry, commercial, beef, coconut milk based sauce",701,688,12,3.2,3.2,1.1,0,4.97,4.32,1.84,124.19,67,1
"Curry, commercial, beef, tomato based sauce",638,620,9.5,4.6,4.6,2.1,0,2.38,4.51,1.73,204.49,54,1
"Curry, commercial, beef, vindaloo sauce",577,560,8.9,0,0,0,0,2.4,3.62,2.18,287.47,51,1
"Curry, homemade, beef, commercial simmer sauce, Indian style",682,672,8.7,5.8,5.8,2,0,2.89,3.78,1.31,150.52,58,1
"Curry, homemade, beef, homemade sauce",579,572,6.6,2.3,2.3,1.4,0,1.84,3.29,0.87,174.26,76,1
"Curry, homemade, beef & vegetable, commercial sauce",627,613,8.1,6.2,6.1,2.6,0,2.49,3.69,1.26,128.14,58,1
"Curry, homemade, beef & vegetable, commercial sauce, with rice or noodles",630,618,5,16.8,16.8,14.6,0,1.54,2.25,0.77,77.21,98,1
"Curry, homemade, beef & vegetable, homemade coconut milk based sauce",563,552,8.9,2.6,2.6,0.9,0,4.64,2.75,0.86,107.05,43,1
"Curry, homemade, beef & vegetable, homemade coconut milk based sauce, with rice or noodles",592,582,5.5,14.7,14.6,13.6,0,2.83,1.69,0.53,64.56,75,1
"Curry, homemade, beef & vegetable, homemade tomato based sauce",457,441,5.2,3.8,3.8,1.7,0,1.28,2.68,0.75,109.87,54,1
"Curry, commercial, chicken, dairy based sauce, Indian",855,846,13.8,2.9,2.9,0.4,0,6.13,5.06,1.62,397.34,78,1
"Curry, homemade, chicken, commercial sauce",699,689,8.2,5.8,5.8,2,0,2.55,3.63,1.47,36.25,66,1
"Curry, homemade, chicken, commercial sauce, with rice or noodles",673,664,5.1,16.6,16.6,14.2,0,1.57,2.21,0.9,22.07,62,1
"Curry, homemade, chicken, homemade sauce",657,649,6.9,2.4,2.4,1.5,0,1.61,3.65,1.24,42.91,63,1
"Curry, homemade, chicken, homemade coconut milk sauce",764,757,11.7,1.8,1.8,0.3,0,6.58,3.19,1.2,35.29,45,1
"Curry, homemade, chicken, homemade coconut milk sauce, with rice or noodles",712,705,7.2,14.2,14.2,13.2,0,3.99,1.95,0.74,21.5,37,1
"Curry, homemade, chicken & rice",752,742,4.8,21.1,21.1,18.9,0,0.9,2.62,0.93,22.75,31,1
"Curry, commercial, chicken & vegetable, coconut milk sauce",640,630,10.8,2.5,2.5,0.8,0,4.28,4.06,1.84,43.54,73,1
"Curry, homemade, chicken & vegetable, commercial sauce",652,639,8.1,6.2,6.1,2.6,0,2.28,3.78,1.45,39.98,13,1
"Curry, homemade, chicken & vegetable, commercial sauce, with rice or noodles",645,633,5,16.8,16.8,14.6,0,1.41,2.31,0.89,24.31,31,1
"Curry, homemade, chicken & vegetable, homemade coconut milk sauce",585,574,8.9,2.6,2.6,0.9,0,4.46,2.83,1.02,32.31,68,1
"Curry, homemade, chicken & vegetable, homemade coconut milk sauce",596,584,8.9,3.3,3.3,1.6,0,4.46,2.83,1.02,32.27,16,1
"Curry, homemade, chicken & vegetable, homemade coconut milk sauce, with rice or noodles",605,594,5.5,14.7,14.6,13.6,0,2.72,1.73,0.63,19.71,32,1
"Curry, homemade, chicken & vegetable, homemade dairy based sauce",719,704,11.9,4.5,4.5,1.8,0,5.58,4.21,1.13,381.12,91,1
"Curry, homemade, chicken & vegetable, homemade dairy based sauce, with rice or noodles",686,673,7.3,15.8,15.8,14.1,0,3.39,2.56,0.69,229,39,1
"Curry, homemade, chicken & vegetable, homemade tomato based sauce",444,430,4.9,3.6,3.5,1.5,0,1.03,2.54,0.93,30.9,37,1
"Curry, homemade, chicken & vegetable, homemade tomato based sauce, with rice or noodles",520,508,3.1,15.2,15.2,13.9,0,0.66,1.56,0.58,18.86,23,1
"Curry, homemade, chicken, vegetable & legume, homemade sauce",568,553,8.1,3.4,3.4,1.7,0,4.06,2.58,0.95,29.4,55,1
"Curry, homemade, chicken, vegetable & legume, homemade sauce, with rice or noodles",595,582,5,15.1,15.1,14.1,0,2.48,1.58,0.58,17.97,61,1
"Curry, homemade, chick pea & vegetable, homemade sauce, with rice or noodles",564,529,3.2,19.6,19.6,18.7,0,0.48,1.44,0.83,14.94,45,1
"Curry, homemade, fish, homemade sauce",472,465,3.6,2,2,1.2,0,0.75,1.66,0.72,32.61,29,1
"Curry, homemade, fish, homemade sauce, with rice or noodles",537,529,2.3,14.3,14.3,13.8,0,0.5,1.03,0.45,19.89,37,1
"Curry, homemade, fish, homemade coconut milk sauce",593,588,6.8,1.4,1.4,0.2,0,3.5,1.81,0.84,34.2,54,1
"Curry, homemade, fish & rice",671,662,4.3,19.7,19.7,17.7,0,0.67,2.35,0.88,26.51,11,1
"Curry, commercial, fish & vegetable, coconut milk sauce",588,577,10,2.5,2.5,0.9,0,4.16,3.41,1.68,42.5,22,1
"Curry, homemade, fish & vegetable, homemade coconut milk sauce",506,495,7.6,2.6,2.6,0.9,0,4.08,2.06,0.84,30.05,43,1
"Curry, homemade, fish & vegetable, homemade tomato based sauce",417,402,4.5,3.9,3.8,1.7,0,0.75,2.33,0.9,30.56,82,1
"Curry, homemade, fish & vegetable, homemade tomato based sauce, with rice or noodles",504,491,2.8,15.4,15.4,14,0,0.5,1.43,0.56,18.66,58,1
"Curry, homemade, goat, homemade sauce",546,537,6.7,2.1,2.1,0.2,0,2.2,3.18,0.75,108.21,18,1
"Curry, homemade, goat, homemade sauce, with rice or noodles",582,573,4.2,14.3,14.3,13.2,0,1.36,1.94,0.46,65.25,50,1
"Curry, commercial, lamb, dairy based sauce",761,744,9.8,7.7,7.7,0,0,3.39,3.72,1.84,512.05,75,1
"Curry, homemade, lamb, homemade sauce",769,762,10.7,2.3,2.3,1.4,0,3.68,4.65,1.08,560.98,45,1
"Curry, homemade, lamb & rice",833,823,7,21.1,21.1,18.9,0,2.06,3.28,0.88,301.12,6,1
"Curry, commercial, lamb & vegetable, dairy based sauce",879,860,15.4,4.8,4.8,1.9,0,4.42,7.04,2.31,630.33,13,1
"Curry, homemade, lamb & vegetable, homemade coconut milk sauce",673,662,11.3,2.6,2.6,0.9,0,5.7,3.53,0.98,325.02,94,1
"Curry, homemade, lamb & vegetable, homemade dairy based sauce",585,570,8.2,3.9,3.9,1.5,0,2.39,3.86,1.03,307.81,44,1
"Curry, homemade, lamb & vegetable, homemade dairy based sauce, with rice or noodles",605,592,5.1,15.5,15.4,14,0,1.48,2.35,0.63,185.01,86,1
"Curry, homemade, lamb & vegetable, homemade tomato based sauce",566,550,7.6,3.8,3.8,1.7,0,2.34,3.46,0.87,331.84,24,1
"Curry, homemade, lamb, vegetable & legume, homemade tomato based sauce",519,497,6.4,5.2,5.2,3.1,0,1.82,3.01,0.83,240.77,85,1
"Curry, commercial, legume (dhal)",534,510,4.1,5.9,5.9,5.9,0,1.54,1.51,0.85,87.64,21,1
"Curry, homemade, legume (dhal)",485,453,2.9,13.9,13.9,11,0,0.47,1.47,0.68,15.65,74,1
"Curry, homemade, okra, homemade sauce",232,202,2.6,3.6,3.6,0.3,0,0.43,1.36,0.47,15.65,63,1
"Curry, homemade, okra, with rice or noodles",492,464,2.1,19.1,19.1,16.6,0,0.38,1.06,0.37,12.14,78,1
"Curry, commercial, pork, coconut milk sauce",801,788,12.4,3.1,3.1,1,0,5.14,4.34,2.06,45.57,72,1
"Curry, homemade, pork, coconut milk sauce",754,747,10.3,2,2,0.3,0,6.15,2.43,0.99,25.68,52,1
"Curry, homemade, pork & vegetable, coconut milk sauce",607,595,8.3,2.7,2.7,0.9,0,4.33,2.41,0.92,26.83,14,1
"Curry, commercial, potato & pea (aloo muttar)",480,449,6.4,5.5,5.5,5.3,0,1.37,2.57,2.15,136.8,87,1
"Curry, homemade, potato, dairy based sauce",443,406,4.3,9.7,9.7,7.1,0,1.2,2.02,0.6,67.35,11,1
"Curry, commercial, prawn & vegetable, coconut milk sauce, with rice",591,580,5,16.3,16.3,15.1,0,1.45,2.09,1.01,21.95,8,1
"Curry, commercial, prawn & vegetable, tomato based sauce",539,525,8.2,3.2,3.2,1.3,0,2.42,3.48,1.68,36.59,100,1
"Curry, homemade, prawn & vegetable, homemade coconut milk sauce",494,483,7,2.6,2.6,0.9,0,3.92,1.77,0.71,22.62,79,1
"Curry, homemade, prawn & vegetable, homemade tomato based sauce",396,381,3.9,3.9,3.8,1.7,0,0.6,2.06,0.79,23.95,12,1
"Curry, homemade, prawn & vegetable, homemade tomato based sauce, with rice or noodles",492,479,2.5,15.4,15.4,14.1,0,0.4,1.27,0.49,14.69,16,1
"Curry, homemade, root vegetable, homemade coconut milk sauce",670,649,10.9,12.1,12.1,8.6,0,4.56,2.69,2.9,135.73,44,1
"Curry, homemade, sausage, homemade sauce",786,772,13.8,6.4,6.3,3.7,0,5.76,5.96,0.9,516.61,35,1
"Curry, commercial, spinach & cheese (palak paneer)",819,800,16.6,0,0,0,0,6.86,5.08,3.86,354.82,56,1
"Curry, commercial, tofu & vegetable",678,645,11.7,3.5,3.5,2,0,1.45,4.96,4.48,42.36,28,1
"Curry, commercial, vegetable, cream based sauce",638,612,12.5,6.1,6,3.3,0,5.04,4.74,1.73,383.8,57,1
"Curry, homemade, vegetables, commercial sauce",480,456,6.8,9.5,9.5,4.5,0,1.94,3.09,1.25,30.67,85,1
"Curry, homemade, vegetable, homemade sauce",284,258,3,6.5,6.4,3.5,0,0.48,1.63,0.53,19.58,88,1
"Curry, homemade, vegetable, homemade coconut milk sauce",365,344,6.2,4.6,4.5,1.9,0,3.25,1.82,0.65,20.91,95,1
"Curry, homemade, vegetable, homemade dairy based sauce",600,577,11.5,6.5,6.5,3.7,0,5.87,3.75,0.88,450.01,52,1
"Curry, homemade, vegetable & egg, homemade dairy based sauce",604,581,11.4,6.1,6.1,3.5,0,5.66,3.79,0.93,419.86,85,1
"Curry, homemade, vegetable, homemade sauce, with rice or noodles",433,415,2.9,15.5,15.5,13.6,0,1.1,1.12,0.39,13.12,8,1
"Curry, homemade, vegetable & legume, homemade sauce",348,316,2.9,8.7,8.7,5.9,0,0.46,1.52,0.57,18.02,74,1
"Frozen meal, beef lasagne, energy controlled portion",454,444,2.8,14.2,14.1,11.8,0,1.56,0.78,0.13,104.7,16,1
"Frozen meal, beef & noodles or pasta, energy controlled portion",421,408,1.9,14.4,14.4,11.6,0,0.46,0.88,0.31,21.41,45,1
"Frozen meal, beef & rice, energy controlled portion",477,466,2.9,15.9,15.9,14.2,0,1.16,1.05,0.33,31.88,60,1
"Frozen meal, beef & vegetables, energy controlled portion",213,201,1.2,4.6,4.6,3.3,0,0.3,0.56,0.18,29.94,98,1
"Frozen meal, chicken & vegetables, energy controlled portion",303,290,2.3,6.5,6.5,5.8,0,0.74,0.95,0.37,43.59,8,1
"Frozen meal, chicken, vegetables & noodles or pasta, energy controlled portion",418,407,2.2,13.5,13.5,11.3,0,0.26,1.17,0.55,3.4,10,1
"Frozen meal, curry, chicken & rice, coconut milk sauce",636,627,5.5,18,18,17.1,0,2.16,2.05,0.93,21.98,13,1
"Frozen meal, curry, chicken & rice, Indian style",742,734,6.9,18.6,18.6,17.2,0,3.03,2.5,0.8,196.55,48,1
"Frozen meal, curry, chicken & rice, energy controlled portion",517,507,2.4,18.2,18.2,17.1,0,0.56,1.12,0.54,5.68,70,1
"Frozen meal, lamb & vegetables, energy controlled portion",249,237,2,4.6,4.6,3.3,0,0.65,0.81,0.22,102.86,79,1
"Frozen meal, Mexican wrap, beef, rice & vegetables, energy controlled portion",513,502,2.6,17.8,17.8,15.3,0,0.71,0.99,0.53,37.1,38,1
"Frozen meal, pasta with bolognese sauce",459,448,3.5,12.4,12.4,10.4,0,1.53,1.33,0.3,82.28,91,1
"Frozen meal, pork & vegetables with rice",637,626,4,19.8,19.8,11.9,0,0.72,2.12,0.7,26.65,60,1
"Frozen meal, prawn & rice",443,439,1.5,18.8,18.8,16.8,0,0.14,0.78,0.4,3.27,49,1
"Frozen meal, roast beef & vegetables",365,349,2.6,8.7,8.7,7.4,0,0.44,1.35,0.56,20.79,16,1
"Frozen meal, roast chicken with vegetables",415,399,3.7,7.8,7.8,6.9,0,0.59,1.96,0.83,8.84,45,1
"Frozen meal, sausage & vegetables",465,450,5.9,9.1,9.1,7.8,0,2.72,2.3,0.23,282.75,12,1
"Frozen meal, tuna mornay, with pasta & white sauce",649,642,7.2,15.3,15.3,12.8,0,3.82,2.17,0.7,260.18,67,1
"Frozen meal, veal schnitzel with cheese & potato",688,677,8.7,13.3,13.3,10.7,0,3.69,3.03,1.25,252.24,92,1
"Frozen meal, vegetables & pasta or noodles, energy controlled portion",401,385,2.7,12.6,12.5,9.9,0,0.9,1.04,0.46,54.56,62,1
"Meatloaf, commercial, all meats",1080,1074,15.5,3.5,3.5,2.2,0,6.47,6.79,0.62,434.23,84,2
"Meatloaf, homemade, beef",977,969,11.1,5.8,5.8,4.2,0,4.48,4.73,0.57,313.12,22,1
"Meatloaf, homemade, chicken",822,814,8,7,7,5.3,0,2.29,3.74,1.34,41.6,6,1
"Mixed dish, cheeseburger, potato fries & soft drink, fast food style",467,461,4.6,13.7,13.7,8.5,0,1.41,2.34,0.65,110.66,62,1
"Mixed dish, homemade, pork & rice, not further defined",747,735,7.5,16.1,16,14.8,0,3.09,2.61,1.24,27.34,93,1
"Mixed dish, meat & egg, grilled or fried",1216,1214,24.3,2.2,2.2,1.9,0,9.84,10.49,1.82,770.67,56,2
"Mixed dish, polenta, with added tomato based sauce & cheese",543,534,3.3,20.4,20.4,14.2,0,1.64,0.93,0.37,69.47,70,1
"Mixed dish, not further defined",547,532,6.7,5.6,5.6,3.1,0,2.18,3.02,1.01,104.05,51,1
"Noodles, fried or stir-fried, not further defined, with sauce",669,653,6.1,20.8,20.8,20.7,0,1.95,2.82,0.88,37.7,16,1
"Roast chicken, with stuffing & homemade gravy",921,919,14.6,2.6,2.6,2.3,0,4.46,7.21,2.02,62.38,67,1
"Roast dinner, commercial or homemade, lamb, vegetables & gravy",607,599,7.2,7.7,7.6,3.8,0,2.32,3.26,0.85,282.39,80,1
"Roast dinner, commercial or homemade, lamb, vegetables, gravy & grains",633,625,4.6,18,17.8,17,0,1.48,2.08,0.55,179.62,66,1
"Roast dinner, commercial or homemade, pork, vegetables & gravy",580,572,6.1,6.7,6.5,3.9,0,1.7,2.98,0.97,34.48,87,1
"Roast pork, with rice, homemade",834,829,7.8,12.9,12.9,12.8,0,2.12,3.72,1.26,38.92,33,1
"Stir-fry, homemade, green vegetable, homemade sauce",326,289,3.7,5.5,5.5,0.4,0,0.57,1.96,0.62,24.2,7,1
"Stir-fry, commercial, beef",841,832,8.5,4.4,4.4,0.4,0,1.54,4.44,1.88,107.64,80,1
"Stir-fry, commercial, beef, with noodles",693,682,4.8,14.4,14.4,12.3,0,0.97,2.38,0.99,55.43,15,1
"Stir-fry, commercial, beef, satay sauce",809,785,12.9,4.4,4.4,3,0,4.93,5.92,1.48,419.3,54,1
"Stir-fry, homemade, beef",762,752,6,3.4,3.4,0.3,0,1.43,3.08,0.93,100.23,93,1
"Stir-fry, homemade, beef, with rice or noodles",711,702,3.7,15.1,15.1,13.2,0,0.9,1.88,0.57,60.46,36,1
"Stir-fry, homemade, beef, commercial or homemade satay sauce",815,805,9.1,8.2,8.2,3,0,2.14,5.26,1.12,84.06,60,1
"Stir-fry, commercial, beef & vegetable",462,448,7.2,3.7,3.7,2,0,2.75,3.03,1.1,234.03,49,1
"Stir-fry, commercial, beef & vegetable, with noodles",504,490,4.1,14,14,13.1,0,1.58,1.68,0.6,118.63,53,1
"Stir-fry, homemade, beef & vegetable",581,564,5.3,4.7,4.6,1,0,1.11,2.77,0.87,69.34,83,1
"Stir-fry, homemade, beef & vegetable",578,562,5.3,4.8,4.8,1.1,0,1.14,2.82,0.85,74.69,13,1
"Stir-fry, homemade, beef & vegetable, commercial simmer sauce",702,694,4.7,16.7,16.6,3.1,0,0.97,2.46,0.77,61.44,89,1
"Stir-fry, homemade, beef & vegetable, with noodles",649,632,5.3,11.8,11.8,9.2,0,1.14,2.82,0.88,59.52,71,1
"Stir-fry, homemade, beef & vegetable, with rice",614,601,3.2,17,17,14.8,0,0.67,1.67,0.53,41.61,22,1
"Stir-fry, homemade, beef & vegetable, with rice",766,750,4.1,21.4,21.4,18.5,0,0.86,2.12,0.64,56.02,22,1
"Stir-fry, homemade, beef, vegetable & egg",645,629,7.3,4.3,4.3,0.9,0,1.51,3.84,1.21,76.16,56,1
"Stir-fry, homemade, beef, vegetable & egg, with rice or noodles",698,683,5.9,14.2,14.2,11.2,0,1.21,3.1,0.98,58.71,31,1
"Stir-fry, commercial, beef, vegetable & nut",567,551,9.5,4.2,4.2,2.4,0,2.91,4.56,1.58,223.23,56,1
"Stir-fry, commercial, chicken",820,811,9.4,4.4,4.4,0.4,0,2.06,5.04,1.67,61.02,7,1
"Stir-fry, commercial, chicken, satay sauce",709,700,9.5,4.9,4.9,1.4,0,1.8,5.24,1.9,44.4,13,1
"Stir-fry, commercial, chicken, with rice or noodles",746,737,5.8,15.7,15.7,13.3,0,1.28,3.06,1.02,36.94,70,1
"Stir-fry, homemade, chicken",744,734,7,3.4,3.4,0.3,0,1.7,3.62,1.23,43.26,76,1
"Stir-fry, homemade, chicken, commercial or homemade satay sauce",795,785,9.5,8.2,8.2,3,0,2.23,5.5,1.32,33.36,19,1
"Stir-fry, commercial, chicken, with noodles",713,700,7.2,15.3,15.3,12.7,0,1.22,3.81,1.73,41.62,100,1
"Stir-fry, homemade, chicken, with rice or noodles",804,794,7,13.5,13.5,10.8,0,1.56,3.72,1.23,44.86,37,1
"Stir-fry, commercial, chicken & vegetable",522,508,7.1,3,2.9,0.8,0,1.14,3.77,1.71,41.6,8,1
"Stir-fry, commercial, chicken & vegetable, satay sauce",483,468,5.8,4.6,4.5,1.5,0,1.08,3.14,1.16,26.75,99,1
"Stir-fry, commercial, noodles, added chicken & vegetable",760,744,8.7,14.9,14.8,12.5,0,1.38,4.61,2.11,50.5,9,1
"Stir-fry, homemade, chicken & vegetable, commercial simmer sauce",634,625,5.7,12.3,12.3,2.3,0,1.4,2.86,1.02,32.94,13,1
"Stir-fry, homemade, chicken & vegetable",571,553,5.9,4.7,4.6,1,0,1.26,3.07,1.04,37.29,42,1
"Stir-fry, homemade, chicken & vegetable",729,712,10.3,4.8,4.8,1.1,0,2.52,5.39,1.62,55,11,1
"Stir-fry, homemade, chicken & vegetable, commercial or homemade satay sauce, with rice or noodles",707,694,5.2,18.9,18.9,15.8,0,1.22,2.93,0.71,17.91,31,1
"Stir-fry, homemade, chicken & vegetable, with noodles",560,545,3.9,12.6,12.5,10.3,0,0.92,1.97,0.66,23.66,6,1
"Stir-fry, homemade, chicken & vegetable, with rice",608,595,3.6,17,17,14.8,0,0.76,1.85,0.63,22.37,71,1
"Stir-fry, commercial, chicken, vegetable & nut",619,604,10.1,3,3,0.8,0,1.32,5.71,2.47,47.32,63,1
"Stir-fry, homemade, chicken, vegetable & nut",482,468,6.3,2.8,2.7,0.8,0,1,3.62,1.27,27.14,71,1
"Stir-fry, commercial, chicken, vegetable & seaweed",525,510,7.1,3,2.9,0.8,0,1.14,3.76,1.71,41.51,70,1
"Stir-fry, homemade, crab",534,519,3.8,14.2,14.2,0.8,0,0.64,2.1,0.72,28.6,59,1
"Stir-fry, homemade, egg & vegetable",514,490,7.1,6.3,6.2,1.3,0,1.5,3.47,1.15,30.08,54,1
"Stir-fry, homemade, egg & vegetable, with rice or noodles",625,606,5.6,18.2,18.1,14.4,0,1.11,2.88,0.94,29.22,70,1
"Stir-fry, commercial, fish",642,633,7.1,4.4,4.4,0.4,0,1.34,3.78,1.36,58.94,63,1
"Stir-fry, homemade, fish & vegetable",500,484,4.4,4.2,4.1,0.9,0,0.83,2.16,0.84,36.72,14,1
"Stir-fry, homemade, fish & vegetable",518,502,4.7,4.8,4.8,1.1,0,0.88,2.37,0.89,39.1,34,1
"Stir-fry, homemade, fish & vegetable, with rice or noodles",554,541,2.8,15.6,15.6,13.6,0,0.54,1.33,0.52,22.36,84,1
"Stir-fry, commercial, lamb, mongolian sauce",738,731,9.3,2.6,2.6,0.8,0,2.23,4.36,1.82,293.07,31,1
"Stir-fry, commercial, lamb, satay sauce",784,775,11.9,4.9,4.9,1.4,0,2.57,6.36,2.07,235.22,9,1
"Stir-fry, homemade, lamb",872,862,10.1,3.4,3.4,0.3,0,3.01,4.61,1.4,284.51,74,1
"Stir-fry, commercial, lamb & vegetable",633,617,8.9,3.7,3.6,1,0,1.73,4.47,1.97,143.41,20,1
"Stir-fry, homemade, lamb & vegetable, with rice or noodles",777,768,6.2,15.1,15.1,13.2,0,1.85,2.8,0.86,171.03,29,1
"Stir-fry, homemade, seafood & vegetable",498,481,4.4,4.6,4.5,1,0,0.79,2.22,0.85,34.7,15,1
"Stir-fry, homemade, seafood & vegetable, with rice or noodles",691,673,3.5,19.8,19.7,17.1,0,0.65,1.71,0.66,26.43,13,1
"Stir-fry, commercial, pork, plum sauce",1036,1019,17.4,9.8,9.8,5.7,0,8.82,6.49,1.03,116.44,42,2
"Stir-fry, commercial, pork, sweet & sour sauce",778,759,9.4,18,18,7.9,0,4.13,4.04,0.83,62.9,85,1
"Stir-fry, commercial, pork & vegetable",989,971,15.5,7.2,7.2,3.8,0,5.71,6.7,2.07,99.07,14,1
"Stir-fry, homemade, pork",744,734,5.4,3.4,3.4,0.3,0,1.25,2.7,0.99,34.57,88,1
"Stir-fry, homemade, pork & vegetable, commercial simmer sauce",704,697,4.5,17.1,17.1,3.1,0,0.89,2.31,0.79,29.26,76,1
"Stir-fry, homemade, pork & vegetable",571,553,4.9,4.7,4.6,1,0,1,2.55,0.9,32.4,23,1
"Stir-fry, homemade, pork & vegetable",565,548,4.9,4.8,4.8,1.1,0,1,2.55,0.88,32.22,6,1
"Stir-fry, homemade, pork & vegetable, with rice or noodles",596,582,3.1,15.9,15.9,13.6,0,0.65,1.57,0.56,19.76,94,1
"Stir-fry, commercial, prawn, garlic sauce",527,509,7.4,2.5,2.5,1.4,0,1.64,1.47,3.56,135.48,29,1
"Stir-fry, commercial, prawn, satay sauce",621,612,7.4,4.9,4.9,1.4,0,1.39,4.29,1.2,41.62,88,1
"Stir-fry, homemade, prawn, garlic sauce",1195,1186,23.8,1.8,1.8,0.2,0,3.79,15.66,2.93,64.72,36,2
"Stir-fry, homemade, prawn & vegetable",491,473,4.1,4.6,4.5,1,0,0.69,2.13,0.76,30.15,81,1
"Stir-fry, homemade, prawn & vegetable, with rice or noodles",611,596,4.2,14.6,14.6,12,0,0.72,2.23,0.77,30.22,87,1
"Stir-fry, commercial, rice noodles, added prawn, egg & vegetable (pad Thai)",856,846,11,17.6,17.6,14,0,1.88,6.21,1.97,75.8,36,1
"Stir-fry, commercial, rice noodles, added prawn, pork, egg & vegetable (mee grob)",1597,1523,25.4,29.8,29.8,18,0,2.8,10,10.92,546.35,86,2
"Stir-fry, commercial, seafood (prawn, squid & fish) & vegetable",509,493,7,3.8,3.7,0.8,0,0.89,3.69,1.83,45.49,87,1
"Stir-fry, homemade, squid or calamari",556,543,4.3,4.9,4.9,0.2,0,0.83,1.79,0.94,36.28,65,1
"Stir-fry, homemade, tofu, commercial or homemade satay sauce",740,711,12.4,4.9,4.9,1.4,0,2.01,5.43,4.07,36.85,83,1
"Stir-fry, homemade, tofu & vegetable",459,432,6.7,3.8,3.8,0.9,0,0.99,2.65,2.46,23.67,100,1
"Stir-fry, commercial, vegetable",695,675,14.4,6.2,6.1,1.6,0,1.72,7.96,3.78,86.92,87,1
"Stir-fry, commercial, noodles, added vegetable",604,585,6.4,16.8,16.7,13.8,0,0.9,3.41,1.59,37.06,74,1
"Stir-fry, homemade, vegetable",362,330,3.7,8.2,8.1,1.7,0,0.58,1.96,0.67,24.37,76,1
"Stir-fry, homemade, vegetable, with noodles",537,513,4.2,17,16.9,12.8,0,0.8,2.21,0.72,27.08,100,1
"Stir-fry, homemade, vegetable, with rice",483,461,2.3,19.2,19.1,15.2,0,0.35,1.18,0.41,14.62,12,1
"Stir-fry, homemade, vegetable & nut or legume",439,406,5.5,8,7.9,2.1,0,0.66,3.19,1.12,22.14,91,1
"Stir-fry, homemade, vegetable & nut or legume, with rice or noodles",518,494,3.4,17.9,17.8,14.3,0,0.44,1.95,0.69,13.61,17,1
"Mixed dish, infant food, meat & vegetable, puree or mash",234,219,0.8,6.9,6.7,3.9,0,0.18,0.29,0.1,16.19,33,1
"Tandoori chicken, commercial",740,737,7,0,0,0,0,2.25,3.25,1.16,39.9,80,1
"Tandoori chicken, homemade, with commercial paste & yoghurt",744,730,10.9,4.1,4.1,0.8,0,2.66,5.42,2.25,74.61,83,1
"Tandoori lamb, commercial",1115,1098,19.2,0,0,0,0,9.19,7.21,1.18,1003.2,79,2
"Tandoori prawn, homemade or commercial, with commercial paste & yoghurt",686,671,9.3,4.1,4.1,0.8,0,2.13,4.55,2,68.22,72,1
"Dip, avocado or guacamole, commercial",1186,1176,27.4,3.8,3.8,2.7,0,11.22,10.74,3.37,703.32,15,2
"Dip, avocado or guacamole, homemade",732,705,17.6,1,1,0.1,0,3.95,10.52,2.32,0,52,1
"Dip, beetroot, commercial",865,843,15.8,10.8,10.8,1.9,0,3.63,8.08,3.14,190.79,75,1
"Dip, beetroot, homemade",592,574,10.9,6.8,6.8,0.1,0,1.75,5.9,2.67,78.55,36,1
"Dip, carrot, commercial",666,649,14.6,3.2,3.2,0.4,0,4.31,6.5,2.62,261.54,45,1
"Dip, carrot, homemade",449,426,8.7,4.2,4.2,0.8,0,1.92,4.24,1.77,104.18,65,1
"Dip, capsicum, commercial, regular",1189,1184,26.3,7.1,7.1,2.8,0,11.27,9.73,3.2,737.87,21,2
"Dip, chilli & nut, commercial, regular",1947,1914,37.5,21.5,21.5,13.8,0,6.16,21.99,7.54,148.88,16,2
"Dip, crab, commercial, regular",1103,1097,23.2,6.8,6.8,0.2,0,12.66,6.82,1.63,814.74,42,2
"Dip, cream cheese based, flavoured, commercial",1008,1008,21.6,8.3,8.3,0,0,14.13,4.93,0.48,955.11,90,2
"Dip, cream cheesed based, flavoured, homemade",1096,1093,21.8,8.2,8.2,3.9,0,14.04,5.11,0.5,963.93,41,2
"Dip, cucumber & yoghurt, commercial",264,258,3,4.1,4.1,0.4,0,1.63,0.95,0.18,47.75,23,1
"Dip, cucumber & yoghurt, homemade",214,208,1.9,3.9,3.9,0.3,0,1.02,0.62,0.13,29.68,57,1
"Dip, eggplant, commercial",746,734,14,10.5,10.5,8.1,0,1.69,7.69,3.77,86.48,6,1
"Dip, eggplant, homemade",331,307,5.7,3.1,3.1,0.1,0,0.81,2.57,1.75,67.85,18,1
"Dip, hummus, commercial",1122,1070,21.6,9.4,9.4,8.7,0,2.58,10.52,7.19,217.16,59,2
"Dip, hummus, homemade",792,744,13.1,8.9,8.9,8.2,0,1.56,5.79,4.87,161.62,79,1
"Dip, olive, commercial",1820,1810,46.9,2.2,2.2,1,0,6.17,19.63,18.89,147.78,55,2
"Dip, pumpkin or sweet potato, commercial",1392,1363,26.5,14.9,14.7,7.8,0,4.66,15.51,5.04,108.71,84,2
"Dip, salmon, commercial, regular",1160,1157,25.4,5,5,2.2,0,13.52,7.54,2.04,848.86,54,2
"Dip, sour cream-based, commercial",835,835,17.4,4.4,4.4,0,0,11.39,4.05,0.39,656.21,77,1
"Dip, sour cream based, homemade",1219,1215,26.3,10.7,10.7,3.9,0,16.95,6.32,0.6,998.55,90,2
"Dip, spinach & fetta, commercial",1391,1380,33.1,1.3,1.3,0.2,0,11.93,9.62,9.17,721.76,37,2
"Dip, sundried tomato, commercial",1458,1423,28.7,13.2,13.2,2,0,7.22,14,5.77,418.38,64,2
"Dip, tomato &/or capsicum, homemade",681,668,11.6,3.2,3.2,0.7,0,6.44,3.83,0.55,310.66,83,1
"Dip, taramosalata, commercial",1686,1673,35.6,14.2,14.2,12.4,0,4.49,19.4,9.72,241.5,89,2
"Dip, taramosalata, homemade",1689,1677,35.6,14.2,14.2,12.4,0,4.5,19.43,9.74,241.99,9,2
"Dip, not further defined",1052,1031,21.7,7.8,7.8,3.8,0,7.27,8.65,4.3,443.13,87,2
"Sushi, beef, with seaweed",684,675,2.4,26.2,26.2,24.5,0,0.75,1.01,0.27,73.02,59,1
"Sushi, bacon & vegetable, with seaweed",613,604,1.9,24,24,22.1,0,0.57,0.88,0.21,11.85,8,1
"Sushi, California roll, commercial",533,525,1.4,22.5,22.5,19.7,0,0.44,0.58,0.28,25.63,99,1
"Sushi, chicken, with seaweed",646,637,1,27.2,27.2,24.7,0,0.28,0.42,0.19,4.88,55,1
"Sushi, chicken & avocado, with seaweed",668,658,3.1,24.5,24.5,22.3,0,0.74,1.67,0.45,4.39,74,1
"Sushi, chicken & avocado, without seaweed",662,654,3.1,24.8,24.8,22.6,0,0.73,1.66,0.43,4.26,98,1
"Sushi, crab stick, with seaweed",600,591,0.3,29.4,29.4,26.9,0,0.02,0.08,0.05,2.67,55,1
"Sushi, egg, with seaweed",683,674,3.5,27.1,27.1,25.3,0,0.65,1.69,0.72,13.22,11,1
"Sushi, fish, with seaweed",638,629,1.3,27,27,25.3,0,0.33,0.45,0.25,17.58,66,1
"Sushi, fish, without seaweed",628,623,1.9,23.9,23.9,22.4,0,0.48,0.66,0.34,26.16,26,1
"Sushi, fried bean curd (inari)",678,662,3.8,23.9,23.9,22.4,0,0.52,1.14,1.79,5.95,61,1
"Sushi, prawn, with seaweed",603,595,0.3,27,27,25.3,0,0.05,0.03,0.07,2.29,86,1
"Sushi, prawn, without seaweed",577,572,0.4,23.9,23.9,22.4,0,0.06,0.04,0.06,3.22,61,1
"Sushi, prawn tempura, with seaweed",743,732,3.2,31.1,31.1,29.1,0,1.06,1.04,0.8,57.4,95,1
"Sushi, salmon & avocado, with seaweed",715,705,5,23.6,23.6,22.1,0,1.25,2.43,0.77,43.39,99,1
"Sushi, salmon, with seaweed",676,668,2.4,27,27,25.3,0,0.55,0.91,0.55,31,31,1
"Sushi, salmon, without seaweed",670,664,2.4,27.3,27.3,25.5,0,0.55,0.92,0.54,31.17,7,1
"Sushi, tuna, with seaweed",691,683,2.7,27.1,27.1,25.3,0,0.39,0.77,1.27,14.02,7,1
"Sushi, tuna, without seaweed",600,595,0.6,23.9,23.9,22.4,0,0.12,0.09,0.16,7.52,22,1
"Sushi, tuna & avocado, with seaweed",714,704,4.9,23.7,23.7,22.1,0,0.88,2.06,1.55,14.02,6,1
"Sushi, tuna & avocado, without seaweed",708,700,4.8,24,24,22.4,0,0.87,2.06,1.53,13.88,91,1
"Sushi, vegetable, with seaweed",628,616,2.8,27.5,27.5,25.3,0,0.46,1.16,0.91,6.3,36,1
"Sushi, not further defined",656,647,2.3,26.3,26.3,24.3,0,0.48,0.91,0.62,15.64,71,1
"Cabbage roll, stuffed with meat & rice",452,438,4.8,5.4,5.4,3.1,0,1.43,2.3,0.67,86.14,77,1
"Cabbage roll, stuffed with tomato & rice",332,316,1,14.4,14.4,12,0,0.1,0.47,0.23,5.16,54,1
"Capsicum, stuffed with meat & rice",520,506,4.5,11.3,11.3,8.5,0,1.21,2.15,0.68,72.36,13,1
"Capsicum, stuffed with tomato & rice",404,388,1.5,17.2,17.2,14.1,0,0.16,0.74,0.35,8.08,54,1
"Mixed vegetables, stuffed with meat & rice",506,493,4.5,10.8,10.8,8.6,0,1.21,2.15,0.68,72.36,40,1
"Mushroom, stuffed with cheese & bacon",763,746,9.1,13.9,13.1,11.7,0,4.01,3.26,1.07,189.51,25,1
"Pepper, stuffed with cheese",645,635,13.4,2.3,2.3,0,0,6.36,3.73,2.03,492.36,85,1
"Vine leaf, stuffed with rice & meat, homemade from basic ingredients",606,591,10.1,4.6,4.6,4,0,1.93,5.27,2.24,108.18,20,1
"Vine leaf, stuffed with rice & tomato, commercial",688,666,8.2,19,19,18.1,0,0.97,4.4,2.23,47.8,7,1
"Vine leaf, stuffed with rice & tomato, homemade from basic ingredients",728,706,9.5,18.5,18.5,17.7,0,1.13,5.15,2.57,55.89,69,1
"Barramundi, raw",385,385,1.5,0,0,0,0,0.36,0.34,0.33,18.69,78,1
"Barramundi, baked, roasted, grilled, BBQ'd or fried, no added fat",528,528,2.1,0,0,0,0,0.5,0.46,0.45,25.6,6,1
"Barramundi, baked, roasted, grilled, BBQ'd, fried or deep fried, butter, dairy blend or margarine",704,704,7.4,0,0,0,0,3.55,1.8,0.85,284.85,96,1
"Barramundi, baked, roasted, grilled, BBQ'd, fried or deep fried, canola oil",755,755,8.8,0,0,0,0,0.98,4.51,2.38,26.29,20,1
"Barramundi, baked, roasted, grilled, BBQ'd, fried or deep fried, olive oil",755,755,8.8,0,0,0,0,1.52,5.32,1.02,24.32,27,1
"Barramundi, baked, roasted, grilled, BBQ'd, fried or deep fried, other oil",755,755,8.8,0,0,0,0,1.4,2.97,3.44,159.2,73,1
"Barramundi, baked, roasted, grilled, BBQ'd, fried or deep fried, fat not further defined",750,750,8.7,0,0,0,0,1.6,4.44,1.66,73.88,34,1
"Barramundi, boiled, microwaved, steamed or poached, no added fat",459,459,1.8,0,0,0,0,0.44,0.4,0.39,22.25,75,1
"Barramundi, coated, baked, roasted, fried, deep fried, grilled or BBQ'd, fat not further defined",821,818,9.5,6.7,6.7,6.3,0,1.74,4.98,1.87,80.05,45,1
"Barramundi, coated, takeaway outlet, deep fried",1059,1055,16.9,9.5,9.5,9.3,0,1.94,6.7,6.97,289.67,93,2
"Bassa (basa), raw",332,332,1.8,0,0,0,0,0.5,0.51,0.2,20.4,77,1
"Bassa (basa), baked, roasted, grilled, BBQ'd or fried, no added fat",455,455,2.4,0,0,0,0,0.69,0.69,0.28,27.95,99,1
"Bassa (basa), baked, roasted, grilled, BBQ'd, fried or deep fried, fat not further defined",681,681,9,0,0,0,0,1.78,4.66,1.5,76.11,19,1
"Bassa (basa), boiled, microwaved, steamed or poached, with or without added fat",415,415,2.7,0,0,0,0,0.7,0.95,0.35,28.48,26,1
"Bassa (basa), coated, baked, roasted, fried, deep fried, grilled or BBQ'd, fat not further defined",767,763,9.8,6.6,6.6,6.2,0,1.9,5.13,1.74,80.54,12,1
"Blue grenadier (hoki), raw",313,313,1.2,0.3,0.3,0,0,0.28,0.37,0.2,16.79,98,1
"Blue grenadier (hoki), baked, roasted, fried, grilled or BBQ'd, no added fat",427,427,1.3,0.3,0.3,0,0,0.3,0.4,0.21,18.11,69,1
"Blue grenadier (hoki), baked, roasted, grilled, BBQ'd, fried or deep fried, fat not further defined",656,656,8.3,0.4,0.4,0,0,1.49,4.49,1.49,71.4,92,1
"Blue grenadier (hoki), boiled, microwaved, steamed or poached, with or without added fat",392,392,2,0.3,0.3,0,0,0.43,0.79,0.34,24.19,43,1
"Blue grenadier (hoki), coated, baked, roasted, grilled, BBQ'd, fried or deep fried, fat not further defined",747,744,9.2,6.8,6.8,6.2,0,1.68,5,1.74,76.98,37,1
"Blue grenadier (hoki), coated, takeaway outlet, deep fried",1006,1002,16.7,9.7,9.7,9.3,0,1.88,6.72,6.88,288.27,52,2
"Blue grenadier (hoki), coated, packaged frozen, baked, roasted, fried, grilled or BBQ'd, with or without added fat",1025,1016,11.8,18.2,18.2,16.8,0,1.75,6.28,2.89,87.65,37,2
"Blue-eye trevalla, flesh, raw",371,371,1.3,0,0,0,0,0.27,0.33,0.32,0,77,1
"Blue-eye trevalla, baked, roasted, grilled, BBQ'd, fried or deep fried, fat not further defined",732,732,8.4,0,0,0,0,1.48,4.43,1.65,49.56,56,1
"Blue-eye trevalla, coated, takeaway outlet, deep fried",1049,1045,16.8,9.5,9.5,9.3,0,1.87,6.69,6.97,275.94,79,2
"Bream, raw",521,521,5.1,0,0,0,0,1.76,1.58,1.25,91.34,51,1
"Bream, baked, roasted, fried, grilled or BBQ'd, no added fat",714,714,7,0,0,0,0,2.41,2.17,1.71,125.12,68,1
"Bream, baked, roasted, grilled, BBQ'd, fried or deep fried, fat not further defined",927,927,13.4,0,0,0,0,3.42,6.07,2.86,168.42,99,1
"Bream, boiled, microwaved, steamed or poached, with or without added fat",581,581,5.4,0,0,0,0,1.7,1.85,1.29,96.71,14,1
"Cod, Atlantic, flesh, raw",328,328,0.7,0,0,0,0,0.14,0.1,0.24,0,47,1
"Cod, Pacific, flesh, raw",275,275,0.4,0,0,0,0,0.08,0.06,0.15,0,98,1
"Cod or hake, raw",314,314,0.6,0,0,0,0,0.12,0.09,0.22,0,67,1
"Cod or hake, baked, roasted, fried, grilled or BBQ'd, no added fat",431,431,0.8,0,0,0,0,0.16,0.12,0.3,0,89,1
"Cod or hake, baked, roasted, grilled, BBQ'd, fried or deep fried, fat not further defined",658,658,7.5,0,0,0,0,1.28,4.12,1.52,49.56,8,1
"Cod or hake, boiled, microwaved, steamed or poached, with or without added fat",394,394,1.3,0,0,0,0,0.24,0.45,0.36,4.31,13,1
"Cod or hake, coated, baked, roasted, grilled, BBQ'd, fried or deep fried, fat not further defined",749,746,8.7,6.6,6.6,6.2,0,1.52,4.72,1.76,60.49,94,1
"Cod or hake, coated, takeaway outlet, deep fried",1007,1003,16.3,9.5,9.5,9.3,0,1.76,6.52,6.89,275.94,28,2
"Cod or hake, coated, packaged frozen, baked, roasted, fried, grilled or BBQ'd, with or without added fat",927,920,10.2,14.2,14.2,13.2,0,1.49,5.43,2.54,66.42,52,1
"Dugong, wild caught, flesh, raw",526,526,3.1,0,0,0,0,1.02,1.2,0.58,55.52,86,1
"Dugong, wild caught, flesh, cooked",650,650,3.8,0,0,0,0,1.26,1.49,0.72,68.54,25,1
"Flathead, raw",395,395,1,0,0,0,0,0.28,0.18,0.24,13.93,97,1
"Flathead, baked, roasted, fried, grilled or BBQ'd, no added fat",541,541,1.4,0,0,0,0,0.38,0.24,0.33,19.08,12,1
"Flathead, baked, roasted, grilled, BBQ'd, fried or deep fried, fat not further defined",763,763,8,0,0,0,0,1.49,4.24,1.55,67.68,14,1
"Flathead, boiled, microwaved, steamed or poached, with or without added fat",487,487,1.2,0,0,0,0,0.34,0.21,0.28,16.72,48,1
"Flathead, coated, baked, roasted, fried, deep-fried, grilled or BBQ'd, fat not further defined",828,825,9,6.6,6.6,6.2,0,1.68,4.81,1.78,74.18,97,1
"Flathead, coated, takeaway outlet, deep fried",1593,1585,30.5,18.1,18.1,17.8,0,3.28,12.37,12.92,530.7,11,2
"Flounder, raw",282,282,1.9,0,0,0,0,0.44,0.54,0.37,0.15,26,1
"Flounder, baked, roasted, fried, grilled or BBQ'd, no added fat",387,387,2.6,0,0,0,0,0.6,0.73,0.51,0.2,6,1
"Flounder, baked, roasted, grilled, BBQ'd, fried or deep fried, fat not further defined",617,617,9.2,0,0,0,0,1.7,4.7,1.72,49.75,74,1
"Garfish, raw",464,464,2.7,0,0,0,0,0.42,0.57,0.91,0,30,1
"Garfish, coated, takeaway outlet, deep fried",1117,1113,17.8,9.5,9.5,9.3,0,1.98,6.87,7.4,275.94,78,2
"Gemfish, raw",323,323,2.6,0.1,0.1,0,0,0.72,1.03,0.57,46.67,98,1
"Gemfish, boiled, microwaved, steamed or poached, no added fat",517,517,3.1,0.3,0.3,0,0,0.87,1.24,0.69,56.24,89,1
"Grouper, raw",367,367,1,0,0,0,0,0.22,0.19,0.3,0,13,1
"Grouper, baked, roasted, fried, grilled or BBQ'd, no added fat",503,503,1.4,0,0,0,0,0.3,0.26,0.41,0,20,1
"Grouper, baked, roasted, fried, grilled or BBQ'd, fat not further defined",727,727,8.1,0,0,0,0,1.42,4.25,1.63,49.56,76,1
"Grouper, coated, baked, roasted, grilled, or BBQ'd, fat not further defined",801,798,9.1,6.6,6.6,6.2,0,1.62,4.82,1.84,60.49,57,1
"John dory, raw",384,384,0.8,0.2,0.2,0,0,0.21,0.17,0.18,0,17,1
"John dory, baked, roasted, fried, grilled or BBQ'd, no added fat",526,526,1.1,0.3,0.3,0,0,0.28,0.23,0.25,0,93,1
"John dory, baked, roasted, grilled, BBQ'd, fried or deep fried, fat not further defined",749,749,7.8,0.3,0.3,0,0,1.4,4.23,1.48,49.56,47,1
"John dory, coated, baked, roasted, fried, or BBQ'd, fat not further defined",818,815,8.8,6.8,6.8,6.2,0,1.6,4.8,1.72,60.49,89,1
"Ling, raw",346,346,0.6,0,0,0,0,0.12,0.09,0.23,0,82,1
"Ling, baked, roasted, fried, grilled or BBQ'd, no added fat",475,475,0.9,0,0,0,0,0.17,0.13,0.32,0,7,1
"Ling, baked, roasted, grilled, BBQ'd, fried or deep fried, fat not further defined",700,700,7.6,0,0,0,0,1.29,4.13,1.54,49.56,26,1
"Ling, coated, baked, roasted, grilled, BBQ'd, fried or deep fried, fat not further defined",783,780,8.7,6.7,6.7,6.3,0,1.5,4.73,1.78,61.36,68,1
"Mackerel, raw",561,561,6.3,0,0,0,0,2.03,1.7,1.93,0,61,1
"Mackerel, baked, roasted, fried, grilled or BBQ'd, no added fat",768,768,8.6,0,0,0,0,2.78,2.33,2.65,0,20,1
"Mackerel, baked, roasted, grilled, BBQ'd, fried or deep fried, fat not further defined",895,895,12.4,0,0,0,0,3.38,4.66,3.31,29.73,85,1
"Mackerel, coated, takeaway outlet, deep fried",1107,1104,18.8,5.8,5.8,5.7,0,3.21,6.89,7.39,233.54,81,2
"Mackerel, canned",1063,1062,18.6,3,3,0.1,0,3.46,8.67,5.17,76.26,80,2
"Milkfish, raw",795,795,10.7,0,0,0,0,3.79,3.73,1.95,183.54,19,1
"Milkfish, boiled, microwaved, steamed or poached, with or without added fat",963,963,13.3,0,0,0,0,4.58,4.76,2.42,221.71,53,1
"Morwong, raw",544,544,5.8,0,0,0,0,1.99,2.04,1.24,103.88,99,1
"Morwong, boiled, microwaved, steamed or poached, with or without added fat",528,528,3.7,0,0,0,0,1.37,1.25,0.76,66.27,100,1
"Mullet, raw",549,549,6,0,0,0,0,2.67,1.97,0.79,107.46,84,1
"Mullet, baked, roasted, grilled, BBQ'd, fried or deep fried, fat not further defined",964,964,14.5,0,0,0,0,4.6,6.57,2.27,189.4,30,1
"Mullet, boiled, microwaved, steamed or poached, with or without added fat",559,559,5,0,0,0,0,2,1.6,0.92,89.55,97,1
"Mullet, coated, takeaway outlet, deep fried",1180,1176,20.2,9.5,9.5,9.3,0,3.64,7.9,7.32,354.9,42,2
"Mulloway, raw",435,435,2.3,0,0,0,0,0.78,0.65,0.64,41.19,11,1
"Mulloway, baked, roasted, grilled, BBQ'd, fried or deep fried, fat not further defined",681,681,5.7,0,0,0,0,1.49,2.45,1.34,74.76,96,1
"Mulloway, boiled, microwaved, steamed or poached, with or without added fat",540,540,3.9,0,0,0,0,1.36,1.07,1.07,69.85,9,1
"Mulloway, coated, fried or deep fried, fat not further defined",871,868,10.3,6.7,6.7,6.3,0,2.16,5.29,2.18,102.55,33,1
"Nile perch, baked, roasted, fried, grilled or BBQ'd, no added fat",528,528,2.1,0,0,0,0,0.5,0.46,0.45,25.6,98,1
"Nile perch, baked, roasted, grilled, BBQ'd, fried or deep fried, fat not further defined",750,750,8.7,0,0,0,0,1.6,4.44,1.66,73.88,64,1
"Nile perch, boiled, microwaved, steamed or poached, with or without added fat",478,478,2.4,0,0,0,0,0.53,0.75,0.5,26.44,26,1
"Nile perch, coated, baked, roasted, grilled, BBQ'd, fried or deep fried, fat not further defined",821,818,9.5,6.7,6.7,6.3,0,1.74,4.98,1.87,80.05,25,1
"Nile perch, coated, takeaway outlet, deep fried",1059,1055,16.9,9.5,9.5,9.3,0,1.94,6.7,6.97,289.67,9,2
"Orange roughy, raw",460,460,4.9,0,0,0,0,0.1,3.29,0.03,28.2,64,1
"Orange roughy, boiled, microwaved, steamed or poached, no added fat",548,548,5.8,0,0,0,0,0.12,3.92,0.04,33.56,87,1
"Salmon, Atlantic, raw",863,863,13.4,0,0,0,0,2.76,5.22,4.03,215.47,88,1
"Salmon, Pacific king, raw",1149,1149,22.8,0,0,0,0,5.65,8.77,6.08,61.45,55,2
"Salmon, raw, not further defined",877,877,13.9,0,0,0,0,2.91,5.4,4.13,207.77,58,1
"Salmon, baked, roasted, fried, grilled or BBQ'd, no added fat",1202,1202,19.1,0,0,0,0,3.98,7.4,5.66,284.61,94,2
"Salmon, baked, roasted, fried, grilled or BBQ'd, butter, dairy blend or margarine",1288,1288,21.8,0,0,0,0,5.71,7.99,5.74,432.39,34,2
"Salmon, baked, roasted, grilled, BBQ'd, fried or deep fried, canola oil",1318,1318,22.6,0,0,0,0,4.16,9.62,6.66,277.25,14,2
"Salmon, baked, roasted, grilled, BBQ'd, fried or deep fried, olive oil",1318,1318,22.6,0,0,0,0,4.49,10.1,5.85,276.08,68,2
"Salmon, baked, roasted, grilled, BBQ'd, fried or deep fried, other oil",1318,1318,22.6,0,0,0,0,4.42,8.7,7.3,357,69,2
"Salmon, baked, roasted, grilled, BBQ'd, fried or deep fried, fat not further defined",1315,1315,22.5,0,0,0,0,4.54,9.58,6.23,305.81,35,2
"Salmon, boiled, microwaved, steamed or poached, with or without added fat",1061,1061,17.1,0,0,0,0,3.54,6.74,5,250.41,53,2
"Salmon, coated, baked, roasted, fried, grilled or BBQ'd, no added fat",1107,1103,15.3,8.1,8.1,7.6,0,3.2,5.95,4.48,221.26,67,2
"Salmon, coated, baked, roasted, fried, grilled or BBQ'd, fat not further defined",1302,1299,21.7,6.6,6.6,6.2,0,4.26,9.94,5.6,264.58,42,2
"Salmon, sashimi style, raw",879,879,13.5,0,0,0,0,3.76,5.67,2.31,216.27,50,1
"Sardine, raw",442,442,2.9,0,0,0,0,1.17,0.51,0.75,46.58,86,1
"Sardine, cooked, not further defined",687,687,6.9,0,0,0,0,2.05,2.57,1.55,83.55,29,1
"Shark (flake), raw",449,449,0.1,0,0,0,0,0.03,0.01,0.03,1.39,41,1
"Shark (flake), baked, roasted, fried, grilled or BBQ'd, no added fat",615,615,0.1,0,0,0,0,0.04,0.01,0.04,1.91,71,1
"Shark (flake), baked, roasted, grilled, BBQ'd, fried or deep fried, fat not further defined",833,833,6.9,0,0,0,0,1.16,4.02,1.28,51.37,26,1
"Shark (flake), boiled, microwaved, steamed or poached, with or without added fat",523,523,0.2,0,0,0,0,0.06,0.01,0.07,2.79,38,1
"Shark (flake), coated, takeaway outlet, deep fried",1106,1102,15.9,9.5,9.5,9.3,0,1.7,6.46,6.76,276.96,6,2
"Shark (flake), coated, baked, roasted, grilled or BBQ'd, fat not further defined",881,878,8.2,6.6,6.6,6.2,0,1.43,4.64,1.58,61.86,58,1
"Shark (flake), coated, packaged frozen, baked, roasted, fried, grilled or BBQ'd, with or without added fat",1045,1038,9.7,14.2,14.2,13.2,0,1.41,5.36,2.38,67.65,57,2
"Silver perch, raw",924,924,16,0,0,0,0,4.27,6.88,2.92,336.22,53,1
"Silver perch, baked, roasted, fried, grilled or BBQ'd, no added fat",1266,1266,22,0,0,0,0,5.85,9.43,4.01,460.57,57,2
"Silver perch, baked, roasted, grilled, BBQ'd, fried or deep fried, fat not further defined",1377,1377,25.3,0,0,0,0,6.35,11.55,4.63,476.49,90,2
"Silver perch, boiled, microwaved, steamed or poached, with or without added fat",1116,1116,19.6,0,0,0,0,5.16,8.5,3.57,402.57,87,2
"Snapper, raw",405,405,1.6,0,0,0,0,0.46,0.32,0.33,22.29,32,1
"Snapper, baked, roasted, fried, grilled or BBQ'd, no added fat",554,554,2.2,0,0,0,0,0.63,0.44,0.45,30.53,33,1
"Snapper, baked, roasted, fried, grilled or BBQ'd, butter, dairy blend or margarine",729,729,7.5,0,0,0,0,3.68,1.78,0.85,289.53,76,1
"Snapper, baked, roasted, fried, grilled or BBQ'd, canola oil",780,780,8.9,0,0,0,0,1.1,4.49,2.38,30.97,39,1
"Snapper, baked, roasted, grilled, BBQ'd, fried or deep fried, olive oil",780,780,8.9,0,0,0,0,1.65,5.3,1.02,29,48,1
"Snapper, baked, roasted, grilled, BBQ'd, fried or deep fried, other oil",780,780,8.9,0,0,0,0,1.53,2.95,3.44,163.88,50,1
"Snapper, baked, roasted, grilled, BBQ'd, fried or deep fried, fat not further defined",775,775,8.8,0,0,0,0,1.73,4.43,1.66,78.56,12,1
"Snapper, boiled, microwaved, steamed or poached, with or without added fat",511,511,2.7,0,0,0,0,1.01,0.73,0.68,48.36,73,1
"Snapper, coated, baked, roasted, fried, deep fried, grilled or BBQ'd, fat not further defined",837,834,9.6,6.6,6.6,6.2,0,1.86,4.95,1.87,82.38,34,1
"Snapper, coated, takeaway outlet, deep fried",1074,1069,17,9.5,9.5,9.3,0,2.02,6.69,6.97,292.32,33,2
"Stingray, wild caught, flesh, baked, roasted, fried, grilled or BBQ'd, no added fat",615,615,0.1,0,0,0,0,0.04,0.01,0.04,1.91,46,1
"Swordfish, raw",546,546,5.7,0,0,0,0,1.44,2.67,0.98,42.32,64,1
"Swordfish, baked, roasted, fried, grilled or BBQ'd, no added fat",748,748,7.8,0,0,0,0,1.97,3.66,1.34,57.97,12,1
"Swordfish, baked, roasted, grilled, BBQ'd, fried or deep fried, fat not further defined",833,833,10.4,0,0,0,0,2.39,5.21,1.81,76.82,32,1
"Tilapia, raw",477,477,4.4,0,0,0,0,1.37,1.69,0.81,87.12,33,1
"Tilapia, boiled, microwaved, steamed or poached, no added fat",568,568,5.2,0,0,0,0,1.63,2.01,0.96,103.71,71,1
"Trevally or kingfish, raw",459,459,2.8,0,0,0,0,0.5,0.73,0.67,19.25,28,1
"Trevally or kingfish, cooked, no fat added",628,628,3.8,0,0,0,0,0.69,1,0.92,26.37,56,1
"Trevally or kingfish, baked, roasted, grilled, BBQ'd, fried or deep fried, fat not further defined",759,759,7.7,0,0,0,0,1.34,3.38,1.63,55.31,6,1
"Trevally or kingfish, coated, baked, roasted, fried, deep fried, grilled or BBQ'd, fat not further defined",891,888,10.8,6.6,6.6,6.2,0,1.9,5.35,2.2,79.4,80,1
"Trout, coral, cooked, with or without added fat",513,513,2.6,0,0,0,0,0.49,0.99,0.62,9.28,39,1
"Trout, rainbow, raw",645,645,8.4,0,0,0,0,2.51,2.88,2.02,174.57,6,1
"Trout, rainbow, baked, roasted, fried, grilled or BBQ'd, no added fat",883,883,11.6,0,0,0,0,3.44,3.95,2.77,239.14,56,1
"Trout, rainbow, baked, roasted, grilled, BBQ'd, fried or deep fried, fat not further defined",1006,1006,15.2,0,0,0,0,4.01,6.23,3.43,261.7,43,2
"Trout, rainbow, coated, baked, roasted, fried, deep fried, grilled or BBQ'd, fat not further defined",1081,1078,16.5,6.7,6.7,6.3,0,3.88,7.52,3.57,235.93,64,2
"Trout, rainbow, boiled, microwaved, steamed or poached, with or without added fat",785,785,10.6,0,0,0,0,3.07,3.76,2.5,211.09,50,1
"Tuna, raw",435,435,1,0,0,0,0,0.24,0.16,0.3,13.93,68,1
"Tuna, baked, roasted, fried, grilled or BBQ'd, no added fat",596,596,1.4,0,0,0,0,0.33,0.22,0.41,19.08,35,1
"Tuna, baked, roasted, grilled, BBQ'd, fried or deep fried, fat not further defined",815,815,8,0,0,0,0,1.44,4.21,1.62,67.68,31,1
"Tuna, boiled, microwaved, steamed or poached, with or without added fat",537,537,1.8,0,0,0,0,0.38,0.54,0.46,20.81,27,1
"Tuna, sashimi style, raw",514,514,1.8,0,0,0,0,0.4,0.29,0.54,25.07,41,1
"Tuna, tartare (tartar)",847,843,13.3,0.5,0.5,0.2,0,2.21,8.58,1.5,18.88,90,1
"Turtle, wild caught, flesh, raw",505,505,1.8,1.2,1.2,1.2,0,0.54,0.29,0.78,7.61,52,1
"Turtle, wild caught, flesh, cooked",696,696,2.5,1.7,1.7,1.7,0,0.74,0.4,1.07,10.5,30,1
"Whitebait, floured, fried, not further defined",1818,1816,38,3.2,3.2,3.1,0,12.14,16,6.92,845.9,9,2
"Whiting, raw",362,362,0.7,0,0,0,0,0.18,0.14,0.18,9.75,40,1
"Whiting, baked, roasted, fried, grilled or BBQ'd, no added fat",517,517,1,0,0,0,0,0.26,0.19,0.25,13.93,25,1
"Whiting, baked, roasted, grilled, BBQ'd, fried or deep fried, fat not further defined",751,751,8,0,0,0,0,1.42,4.36,1.53,64.91,98,1
"Whiting, boiled, microwaved, steamed or poached, with or without added fat",437,437,1.1,0,0,0,0,0.28,0.2,0.29,15.32,65,1
"Whiting, coated, takeaway outlet, deep fried",1042,1038,16.3,9.5,9.5,9.3,0,1.81,6.55,6.86,283.1,71,2
"Whiting, coated, baked, roasted, fried, deep fried, grilled, or BBQ'd, fat not further defined",795,792,8.8,6.6,6.6,6.2,0,1.58,4.77,1.72,70.07,40,1
"Whiting, coated, packaged frozen, baked, roasted, fried, grilled, or BBQ'd, with or without added fat",735,731,6.1,7.4,7.4,6.9,0,1.08,3.21,1.29,49.8,93,1
"Fish, eel, raw",903,903,16.6,0,0,0,0,4.89,6.03,3.98,0,32,1
"Fish, eel, baked, roasted, fried, stir-fried, grilled or BBQ'd, no added fat",1237,1237,22.7,0,0,0,0,6.7,8.26,5.45,0,60,2
"Fish, eel, baked, roasted, fried, stir-fried, deep fried, grilled or BBQ'd, fat not further defined",1349,1349,26,0,0,0,0,7.17,10.41,6.03,29.73,32,2
"Fish, sashimi, raw, not further defined",609,609,5.9,0,0,0,0,1.61,2.22,1.14,87.21,64,1
"Fish, white flesh, raw, not further defined",401,401,1.6,0,0,0,0,0.44,0.47,0.36,21.05,74,1
"Fish, white flesh, baked, roasted, fried, grilled or BBQ'd, no added fat",528,528,2.2,0,0,0,0,0.58,0.62,0.48,27.69,48,1
"Fish, white flesh, baked, roasted, grilled, BBQ'd, fried or deep fried, fat not further defined",771,771,8.9,0,0,0,0,1.71,4.62,1.71,76.94,49,1
"Fish, white flesh, boiled, microwaved, steamed or poached, with or without added fat",497,497,2.5,0,0,0,0,0.62,0.9,0.54,29.24,15,1
"Fish, white flesh, battered, packaged frozen, baked, roasted, fried, grilled or BBQ'd, with or without added fat",1099,1095,19.3,10.2,10.2,9.6,0,8.27,7.5,2.6,370.37,50,2
"Fish, white flesh, battered, takeaway outlet, deep fried",945,940,13.6,11.7,11.7,11.7,0,1.59,5.28,5.68,239.24,57,1
"Fish, white flesh, coated, baked, roasted, fried, deep fried, grilled or BBQ'd, fat not further defined",834,831,9.7,6.6,6.6,6.2,0,1.84,5.1,1.9,81.16,59,1
"Fish, white flesh, crumbed, packaged frozen, baked, roasted, fried, grilled or BBQ'd, with or without added fat",958,953,14.5,12.8,12.8,12.1,0,5.52,5.4,2.85,278.26,51,1
"Fish, white flesh, crumbed, takeaway outlet, deep fried",1195,1186,16.4,17.8,17.8,16.7,0,2.06,7.45,5.81,209.09,87,2
"Crab, flesh, purchased steamed, poached or boiled",274,274,0.6,0,0,0,0,0.1,0.09,0.14,6.67,64,1
"Crab, flesh, cooked, fat not further defined",307,307,1.5,0,0,0,0,0.27,0.67,0.32,13.84,47,1
"Crab, flesh, coated, fried or deep fried, fat not further defined",684,681,8.3,6.4,6.4,6.1,0,1.43,4.56,1.63,65.6,6,1
"Jellyfish, coated, baked, roasted, fried, grilled or BBQ'd, fat not further defined",734,731,8.9,6.3,6.3,5.9,0,1.66,4.51,1.82,71.38,42,1
"Lobster or crayfish, flesh, purchased steamed, poached or boiled, no added fat",407,407,0.9,0,0,0,0,0.17,0.14,0.23,10.75,42,1
"Lobster or crayfish, flesh, coated, fried or deep-fried, fat not further defined",949,944,13.1,11.7,11.7,11.7,0,1.59,7.1,3.5,83,94,1
"Moreton bay bug or balmain bug, flesh, raw",407,407,0.9,0,0,0,0,0.17,0.14,0.23,10.75,71,1
"Moreton bay bug, cooked, with or without fat",509,509,1.1,0,0,0,0,0.21,0.18,0.29,13.43,23,1
"Mussel, blue, boiled, microwaved, steamed or poached, no added fat",438,438,2.3,4.7,4.7,0,0,0.37,0.2,0.79,46.2,23,1
"Mussel, green, boiled, microwaved, steamed or poached, no added fat",445,445,2.6,5.3,5.3,0,0,0.49,0.28,0.78,5.1,50,1
"Mussel, cooked, with or without added fat",441,441,2.5,5,5,0,0,0.43,0.24,0.78,25.65,6,1
"Octopus, raw",292,292,1,0,0,0,0,0.23,0.16,0.24,12.42,25,1
"Octopus, cooked, with or without added fat",324,324,1.2,0,0,0,0,0.25,0.18,0.26,13.8,57,1
"Octopus, marinated, baked, grilled, fried or BBQ'd, fat not further defined",374,368,3,0.9,0.9,0.2,0,0.54,1.32,0.59,25.81,12,1
"Octopus, coated, takeaway outlet, fried, fat not further defined",892,888,14.9,8.5,8.5,8.4,0,1.66,5.91,6.22,256.56,59,1
"Oyster, raw",307,307,2.4,0.6,0.6,0.6,0,0.68,0.15,0.61,28.66,9,1
"Oyster, cooked, with or without added fat",307,307,2.4,0.6,0.6,0.6,0,0.68,0.15,0.61,28.66,12,1
"Pipi, wild harvested, cooked",307,307,2.4,0.6,0.6,0.6,0,0.68,0.15,0.61,28.66,25,1
"Prawn, king or medium, raw (green)",371,371,0.6,0,0,0,0,0.13,0.08,0.14,7.16,74,1
"Prawn, king or medium, flesh, baked, roasted, fried, grilled or BBQ'd, no added fat",463,463,0.8,0,0,0,0,0.16,0.1,0.18,8.96,99,1
"Prawn, king or medium, flesh, baked, roasted, fried, grilled or BBQ'd, fat not further defined",504,504,2,0,0,0,0,0.37,0.84,0.4,17.91,40,1
"Prawn, king or medium, flesh, boiled, microwaved, steamed or poached, no added fat",436,436,0.9,0,0,0,0,0.2,0.13,0.22,10.75,25,1
"Prawn, king or medium, flesh, boiled, microwaved, steamed or poached, fat not further defined",468,468,1.9,0,0,0,0,0.36,0.71,0.4,17.87,73,1
"Prawn, school, flesh, boiled, microwaved, steamed or poached, no added fat",320,320,0.8,0,0,0,0,0.19,0.11,0.18,9.55,28,1
"Prawn, coated, packaged frozen, baked, roasted, fried, grilled or BBQ'd, fat not further defined",983,978,8.4,20.4,20.4,20.4,0,1.21,3.9,2.56,102.58,80,1
"Prawn, coated, fried or deep fried, fat not further defined",778,775,8.3,6.4,6.4,6.1,0,1.46,4.55,1.63,66.08,52,1
"Prawn, coated, takeaway outlet, deep fried",1136,1122,15,20.4,20.4,19.2,0,5.24,5.19,3.87,286.32,97,2
"Scallop, with roe, raw",287,287,0.8,1.7,1.7,0,0,0.14,0.05,0.26,8.96,100,1
"Scallop with or without roe, baked, roasted, grilled, fried or BBQ'd, no added fat",359,359,0.9,2.1,2.1,0,0,0.17,0.07,0.33,11.19,55,1
"Scallop with or without roe, baked, roasted, grilled, fried, deep fried or BBQ'd, fat not further defined",568,568,7,2,2,0,0,1.19,3.72,1.44,55.85,21,1
"Scallop with or without roe, boiled, microwaved, steamed or poached, with or without added fat",441,441,1.5,0.5,0.5,0,0,0.27,0.11,0.52,17.91,25,1
"Scallop with or without roe, coated, baked, roasted, grilled or BBQ'd, fat not further defined",640,636,6.3,9.3,9.3,7.3,0,1.94,2.32,1.32,129.73,42,1
"Scallop with or without roe, coated, takeaway outlet, deep fried",1256,1252,25.2,8.5,8.5,7.2,0,2.69,10.03,10.8,447.52,24,2
"Squid or calamari, raw",328,328,1.2,0,0,0,0,0.31,0.05,0.36,14.33,17,1
"Squid or calamari, baked, roasted, fried, stir-fried, grilled or BBQ'd, no added fat",410,410,1.5,0,0,0,0,0.39,0.06,0.45,17.91,23,1
"Squid or calamari, baked, roasted, fried, stir-fried, deep fried, grilled or BBQ'd, fat not further defined",617,617,7.6,0,0,0,0,1.4,3.71,1.55,62.23,100,1
"Squid or calamari, boiled, microwaved, steamed or poached, with or without added fat",431,431,2.1,0,0,0,0,0.49,0.43,0.56,22.34,27,1
"Squid or calamari, battered, takeaway outlet, deep fried",988,984,17.2,7.7,7.7,7.7,0,1.92,6.56,7.35,306.65,44,2
"Squid or calamari, crumbed, takeaway outlet, deep fried",1239,1223,17.1,16.3,16.3,16.3,0,2.77,7.82,5.81,195.39,7,2
"Squid or calamari, coated, baked, roasted, fried, grilled or BBQ'd, fat not further defined",734,731,8.9,6.3,6.3,5.9,0,1.66,4.51,1.82,71.38,72,1
"Squid or calamari, coated, packaged frozen, baked, roasted, fried, grilled or BBQ'd, with or without added fat",811,806,6.9,22.2,22.2,21.7,0,1.08,3.51,1.68,50.5,63,1
"Yabby (yabbie), flesh, cooked, no added fat",407,407,0.9,0,0,0,0,0.17,0.14,0.23,10.75,18,1
"Mixed seafood, contains fish & shellfish, raw",486,485,3,0.6,0.6,0,0,0.62,1,0.9,43.01,21,1
"Mixed seafood, contains fish & shellfish, baked, roasted, fried, grilled or BBQ'd, with or without added fat",637,636,4.1,0.6,0.6,0,0,0.86,1.4,1.21,56.44,20,1
"Mixed seafood, contains fish & shellfish, boiled, microwaved, steamed or poached, with or without added fat",574,573,3.9,0.6,0.6,0,0,0.81,1.33,1.12,51.5,66,1
"Mixed seafood, contains fish & shellfish, coated, baked, roasted, grilled, BBQ'd, fried or deep fried, fat not further defined",931,925,10,10.8,10.8,9.6,0,1.84,5,2.26,96.34,22,1
"Mixed seafood, tempura coating, fried or deep fried, fat not further defined",876,874,13,5.3,5.3,5.3,0,1.52,5.05,5.45,228.58,33,1
"Mixed seafood, contains fish & shellfish, cooked, not further defined",674,672,5.7,4,4,3.2,0,1.1,2.45,1.44,64.44,89,1
"Mixed seafood (except finfish), wild-harvested, raw",374,374,2.4,2.8,2.8,0.3,0,0.56,0.2,0.7,27.15,72,1
"Mixed seafood, for use in garden salad recipes",427,427,1,2.3,2.3,1.3,0,0.2,0.17,0.26,12.51,67,1
Prawn cocktail,585,577,9.3,4.3,4.3,0.4,0,1.43,3.37,3.87,15.42,29,1
"Anchovy, canned",762,762,8.9,0,0,0,0,1.97,3.61,2.88,170.79,88,1
"Cod, Atlantic, dried, salted",1157,1157,2.4,0,0,0,0,0.62,0.46,1.08,42.98,67,2
"Cod, smoked, raw",356,356,1,0,0,0,0,0.25,0.25,0.2,13.93,48,1
"Cod or hake, smoked, boiled, microwaved, steamed or poached, no added fat",397,397,1.5,0,0,0,0,0.36,0.35,0.34,20.9,31,1
"Crabmeat, canned in brine, undrained",225,225,0.5,1.1,1.1,0,0,0.11,0.06,0.13,5.97,61,1
"Fish ball, Asian style, purchased cooked",492,483,3.2,4.5,4.5,3,0,0.59,1.13,1.06,41.3,84,1
"Fish ball, packaged frozen, boiled, steamed, poached, microwaved, no fat added",586,575,3.9,5.3,5.3,3.6,0,0.7,1.34,1.26,49.16,36,1
"Fish patty or cake, fried, fat not further defined",672,665,8.2,7.9,7.9,7,0,1.5,4.32,1.47,58.96,54,1
"Fish patty or cake, crumbed, fried, fat not further defined",773,763,7.8,14.3,14.3,13.1,0,1.45,4.01,1.51,57.33,45,1
"Fish patty or cake, packaged frozen, baked, roasted, fried, grilled or BBQ'd, fat not further defined",963,957,13.1,15.7,15.7,14.4,0,3.54,5.58,3.41,252.98,10,1
"Fish patty or cake, takeaway outlet, deep fried",1155,1149,14.6,24.6,24.6,16.6,0,7.12,5.86,0.48,281.94,25,2
"Fish finger, crumbed, packaged frozen, raw",923,914,11.6,16.5,16.5,15.1,0,1.56,6.15,3.22,63.21,20,1
"Fish finger, crumbed, packaged frozen, baked, roasted, fried or grilled, no added fat",1049,1039,13.2,18.8,18.8,17.2,0,1.78,6.99,3.66,71.83,23,2
"Fish finger, crumbed, packaged frozen, baked, roasted, fried, grilled or BBQ'd, fat not further defined",1187,1178,17.6,17.9,17.9,16.4,0,2.54,9.67,4.41,105.6,15,2
"Fish bite or cocktail, crumbed, takeaway outlet, deep fried",1172,1163,17.4,17.6,17.6,16.1,0,2.19,8.6,5.63,159.84,95,2
"Salmon patty or cake, crumbed, fried, fat not further defined",818,808,9.2,14.6,14.6,13.2,0,1.71,4.5,2.06,66.37,31,1
Fish paste or spread,652,641,6.9,7.8,7.8,7.8,0,1.33,1.7,3.18,123.58,100,1
"Fish roe (caviar), black",386,386,5.4,0,0,0,0,1.24,1.31,2.36,96.71,32,1
"Fish roe (caviar), red",631,631,8.2,0,0,0,0,1.96,2.25,3.14,146.86,67,1
"Herring, Atlantic, pickled",1031,1031,18,7.7,7.7,0,0,2.38,11.94,1.7,322.38,73,2
"Mussel, smoked, canned in oil, drained",807,807,10.4,4.1,4.1,0,0,2.8,1.86,5.24,196.61,84,1
"Oyster, smoked, canned in oil, drained",858,858,12,7,7,0,0,3.4,1.87,6.16,226.86,68,1
"Salmon, pink, unflavoured, canned in brine, drained",579,579,6.2,0,0,0,0,1.4,2.15,1.93,63.1,19,1
"Salmon, pink, unflavoured, canned in water, drained",613,613,6.5,0,0,0,0,1.76,2.33,1.77,66.69,79,1
"Salmon, red, unflavoured, canned in brine, drained",617,617,5.5,0,0,0,0,1.14,2.06,1.67,22.11,70,1
"Salmon, red, unflavoured, canned in water, drained",702,702,8.9,0,0,0,0,2.33,3.78,1.86,36.04,96,1
"Salmon, unflavoured, canned in brine, drained",604,604,5.7,0,0,0,0,1.23,2.09,1.76,36.4,54,1
"Salmon, unflavoured, canned in oil",760,760,10.7,0,0,0,0,2.08,4.84,2.91,63.5,72,1
"Salmon, unflavoured, canned in water, drained",622,622,6.7,0,0,0,0,1.82,2.47,1.78,63.63,88,1
"Salmon, unflavoured, canned, drained",606,606,5.8,0,0,0,0,1.3,2.14,1.76,39.98,7,1
"Salmon, flavoured, canned, drained",584,584,5.4,6,6,1.6,0,0.75,1.51,2.56,134.63,51,1
"Salmon, canned, drained, not further defined",604,604,5.8,0.7,0.7,0.2,0,1.24,2.07,1.86,50.8,51,1
"Salmon, smoked, sliced",724,724,9,0,0,0,0,1.67,3.44,3,92.34,60,1
"Sardine, canned in oil, undrained",1283,1283,26.6,0,0,0,0,6.51,7.71,11.04,513.68,22,2
"Sardine, canned in oil, drained",952,952,15.7,0,0,0,0,4.88,4.92,4.62,287.44,82,1
"Sardine, canned in tomato sauce, undrained",678,678,9.9,1.4,1.4,0,0,2.8,2.9,2.8,177.31,15,1
"Sardine, canned in water, drained",721,721,9.6,0,0,0,0,2.5,3,2.71,171.94,43,1
"Seafood or fish stick (surimi), packaged frozen, raw",372,368,0.8,10.3,10.3,7.2,0,0.06,0.36,0.13,11.14,73,1
"Seafood or fish stick (surimi), packaged frozen, fried, peanut oil",584,580,4.8,12.4,12.4,8.3,0,0.99,2.11,1.46,92.11,79,1
"Seafood or fish stick (surimi), packaged frozen, boiled, microwaved, steamed or poached, no added fat",422,419,0.9,11.7,11.7,8.2,0,0.07,0.41,0.15,12.66,63,1
"Seafood or fish stick (surimi), coated, takeaway outlet, deep fried",966,960,15.1,15.7,15.7,13.5,0,1.58,6.18,6.28,261.52,86,1
"Smoked fish (including eel & trout), smoked",631,631,4.3,0,0,0,0,1.42,1.34,1.12,77.01,24,1
"Tuna, unflavoured, canned in brine, drained",529,529,2.6,0,0,0,0,1.03,0.5,0.79,14.04,49,1
"Tuna, unflavoured, canned in vegetable oil, drained",922,922,13.7,0,0,0,0,2.19,3.62,7.24,78.58,64,1
"Tuna, unflavoured, canned in water, drained",518,518,2.6,0,0,0,0,0.93,0.54,0.86,14.04,10,1
"Tuna, flavoured, canned, drained",577,574,5.8,3.3,3.3,0.8,0,1.12,2.04,2.19,49.07,18,1
"Tuna, canned, not further defined",651,651,6.6,0.9,0.9,0.2,0,1.36,1.82,3.03,41.91,67,1
"Bar, muesli or snack, plain or with 10% dried fruit",1713,1649,11.2,67.7,67.7,44.1,0,3.42,4.94,2.31,65.97,64,2
"Bar, muesli or snack, plain or with 10% dried fruit, added vitamins B1, B2, B3, folate & Fe",1713,1649,11.2,67.7,67.7,44.1,0,3.42,4.94,2.31,65.97,93,2
"Bar, muesli or snack, plain or with 10% dried fruit, chocolate-coated",1678,1632,15.7,58.4,58.4,32.5,0,8.84,4.7,1.42,141.69,45,2
"Bar, muesli or snack, plain or with 10% dried fruit, high fibre, added vitamins B1, B2, B3, B6, E, & folate, Fe & Zn",1431,1233,7.8,49.2,49.2,34.5,0,2.4,3.46,1.62,46.23,16,2
"Bar, muesli or snack, plain or with 10% dried fruit, yoghurt-coated",1668,1614,13.9,59.5,59.5,36.4,0,9.29,2.86,1.06,6.59,85,2
"Bar, muesli or snack, plain or with 10% dried fruit, yoghurt-coated, added vitamins B1, B2, B3, folate & Fe",1793,1750,14.4,67.9,67.9,37.1,0,9.64,2.97,1.1,6.84,85,2
"Bar, muesli or snack, with 10% dried fruit & 5% nuts",1757,1693,13.3,64.8,64.8,42.2,0,3.53,6.37,2.82,73.37,81,2
"Bar, muesli or snack, with 10% dried fruit & 10% nuts",1801,1737,15.5,61.8,61.8,40.2,0,3.64,7.79,3.33,80.78,27,2
"Bar, muesli or snack, with 10% dried fruit & 45% nuts, chocolate-coated",2201,2154,33.7,41.2,41.2,14.4,0,7.24,18.44,6.49,146.71,7,2
"Bar, muesli or snack, with 10% dried fruit & 60% nuts",2200,2145,34.6,37.6,37.6,17.6,0,4.36,20.7,7.9,143.77,91,2
"Bar, muesli or snack, with 10% dried fruit & 60% nuts, yoghurt-coated",2090,2041,30.7,41.9,41.9,16.3,0,6.2,16.81,6.29,103.11,56,2
"Bar, muesli or snack, with 15% dried fruit & 15% nuts, yoghurt-coated",1808,1752,20.3,51.5,51.5,31.3,0,8.43,8.21,2.7,8.52,7,2
"Bar, muesli or snack, with 15% dried fruit & 25% nuts, added vitamins B1, B2, B3, C & folate, Fe, & Zn",1901,1847,24.2,47.2,47.2,21,0,6.45,12.08,4.35,181.62,96,2
"Bar, muesli or snack, with 20% dried fruit & 20% nuts, chocolate base",1818,1761,20.4,51.2,50.9,21.6,0,4.72,10.7,3.98,93.69,63,2
"Bar, muesli or snack, with 20% dried fruit & 5% nuts",1613,1536,12.7,55.9,55.9,33.1,0,2.29,5.47,3.85,118.92,15,2
"Bar, muesli or snack, with 30% dried fruit & 30% nuts",1775,1713,19.3,50.6,50.3,23.8,0,3.16,10.84,4.32,86.5,91,2
"Bar, muesli or snack, with 30% dried fruit, yoghurt-coated, added vitamins B1, B2, B3, folate & Fe",1559,1505,6.1,71.8,71.8,32,0,4.08,1.26,0.46,2.9,57,2
"Bar, muesli or snack, with 10% nuts",1763,1693,15,59.5,59.5,43.5,0,3.99,7.49,2.69,112.58,95,2
"Bar, muesli or snack, with 10% nuts, added flaxseeds",1753,1687,14,59.9,57.5,42,0,3.73,6.99,3.04,105.07,61,2
"Bar, muesli or snack, with 10% nuts, chocolate-coated",1852,1792,18.1,58.8,58.8,35.1,0,6.95,7.87,2.32,121.75,22,2
"Bar, muesli or snack, with 70% nuts",2248,2178,39.7,27.2,27.2,6.5,0,10.57,19.83,7.13,297.95,22,2
"Bar, muesli or snack, with 70% nuts, added vitamins B1, B2, B3, C & folate, Fe, & Zn",2367,2311,41.6,27,27,10.1,0,11.08,20.78,7.47,312.21,45,2
"Bar, muesli or snack, with caramel & sesame seeds",1883,1852,22.8,56,56,16.5,0,7.66,6.92,6.8,775.83,31,2
"Bar, muesli or snack, with chocolate chips or coating",1721,1662,11.9,68.9,68.9,46.2,0,4.1,5.06,2.04,107.1,17,2
"Bar, muesli or snack, fruit filled, baked",1382,1354,3,71.1,69.1,37.7,0,1.27,0.85,0.75,10.09,18,2
"Bar, muesli or snack, fruit filled, high fibre, baked",1275,1155,1,62.5,60.5,33,0,0.42,0.28,0.25,3.32,80,2
"Bar, muesli or snack, gluten free, with 20% dried fruit & 20% seeds",1566,1512,13.1,57.4,57.2,17.7,0,1.35,4.37,6.65,148.25,63,2
"Bar, muesli or snack, made from breakfast cereal",1470,1439,5,66.9,64.9,40.4,0,3.43,0.9,0.42,29.45,52,2
"Bar, muesli or snack, made from breakfast cereal with dried fruit",1470,1439,5,66.9,64.9,40.4,0,3.43,0.9,0.42,29.45,84,2
"Bar, muesli or snack, made from breakfast cereal with milk solids",1513,1482,9.6,60,58,31.8,0,5.99,1.57,0.45,1121.02,98,2
"Bar, muesli or snack, made from breakfast cereal with nuts",1543,1480,9.8,59.8,57.8,44.3,0,2.1,5.74,1.47,57.72,12,2
"Bar, muesli or snack, made from breakfast cereal, with chocolate & nuts, added vitamins B1, B2, B3, C & folate, Fe & Zn",2169,2131,34.2,41.5,41.5,11.9,0,8.92,18.65,4.94,129.17,84,2
"Bar, muesli or snack, made from breakfast cereal, with chocolate coating, added vitamins B1, B2, B3, B6 & folate, Ca, Fe & Zn",1725,1706,8.2,72.8,72.8,36.9,0,4.74,1.1,1.53,29.65,21,2
"Bar, muesli or snack, made from puffed rice, added vitamins B1, B2, B3, C & folate, Fe, & Zn",1766,1752,10.3,79.2,77.2,47.2,0,7.06,1.86,0.86,60.67,64,2
"Bar, muesli or snack, made from puffed rice, with chocolate flavour, chips or coating",1711,1685,10.8,74.9,72.9,43,0,6.72,1.76,0.51,1257.88,19,2
"Bar, muesli or snack, made from puffed rice, with chocolate flavour, chips or coating, added vitamins B1, B2, B3, C & folate, Fe, & Zn",1854,1839,14.3,74.6,73,38,0,9.4,3.37,0.86,80.22,21,2
"Bar, muesli or snack, made from puffed rice, with yoghurt flavour coating, added vitamins B1, B2, B3, C & folate, Fe, & Zn",1836,1822,13.7,75.8,73.8,39.6,0,9.4,2.47,1.14,80.69,34,2
"Bar, snack style, chocolate flavour, space stick",1827,1802,16.4,60.6,60.6,23,0,8.29,5.63,1.21,78.2,38,2
"Bar, snack style, chocolate fortified cereal, milk solids",1527,1499,5.4,72,72,42,0,1.74,2.64,0.69,51.3,87,2
"Bar, muesli or snack, not further defined",1701,1645,12.4,65.1,64.8,41.1,0,4.85,4.88,2.03,63.06,20,2
Amino acid or creatine powder,1666,1666,0,0,0,0,0,0,0,0,0,74,2
"Amino acid or creatine drink, prepared from dry powder with water or milk",147,147,1.1,2.7,2.7,0,0,0.71,0.28,0.03,35.7,71,1
"Bar, high protein, chocolate flavour, reduced carbohydrate, commercial",1811,1780,14.8,41,22,13,0,6.97,4.67,2.36,0,69,2
"Bar, high protein, reduced carbohydrate, fortified, caffeinated, commercial",1519,1426,12,25.1,13.1,9.8,0,5.66,3.79,1.92,0,19,2
"Bar, meal replacement, fortified",1647,1558,10.3,45.9,44.5,25.6,0,4.35,2.89,2.57,34.46,83,2
"Bar, nutrition, energy or snack",1680,1615,16.5,50.8,50.8,26.7,0,5.07,7.32,3.42,97.8,11,2
"Bar or biscuit, high protein, chocolate flavour, commercial",1617,1591,6.4,53,53,35,0,3.02,2.02,1.02,0,76,2
"Beverage, medical or special purpose, added vitamins & minerals",485,483,0,25.9,25.9,11.2,0,0,0,0,0,9,1
"Beverage, water based, thickened, with caffeine",130,66,0,4,4,0,0,0,0,0,0,72,1
"Gel, energy, caffeinated, all flavours",1081,1081,0,65,65,41,0,0,0,0,0,32,2
"Meal replacement powder, coffee flavour",1624,1624,4,56.7,56.7,9.4,0,1.43,2.17,0.19,75.33,66,2
"Meal replacement powder, coffee flavour, added fibre",1486,1413,3.6,44.9,44.9,9.1,0,1.48,1.78,0.15,67.8,16,2
"Meal replacement drink, coffee flavour, prepared with milk, any type",496,496,2.2,15.8,15.8,2.2,0,1.11,0.79,0.14,56.54,9,1
"Meal replacement drink, coffee flavour, prepared with water",335,335,0.8,11.7,11.7,1.9,0,0.3,0.45,0.04,15.54,67,1
"Meal replacement drink, coffee flavour (Optislim), prepared with water",329,328,2.1,8.5,8.5,0.6,0,0.66,1.19,0.16,39.55,34,1
"Meal replacement drink, coffee flavour, added fibre, prepared with milk, any type",429,416,2,12.2,12.2,1.9,0,1.1,0.67,0.13,54.53,52,1
"Meal replacement drink, coffee flavour, added fibre, prepared with water",258,245,0.6,7.8,7.8,1.6,0,0.26,0.31,0.03,11.77,13,1
"Meal replacement powder, non-coffee flavour",1624,1624,4,56.7,56.7,9.4,0,1.43,2.17,0.19,75.33,12,2
"Meal replacement powder, non-coffee flavours, added fibre",1486,1413,3.6,44.9,44.9,9.1,0,1.48,1.78,0.15,67.8,61,2
"Meal replacement powder, non-coffee flavour, fortified (Optislim)",1645,1642,10.5,42.7,42.7,3,0,3.32,5.95,0.77,197.75,81,2
"Meal replacement drink, non-coffee flavour, prepared with milk, any type",498,497,2.2,15.8,15.8,2.2,0,1.11,0.79,0.14,56.56,25,1
"Meal replacement drink, non-coffee flavour, prepared with water",335,335,0.8,11.7,11.7,1.9,0,0.3,0.45,0.04,15.54,77,1
"Meal replacement drink, non-coffee flavour (Optislim), prepared with water",329,328,2.1,8.5,8.5,0.6,0,0.66,1.19,0.16,39.55,99,1
"Meal replacement drink, non-coffee flavours, added fibre, prepared with milk, any type",428,415,2,12.2,12.2,1.9,0,1.1,0.67,0.13,54.52,92,1
"Meal replacement drink, non-coffee flavours, added fibre, prepared with water",258,245,0.6,7.8,7.8,1.6,0,0.26,0.31,0.03,11.77,93,1
"Oral supplement powder, chocolate flavour, fortified (Sustagen Hospital)",1550,1550,2.5,65,65,26.5,0,0.6,1.42,0.35,47.08,57,2
"Oral supplement powder, chocolate flavour, fortified (Sustagen Everyday)",1565,1565,1.4,73,73,19,0,0.34,0.79,0.2,26.37,96,2
"Oral supplement beverage, chocolate flavour, fortified (Sustagen Hospital), prepared with regular fat milk",569,569,3.2,19.3,19.3,6,0,1.83,1.01,0.15,98.29,42,1
"Oral supplement beverage, chocolate flavour, fortified (Sustagen Hospital), prepared with water",358,358,0.6,15,15,6.1,0,0.14,0.33,0.08,10.86,70,1
"Oral supplement beverage, chocolate flavour, fortified (Sustagen Everyday), prepared with cow's milk",354,354,2.2,11.6,11.6,1.7,0,1.34,0.6,0.07,68.61,67,1
"Oral supplement powder, vanilla flavour, fortified (Sustagen Hospital)",1550,1550,2.5,65,65,26.5,0,0.6,1.42,0.35,47.08,95,2
"Oral supplement powder, vanilla flavour, children's formulation, fortified (Sustagen Kid Essentials)",1950,1950,18.3,62.2,62.2,41.2,0,4.42,10.36,2.58,344.65,15,2
"Oral supplement beverage, vanilla flavour, fortified (Sustagen Hospital), prepared with regular fat milk",569,569,3.2,19.3,19.3,6,0,1.83,1.01,0.15,98.29,84,1
"Oral supplement beverage, vanilla flavour, fortified (Sustagen Kid Essentials), prepared with regular fat milk",620,620,6.4,17.4,17.4,8.4,0,2.64,2.81,0.59,160.28,74,1
"Oral supplement beverage, vanilla flavour, fortified (Sustagen Hospital), prepared with water",358,358,0.6,15,15,6.1,0,0.14,0.33,0.08,10.86,63,1
"Oral supplement powder, Ensure",1806,1771,14.2,58.3,58.3,37.3,0,3.43,8.04,2,267.43,53,2
"Oral supplement beverage, Ensure, prepared with water or milk",319,315,2.7,9.4,9.4,4.4,0,1.05,1.22,0.26,64.38,66,1
"Protein powder, whey based, protein > 70%, reduced carbohydrate, fortified, caffeinated",1536,1476,3.6,4.4,4.4,1.3,0,1.07,2.06,0.31,67.8,54,2
"Protein drink, whey based, protein >70%, reduced carbohydrate, fortified, prepared with water",159,153,0.4,0.5,0.5,0.1,0,0.11,0.21,0.03,7.02,13,1
"Protein powder, protein >70%, caffeinated",1600,1592,3.1,7.5,7.5,5.8,0,0.92,1.78,0.27,58.38,38,2
"Protein drink, protein >70%, caffeinated, prepared with water",267,265,0.5,1.2,1.2,1,0,0.15,0.3,0.04,9.73,93,1
"Protein powder, protein 45%, unfortified",1748,1736,6.9,46.4,46.4,34,0,2.04,3.96,0.59,129.95,46,2
"Protein drink, protein 45%, unfortified, prepared with milk, any type",541,538,2.8,14.3,14.3,7.6,0,1.24,1.19,0.23,68.5,93,1
"Protein drink, protein 45%, unfortified, prepared with water",382,380,1.5,10.2,10.2,7.4,0,0.45,0.87,0.13,28.43,50,1
"Protein powder, protein 45%, fortified",1554,1533,3.3,37.5,37.5,15.4,0,0.98,1.89,0.28,62.15,61,2
"Protein drink, protein 45%, fortified, prepared with milk, any type",515,510,2.1,12.7,12.7,3.8,0,1.02,0.77,0.16,54.15,77,1
"Protein drink, protein 45%, fortified, prepared with water",359,354,0.8,8.7,8.7,3.6,0,0.23,0.44,0.07,14.34,28,1
"Protein powder, protein 45%, reduced sugars, fortified",1733,1656,7.9,33.7,23.5,18.8,0,2.34,4.53,0.68,148.78,47,2
"Protein drink, protein 45%, reduced sugars, fortified, prepared with water",239,228,1.1,4.6,3.2,2.6,0,0.32,0.62,0.09,20.52,93,1
"Protein powder, protein 45%, fortified, caffeinated",1554,1533,3.3,37.5,37.5,15.4,0,0.98,1.89,0.28,62.15,23,2
"Protein drink, protein 45%, fortified, caffeinated, prepared with milk, any type",324,322,1.9,8.2,8.2,1.6,0,1.02,0.56,0.14,52.67,92,1
"Protein drink, protein 45%, fortified, caffeinated, prepared with water",173,170,0.4,4.2,4.2,1.7,0,0.11,0.21,0.03,6.91,50,1
"Protein powder, protein 30%, fortified",1642,1642,1.8,64.8,64.8,62.7,0,0.53,1.03,0.16,33.9,40,2
"Protein drink, protein 30%, fortified, prepared with milk, any type",490,489,1.7,17,17,12.4,0,0.93,0.56,0.14,48.35,24,1
"Protein drink, protein 30%, fortified, prepared with water",318,318,0.3,12.5,12.5,12.1,0,0.1,0.2,0.03,6.56,26,1
"Protein powder, protein 25%, unfortified",1674,1670,3.8,67.8,67.8,57,0,1.13,2.18,0.33,71.57,18,2
"Protein powder, protein 20%, fortified, caffeinated",1483,1462,3.3,60.1,60.1,38,0,0.98,1.89,0.28,62.15,72,2
"Protein drink, protein 20%, fortified, caffeinated, prepared with water",66,65,0.1,2.7,2.7,1.7,0,0.04,0.08,0.01,2.77,87,1
"Powder, medical or special purpose, added vitamins & minerals",2041,2041,23,70,70,70,0,7.04,10.77,4.18,6.6,54,2
"Protein powder, soy based, protein > 70%, unfortified",1514,1469,0.5,9.3,9.3,3,0,0.15,0.29,0.04,9.42,85,2
"Protein drink, soy based, protein >70%, unfortified, prepared from dry powder with milk, any type",350,345,1.6,5.9,5.9,0.7,0,0.94,0.42,0.12,47.37,77,1
"Protein powder, whey based, protein > 70%, unfortified",1600,1592,3.1,7.5,7.5,5.8,0,0.92,1.78,0.27,58.38,25,2
"Protein drink, whey based, protein >70%, unfortified, prepared from dry powder with milk, any type",371,370,1.9,5.8,5.8,1,0,1.02,0.59,0.15,52.57,98,1
"Protein drink, whey based, protein >70%, unfortified, prepared from dry powder with soy milk",405,400,2.1,5.2,5.2,2.1,0,0.39,0.59,0.95,21.62,20,1
"Protein drink, whey based, protein >70%, unfortified, prepared from dry powder with water",187,186,0.4,0.9,0.9,0.7,0,0.11,0.21,0.03,6.81,54,1
"Protein powder, whey based, protein > 70%, fortified",1670,1670,5,13.5,13.5,4.5,0,1.48,2.87,0.43,94.17,43,2
"Protein drink, whey based, protein >70%, fortified, prepared with milk, any type",450,449,2.3,6.8,6.8,1.1,0,1.1,0.84,0.18,58.7,63,1
"Protein drink, whey based, protein >70%, fortified, prepared with juice",385,383,0.8,7.9,7.9,0.8,0,0.25,0.48,0.07,15.69,67,1
"Protein drink, whey based, protein >70%, fortified, prepared with water",278,278,0.8,2.2,2.2,0.8,0,0.25,0.48,0.07,15.69,93,1
"Protein or meal replacement powder, not further defined, dry powder only",1593,1572,4.2,29.3,29,10.6,0,1.34,2.36,0.32,79.57,12,2
"Protein or meal replacement powder, not further defined, prepared with milk, any type",404,400,2.1,8.8,8.8,1.8,0,1.07,0.71,0.16,55.65,83,1
"Protein or meal replacement powder, not further defined, prepared with water",220,217,0.6,4,4,1.5,0,0.18,0.33,0.04,10.98,22,1
"Sports supplement, cows milk, flavoured, chocolate, reduced fat, added protein",280,278,0.5,7.6,7.6,1.7,0,0.32,0.12,0.01,16.21,99,1
"Vegetable and/or fruit blend, dry powder",1156,990,5.8,13.7,13.7,10.9,0,1.76,2,0.88,0,85,2
"Vegetable &/or fruit blend, prepared from dry powder with water",18,15,0.1,0.2,0.2,0.2,0,0.03,0.03,0.01,0,16,1
"Very low energy diet powder, chicken or vegetable soup, fortified (Optifast)",1568,1516,6.8,39.4,39.4,20,0,2.15,3.69,0.66,128.07,24,2
"Very low energy diet soup, chicken or vegetable fortified (Optifast), prepared with water",293,283,1.3,7.4,7.4,3.7,0,0.4,0.69,0.12,23.95,27,1
"Very low energy diet powder, chocolate flavour, fortified (Optifast)",1567,1567,5.8,37.6,37.6,14.6,0,1.4,3.28,0.82,109.23,9,2
"Very low energy diet drink, chocolate flavour, fortified (Optifast), prepared with milk, any type",433,433,2.4,10.7,10.7,2.7,0,1.09,0.9,0.24,61.16,98,1
"Very low energy diet drink, chocolate flavour, fortified (Optifast), prepared with water",261,261,1,6.3,6.3,2.4,0,0.23,0.55,0.14,18.21,91,1
"Very low energy diet powder, coffee flavour, fortified (Optifast)",1590,1537,8.3,41.7,41.7,11.7,0,2.62,4.7,0.61,156.32,39,2
"Very low energy diet powder, coffee flavour, fortified (Optislim)",1645,1642,10.5,42.7,42.7,3,0,3.32,5.95,0.77,197.75,94,2
"Very low energy diet drink, coffee flavour, fortified (Optifast), prepared with water or milk, any type",417,406,2.4,10.9,10.9,2.6,0,0.96,1.16,0.18,53.59,35,1
"Very low energy diet drink, coffee flavour, fortified (Opitfast), prepared with water",338,327,1.8,8.9,8.9,2.5,0,0.56,1,0.13,33.23,12,1
"Very low energy diet powder, vanilla flavour, fortified (Optifast)",1567,1567,5.8,37.6,37.6,14.6,0,1.4,3.28,0.82,109.23,84,2
"Very low energy diet drink, vanilla flavour, fortified (Optifast), prepared with milk, any type",432,431,2.4,10.7,10.7,2.7,0,1.09,0.9,0.24,61.08,74,1
"Very low energy diet drink, vanilla flavour, fortified (Optifast), prepared with water",261,261,1,6.3,6.3,2.4,0,0.23,0.55,0.14,18.21,84,1
"Very low energy diet powder, strawberry flavour, fortified (Optifast)",1590,1537,8.3,41.7,41.7,11.7,0,2.62,4.7,0.61,156.32,21,2
"Very low energy diet drink, strawberry flavour, fortified (Optifast), prepared with water or milk, any type",417,406,2.4,10.9,10.9,2.6,0,0.96,1.16,0.18,53.59,66,1
"Beetroot crisps or chips, plain, salted",2190,2094,33.6,45.6,45.6,0,0,3.94,18.85,8.8,205.66,68,2
"Chip or crisp, soy",2068,1991,26.7,53.2,53.2,48.1,0,7.26,3.88,14.33,573.67,69,2
"Corn chips, cheese flavoured, salted",2083,2031,27.3,53.1,53.1,51.8,0,11.23,10.49,4.1,221.52,30,2
"Corn chips, other flavours, salted",2083,2031,27.3,53.1,53.1,51.8,0,11.23,10.49,4.1,221.52,54,2
"Corn chips, plain, toasted, no added salt",2126,2074,27.9,54.2,54.2,51.7,0,11.49,10.74,4.2,226.72,8,2
"Corn chips, plain toasted, salted",2048,1995,26.3,53,53,52.4,0,10.83,10.11,3.96,213.51,31,2
"Corn chips, puffed, plain, salted",2267,2227,31.8,57.8,57.8,54.6,0,13.1,12.24,4.79,258.41,72,2
"Corn chips, not further defined",2068,2015,26.8,53,53,52.1,0,11.06,10.33,4.04,218.11,10,2
"Extruded snack, cheese flavoured",2081,2071,27.4,53.5,53.5,51,0,12.04,11.15,2.78,157.4,8,2
"Extruded snack, non-cheese flavoured",2121,2112,28.8,54.2,54.2,53,0,12.82,11.17,3.56,234.44,44,2
"Fruit, leather",1500,1488,2.3,83.9,83.9,55,0,0.25,0.9,0.99,49.47,63,2
"Grain waves wheat snack, plain, original",2041,1990,20.8,64.8,64.8,59.7,0,3.34,13.8,2.74,169.02,40,2
"Grain waves wheat snack, cheese or sour cream & chives",2035,1987,21.1,64.1,64.1,56.7,0,4.12,13.41,2.78,171.46,50,2
"Grain waves wheat snack, other flavours",2021,1974,20.5,65,65,56.2,0,3.81,13.23,2.65,166.58,61,2
"Noodle snack, wheat, flavoured, dry",2077,2063,23.6,65.5,65.5,63.9,0,10.72,8.38,2.42,130,78,2
"Pappadam, raw",1406,1258,3.2,41.3,41.3,41.3,0,1.22,0.6,1.31,0,89,2
"Pappadam, deep fried",2175,2112,38.8,28.3,28.3,28.3,0,4.28,15.27,16.67,834.59,96,2
"Pappadam, microwaved without oil or salt",1421,1270,3.3,41.7,41.7,41.7,0,1.23,0.6,1.32,0,96,2
"Popcorn, air-popped, no added fat or salt",1538,1411,4.1,60.1,60.1,59.1,0,0.66,0.84,1.99,0,12,2
"Popcorn, commercial, butter flavoured, salted",2115,2047,28.4,49.6,49.6,49,0,12.6,7.78,3.32,3428.27,87,0
"Popcorn, commercial, sugar coating",1578,1537,4.4,81.1,81.1,19.5,0,0.53,1.48,1.96,54.98,35,2
"Popcorn, microwaved, butter flavoured, salted",2116,2048,28.4,49.6,49.6,49,0,12.6,7.78,3.31,3429.1,17,0
"Popcorn, regular, unflavoured, salted, vegetable oil",1962,1839,25.2,43.3,43.3,42.6,0,2.8,9.55,11.12,407.76,26,2
"Popcorn, regular, unflavoured, unsalted, vegetable oil",1976,1844,25,43.9,43.9,43.2,0,2.78,9.46,11.03,403.18,75,2
Pork rind snack,2036,2036,28.5,2.4,2.4,0,0,10.08,14.17,3.02,136.23,12,2
"Potato crisps or chips, cheese based flavours",2135,2109,30.2,50.3,50.3,48.6,0,7.26,18.9,2.56,115.48,11,2
"Potato crisps or chips, plain, salted",2160,2132,33.9,45.8,45.8,44.9,0,7.9,21.44,2.84,110.03,15,2
"Potato crisps or chips, plain, unsalted",2473,2445,38.9,53.3,53.3,52.3,0,9.56,24.12,3.32,111.56,73,2
"Potato crisps or chips, flavoured, reduced fat",1617,1545,6.3,66.4,66.4,64,0,0.72,3.34,0.61,1349.11,87,2
"Potato crisps or chips, salt & vinegar flavoured",2097,2068,32.6,43.6,43.6,42.1,0,7.84,20.42,2.76,62.36,79,2
"Potato crisps or chips, sour cream based flavours",2124,2100,29,52.5,52.5,48.5,0,6.98,18.18,2.46,281.05,9,2
"Potato crisps or chips, other flavours",2098,2073,26.7,56.1,56.1,53.1,0,6.42,16.71,2.26,258.32,29,2
"Potato straws, French fries, salt & vinegar flavoured",2141,2113,31.4,48.7,48.7,45.6,0,8.65,18.31,2.81,60.04,99,2
"Potato crisps or chips, reformed, cheese flavour, salted",2240,2219,34.1,52,52,48.2,0,7.83,14.53,9.85,403.84,26,2
"Potato crisps or chips, reformed, plain, salted",2233,2205,34,51.3,51.3,49.1,0,6.8,15.9,9.46,357.02,78,2
"Potato crisps or chips, reformed, salt & vinegar flavoured",2192,2163,34,49,49,46.3,0,6.8,15.9,9.46,357.02,34,2
"Potato crisps or chips, reformed, sour cream & chives flavour, salted",2205,2176,34.3,49,49,46.3,0,9.9,11.74,10.66,360.7,91,2
"Potato crisps or chips, reformed, other flavours, salted",2239,2217,34.1,52.4,52.4,48.5,0,7.83,14.53,9.86,403.84,30,2
"Potato crisps or chips, not further defined",2129,2102,31.3,48.8,48.8,47,0,7.41,19.69,2.64,152.2,47,2
"Potato straws, French fries, plain",2167,2139,31,51.6,51.6,51.4,0,13.37,12.69,3.31,236.71,73,2
"Prawn cracker, Asian, commercial, fried",2190,2181,26.8,66.6,66.6,61,0,7.92,10.91,6.71,102.48,47,2
"Pretzels, salted",1628,1596,2.9,79.4,79.4,77.6,0,0.5,1.02,1.18,61.99,96,2
"Rice crisps or chips, extruded, flavoured",2030,1968,22.6,60.1,60.1,54.8,0,6.61,8.25,6.33,97.22,28,2
"Snack mix, Bhuja",2016,1963,24.5,47.1,47.1,42.9,0,7.15,13.19,2.47,100.86,41,2
"Taco shell, from corn flour, plain",1946,1881,22.6,54.3,54.3,53.1,0,9.31,8.7,3.4,183.65,38,2
"Vegetable crisps or chips, plain, salted",1960,1925,19.8,67.3,67.3,57.1,0,2.21,5.77,10.75,420.16,24,2
"Soup, broth, Asian style, with egg & rice",227,225,1.4,5.3,5.3,5.1,0,0.43,0.58,0.2,9.78,81,1
"Soup, Asian style meat & vegetable, with noodles, cup of soup, instant dry mix",1444,1411,2.6,65.7,65.7,52,0,1.06,0.87,0.52,46.93,82,2
"Soup, Asian style seafood & vegetable, with noodles, cup of soup, instant dry mix",1444,1411,2.6,65.7,65.7,52,0,1.06,0.87,0.52,46.93,78,2
"Soup, Asian style seafood & vegetable, with noodles, cup of soup, prepared from instant dry mix with water",166,162,0.3,7.6,7.6,6,0,0.12,0.1,0.06,5.4,43,1
"Soup, beef & vegetable, from cafe or restaurant",338,326,3.9,5.2,5.1,3.5,0,1.06,2.01,0.49,102.86,13,1
"Soup, beef & vegetable, prepared with stock or water, homemade from basic ingredients",232,220,2.4,2.6,2.6,1.3,0,0.61,1.19,0.32,53.97,55,1
"Soup, beef & vegetable, with pasta or grains, prepared with stock or water, homemade from basic ingredients",237,226,2.1,3.9,3.8,2.7,0,0.55,1.06,0.29,47.36,58,1
"Soup, beef, vegetable & legume, prepared with stock or water, homemade from basic ingredients",236,220,2.1,3.4,3.3,2.1,0,0.53,1.03,0.32,45.97,23,1
"Soup, beef, vegetable & legume, with pasta or grains, prepared with stock or water, homemade",237,223,2.1,3.6,3.6,2.4,0,0.54,1.04,0.3,46.66,12,1
"Soup, broth with meat & noodles",233,229,1.3,6.3,6.3,6.2,0,0.43,0.53,0.16,11.06,14,1
"Soup, broth style with meat, cup of soup, instant dry mix",1350,1316,3.3,65.7,65.7,60,0,1.62,1.25,0.27,59.56,94,2
"Soup, broth style with meat, prepared from instant dry mix with water",82,76,0.5,2.6,2.6,2.2,0,0.24,0.19,0.04,9.02,59,1
"Soup, chicken & noodle, cup of soup, instant dry mix",1530,1513,6.3,64.1,64.1,58.1,0,1.12,3.86,0.98,17.96,62,2
"Soup, chicken & noodle, cup of soup, prepared from instant dry mix with water",79,77,0.2,3.4,3.4,3.1,0,0.07,0.07,0.03,3.07,85,1
"Soup, chicken & noodle, ready to eat, canned",185,175,0.5,6.4,6.4,5.2,0,0.16,0.22,0.08,3.05,76,1
"Soup, chicken & sweetcorn, prepared with stock or water, homemade from basic ingredients",345,334,3.4,6.8,6.8,5.1,0,0.85,1.66,0.61,19.28,48,1
"Soup, chicken & sweetcorn, ready to eat, canned",251,234,1,8.7,8.7,7.2,0,0.19,0.33,0.41,2.38,82,1
"Soup, chicken, with or without vegetables, cup of soup, instant dry mix",1465,1404,7.5,62.3,62.3,52,0,3.08,2.52,1.52,136.23,14,2
"Soup, chicken, with or without vegetables, cup of soup, prepared from instant dry mix with water",157,150,0.8,6.7,6.7,5.6,0,0.33,0.27,0.16,14.6,8,1
"Soup, chicken, with or without vegetables, cup of soup, instant dry mix, reduced salt",1465,1404,7.5,62.3,62.3,52,0,3.08,2.52,1.52,136.23,15,2
"Soup, chicken, with or without vegetables, cup of soup, reduced salt, prepared from instant dry mix with water",133,128,0.7,5.7,5.7,4.7,0,0.28,0.23,0.14,12.38,39,1
"Soup, chicken & vegetable, with pasta or croutons, cup of soup, instant dry mix",1576,1556,9.1,62.4,62.4,52,0,3.74,3.06,1.84,165.29,28,2
"Soup, chicken & vegetable, ready to eat, canned",179,164,0.7,5.7,5.7,3.9,0,0.13,0.23,0.21,2.19,10,1
"Soup, chicken & vegetable, from cafe or restaurant",394,381,5.1,7.5,7.4,5.5,0,1.84,2.16,0.68,112.99,10,1
"Soup, chicken & vegetable, prepared with stock or water, homemade from basic ingredients",217,209,3,1.4,1.4,0.3,0,0.78,1.52,0.46,20.36,48,1
"Soup, chicken & vegetable, with grains or pasta, prepared with stock or water, homemade from basic ingredients",271,262,2.8,5,4.9,3.9,0,0.74,1.4,0.42,18.52,12,1
"Soup, chicken, vegetable & legume, prepared with stock or water, homemade from basic ingredients",224,212,2.2,3.5,3.5,2.3,0,0.57,1.11,0.37,14.66,80,1
"Soup, chicken, vegetable & legume, with grains or pasta, prepared with stock or water, homemade",228,217,2.3,3.9,3.9,2.8,0,0.58,1.12,0.36,14.86,28,1
"Soup, cream of chicken, condensed, canned",276,275,3.3,7.1,7.1,6,0,1.14,1.06,0.94,31.55,86,1
"Soup, cream of chicken, condensed, canned, prepared with regular fat cows milk & water",220,220,2.7,5.3,5.3,3.8,0,1.18,0.83,0.57,25.81,37,1
"Soup, cream of seafood, condensed, canned, prepared with regular fat cows milk & water",233,229,2.7,6,6,4.4,0,1.11,0.76,0.71,25.81,82,1
"Soup, cream of vegetables, condensed, canned",255,247,3,6.7,6.7,5.7,0,1.06,0.79,1.01,28.68,82,1
"Soup, cream of vegetables, condensed, canned, prepared with regular fat cows milk & water",227,223,2.6,6,6,4.4,0,1.17,0.72,0.6,24.86,49,1
"Soup, cream of vegetable, ready to eat, canned",228,218,2.3,6.7,6.3,3.8,0,1.42,0.53,0.12,112.14,9,1
"Soup, cream of vegetable, prepared with cream or milk, homemade from basic ingredients",296,283,4.3,4.5,4.2,1.8,0,2.01,1.54,0.39,141.52,58,1
"Soup, cream variety, instant dry mix",1628,1576,13.2,59.1,59.1,51,0,5.89,4.87,1.75,126.19,23,2
"Soup, cream variety, prepared from dry mix with water",170,154,1.2,4.5,4.5,4,0,0.54,0.44,0.16,11.47,81,1
"Soup, cup of soup style with croutons, prepared from instant dry mix with water",225,207,2.6,5.7,5.7,5.1,0,1.41,0.91,0.15,46.93,51,1
"Soup, fish, prepared with stock or water, homemade from basic ingredients",260,251,1.5,5.1,5.1,3.9,0,0.31,0.72,0.29,12.34,9,1
"Soup, French onion, instant dry mix",1201,1175,2.1,58.3,58.3,28,0,0.91,0.74,0.24,107.73,73,2
"Soup, French onion, instant dry mix, reduced salt",861,835,2.1,38.3,38.3,28,0,0.91,0.74,0.24,107.73,68,1
"Soup, French onion, prepared from instant dry mix with water",46,45,0.1,2.2,2.2,1.1,0,0.04,0.03,0.01,4.14,88,1
"Soup, French onion, homemade from basic ingredients",198,189,3,2.6,2.6,0.2,0.8,0.51,1.72,0.54,23.54,93,1
"Soup, ham & vegetable, prepared with stock or water, homemade from basic ingredients",262,249,4.1,2.9,2.8,1.4,0,1.25,2.06,0.47,30.74,73,1
"Soup, ham & vegetable, with pasta or grains, prepared with stock or water, homemade from basic ingredients",286,273,3.9,4.5,4.5,3.2,0,1.2,1.96,0.46,29.15,83,1
"Soup, hot & sour (tom yum), prepared with stock or water",147,144,0.6,1.2,1.1,0.4,0,0.13,0.18,0.19,5.86,84,1
"Soup, laksa, beef, chicken or pork, with noodles, prepared with coconut milk",361,353,3.7,7.2,7.2,6.6,0,2.24,0.72,0.48,13.09,76,1
"Soup, laksa, prawn or seafood, with noodles, prepared with coconut milk",325,317,3.1,7.4,7.4,6.7,0,1.99,0.4,0.41,9.04,24,1
"Soup, lamb & vegetable, prepared with stock or water, homemade from basic ingredients",272,261,3.3,3.3,3.2,1.7,0,0.95,1.52,0.42,133.46,71,1
"Soup, lamb & vegetable, with grains or pasta, prepared with stock or water, homemade from basic ingredients",272,262,2.9,4.5,4.5,3.1,0,0.84,1.34,0.38,116.13,10,1
"Soup, lamb, vegetable & legume, prepared with stock or water, homemade from basic ingredients",269,255,2.9,4,3.9,2.4,0,0.82,1.3,0.4,112.75,52,1
"Soup, lentil or other legumes, from cafe or restaurant",205,188,2.6,3.8,3.7,2,0,0.47,1.42,0.49,23.38,69,1
"Soup, offal, prepared with stock or water, homemade from basic ingredients",200,188,2.6,2.2,2.2,0.2,0,0.58,1.18,0.45,40.69,44,1
"Soup, meat & vegetable, canned, ready-to-eat, heated",243,222,1.2,8.1,8.1,7,0,0.47,0.48,0.19,21.66,78,1
"Soup, minestrone, prepared, from cafe or restaurant",225,195,1.4,5,5,5,0,0.55,0.68,0.12,30.11,81,1
"Soup, minestrone, prepared with stock or water, homemade from basic ingredients",225,195,1.4,5,5,5,0,0.55,0.68,0.12,30.11,90,1
"Soup, miso, with tofu & seaweed",174,164,1.5,1.7,1.7,0.8,0,0.27,0.41,0.5,0.97,62,1
"Soup, mixed vegetables, prepared from instant dry mix with water",48,44,0.1,2.2,2.2,1.8,0,0.05,0.05,0,3.21,30,1
"Soup, mixed vegetables, reduced energy, cup of soup, instant dry mix",1423,1346,8.5,57.7,57.7,31.5,0,3.49,2.86,1.72,154.39,33,2
"Soup, mixed vegetable, from cafe or restaurant",202,189,2,5.5,5.4,3.4,0,0.37,1.12,0.36,18.52,13,1
"Soup, mixed vegetable, prepared with stock or water, homemade from basic ingredients",150,135,1.6,3.3,3.2,1.2,0,0.28,0.85,0.27,14.16,75,1
"Soup, mixed vegetable & legume, with pasta or grains, prepared with stock or water, homemade from basic ingredients",173,157,1.5,4.5,4.4,2.5,0,0.27,0.76,0.26,12.94,79,1
"Soup, mixed vegetable & pasta or grains, prepared with stock or water, homemade from basic ingredients",181,166,1.6,5,4.9,3,0,0.28,0.82,0.26,13.51,39,1
"Soup, mixed vegetable & legume, prepared with stock or water, homemade from basic ingredients",168,149,1.2,4.2,4.2,2.4,0,0.21,0.61,0.25,9.64,76,1
"Soup, mussel, oyster or scallop, homemade from basic ingredients",288,280,3.7,4.6,4.5,2,0,1.68,1.2,0.4,117.52,89,1
"Soup, pea & ham, cup of soup, instant dry mix",1465,1404,7.5,62.3,62.3,52,0,3.08,2.52,1.52,136.23,23,2
"Soup, pea & ham, cup of soup, prepared from instant dry mix with water",133,128,0.7,5.7,5.7,4.7,0,0.28,0.23,0.14,12.38,39,1
"Soup, pea & ham, condensed, canned, prepared with water",200,183,0.8,6,6,5.5,0,0.42,0.29,0.05,7.5,69,1
"Soup, pea & ham, ready to eat, canned",317,300,0.9,10.4,10.4,8.1,0,0.25,0.32,0.15,3.81,58,1
"Soup, pea & ham, prepared with stock or water, homemade from basic ingredients",332,310,2.8,7.4,7.4,5.4,0,0.8,1.38,0.42,21.62,56,1
"Soup, pork & vegetable, prepared with stock or water, homemade from basic ingredients",236,227,2.3,2.6,2.6,1.4,0,0.52,1.18,0.4,18.08,69,1
"Soup, pork & vegetable, with grains or pasta, prepared with stock or water, homemade from basic ingredients",241,233,2,4,4,3,0,0.47,1.03,0.35,15.68,92,1
"Soup, pork, vegetable & legume, prepared with stock or water, homemade from basic ingredients",261,247,2.2,3.8,3.8,2.5,0,0.49,1.09,0.41,16.44,54,1
"Soup, potato, prepared with stock or water, homemade from basic ingredients",203,189,1.9,5.3,5.3,3.5,0,0.32,1.03,0.32,15.38,100,1
"Soup, potato, prepared with stock or water & cream, homemade from basic ingredients",253,239,3.3,5.3,5.2,3.4,0,1.23,1.34,0.36,88.92,12,1
"Soup, pumpkin, prepared, from cafe or restaurant",197,187,2.6,4.1,3.7,0.7,0,0.72,1.32,0.38,36.74,29,1
"Soup, pumpkin, prepared with stock or water, homemade from basic ingredients",153,143,2.1,3.1,2.8,0.7,0,0.38,1.18,0.37,19.09,32,1
"Soup, pumpkin, prepared with stock or water & coconut milk, homemade from basic ingredients",258,247,4.5,3.7,3.3,0.7,0,2.53,1.23,0.43,18.37,19,1
"Soup, pumpkin, prepared with stock or water & milk, homemade from basic ingredients",189,179,2.5,4,3.6,0.7,0,0.6,1.27,0.38,30.44,52,1
"Soup, pumpkin, ready to eat, canned",176,162,1.4,5.4,4.8,1.2,0,0.83,0.31,0.05,66.38,76,1
"Soup, seaweed, with or without meat, vegetables & grains or pasta",254,243,1.6,4.4,4.4,3.2,0,0.51,0.63,0.16,34.61,59,1
"Soup, shark's fin",169,168,1.8,1.4,1.4,1,0,0.35,0.97,0.33,12.42,53,1
"Soup, tomato, with or without noodles, cup of soup, instant dry mix",1514,1483,6.3,65.5,65.5,49.5,0,2.59,2.12,1.28,114.43,29,2
"Soup, tomato, with or without noodles, cup of soup, prepared from instant dry mix with water",181,177,0.8,7.8,7.8,5.9,0,0.31,0.25,0.15,13.7,31,1
"Soup, tomato, condensed, canned",222,207,0.3,10.8,10.8,2,0,0.04,0.09,0.16,8.43,39,1
"Soup, tomato, condensed, canned, prepared with water",117,109,0.2,5.7,5.7,1.1,0,0.02,0.05,0.09,4.44,23,1
"Soup, tomato, condensed, canned, prepared with cows milk & water",182,180,0.9,7.5,7.5,1.6,0,0.11,0.26,0.49,25.3,43,1
"Soup, tomato, ready to eat, canned",181,171,0.2,7.6,7.6,2.1,0,0,0,0,0,36,1
"Soup, tomato, prepared with stock or water, homemade from basic ingredients",165,155,1.6,4.4,4.4,2.5,0,0.28,0.86,0.27,14.75,62,1
"Soup, vegetable, cup of soup, instant dry mix",1422,1393,7.5,63.1,63.1,45.5,0,2.76,2.98,1.23,210.8,90,2
"Soup, vegetable, cup of soup, prepared from instant dry mix with water",108,107,0.3,5.3,5.3,4.2,0,0.11,0.12,0.05,8.38,24,1
"Soup, vegetable, ready to eat, canned",186,167,0.3,7.3,7.2,5.3,0,0.06,0.05,0.08,0.22,59,1
"Soup, wonton, clear broth with dumplings",186,184,1,5.9,5.9,5.6,0,0.31,0.39,0.19,14.43,95,1
"Bar, carob",2154,2127,33.1,44.4,44.4,1.6,0,30.98,0.38,0.25,0,55,2
"Bar, cherry & coconut centre, dark chocolate-coated",1779,1742,22.2,52.6,52.6,4,0,16.55,3.42,0.47,114.6,14,2
"Bar, chocolate nougat centre, milk chocolate-coated",1798,1786,15,73.1,73.1,15.2,0,8.83,4.96,0.53,77.44,74,2
"Bar, coconut cream centre, milk chocolate-coated",1778,1719,22.4,52.1,52.1,6.2,0,17.39,3.51,0.49,115.64,72,2
"Bar, fruit, nut & seed",1708,1646,19.6,50.4,49.7,11.8,0,6.17,5.75,6.82,63.71,69,2
"Bar, honeycomb centre, milk chocolate-coated",1772,1769,16.2,70,70,5.8,0,14.91,0.45,0.12,83.63,41,2
"Muffin bar, fruit flavoured",1506,1496,10,64.5,62.5,27.5,0,1.54,4.98,3.03,200.76,72,2
"Bar, nougat & caramel centre, milk chocolate-coated",1712,1699,17.2,62.6,62.6,5.3,0,10.13,5.69,0.61,88.79,78,2
"Bar, nougat & caramel centre, milk chocolate coated, battered, deep fried",1689,1677,19.7,55.6,55.6,6.9,0,9.17,6.81,2.7,183.02,10,2
"Bar, nougat, caramel & peanut centre, milk chocolate-coated",1907,1887,23.8,54.3,54.3,6,0,9.42,11.9,1.36,101.75,91,2
"Bar, nougat & nut centre, chocolate-coated",1917,1889,21.6,61.4,61.4,16.9,0,12.59,7.02,0.86,72.02,36,2
"Bar, Turkish delight centre, milk chocolate-coated",1571,1565,9.2,71.2,71.2,6,0,5.64,2.83,0.26,47.54,100,2
"Bar, wafer & cream layers, chocolate-coated",2108,2100,27.5,60.1,60.1,10,0,17.04,8.1,1.02,126.46,89,2
"Bar, wafer & fudge, milk chocolate-coated",1818,1814,17.7,69.2,69.2,4.9,0,11.1,4.84,0.58,281.02,63,2
"Bar, wafer & hazelnut, milk chocolate-coated",2297,2283,36.8,48.3,48.3,6.8,0,22.25,11.18,1.51,130.34,66,2
"Bar, wafer or biscuit & caramel, milk chocolate-coated",2040,2033,25.1,62.5,62.5,8,0,16.15,6.75,0.85,154.49,37,2
"Bar, wafer or biscuit, caramel & peanut, milk chocolate-coated",2140,2123,29.8,52.7,52.7,9.5,0,13.71,12.9,1.58,165.36,38,2
"Chocolate, compound, cooking",2140,2103,30.3,57,57,1.7,0,27.72,0.96,0.29,156.42,10,2
"Chocolate, dark, high cocoa solids, less than 60% cocoa solids",2142,2132,28.5,62.6,62.6,10.6,0,17.11,9.16,0.95,147.13,87,2
"Chocolate, dark, high cocoa solids, 60% cocoa solids or greater",2456,2446,43.2,44.1,44.1,16.1,0,25.94,13.88,1.45,223.02,45,2
"Chocolate, dark, fondant filled",1741,1725,15.9,68.2,68.2,1.2,0,11.31,3.48,0.41,82.08,33,2
"Chocolate, dark, peppermint filled",1741,1725,15.9,68.2,68.2,1.2,0,11.31,3.48,0.41,82.08,19,2
"Chocolate, dark, with dried fruit",2008,1993,24.4,63.7,63.7,9.3,0,14.56,7.83,0.86,125.06,30,2
"Chocolate, dark, with dried fruit & nuts",2134,2118,29.2,59.1,59.1,9.9,0,16.33,10.07,1.5,129.48,26,2
"Chocolate, dark, with nuts",2245,2225,34.4,51.3,51.3,8.9,0,14.44,15.06,3.38,128.16,76,2
"Chocolate, liqueur-filled",1815,1806,19.8,60.4,60.4,3.5,1.4,12.91,5.29,0.68,175.32,67,2
"Chocolate, milk",2206,2188,30.5,56,56,1.4,0,18.76,9.4,0.83,158.46,33,2
"Chocolate, milk, caramel filled",1990,1986,24.7,61.4,61.4,6.6,0,15.23,7.41,0.97,127.51,62,2
"Chocolate, milk, fondant filled",1990,1986,24.7,61.4,61.4,6.6,0,15.23,7.41,0.97,127.51,8,2
"Chocolate, milk, with coconut",2320,2280,37.5,46.3,46.3,1.3,0,26.55,8.18,0.78,126.77,58,2
"Chocolate, milk, with dried fruit & nuts",2112,2089,28.2,55.2,55.2,2,0,15.12,10.09,1.59,126.15,54,2
"Chocolate, milk, with hazelnut paste",2240,2212,33.3,50.9,50.9,1.2,0,14.53,15.34,1.84,122.44,31,2
"Chocolate, milk, with nuts",2350,2313,39.7,40.8,40.8,1.2,0,13.98,20.87,2.93,118.32,32,2
"Chocolate, milk, with toffee or nougat pieces",2165,2146,29.7,55.3,55.3,1.4,0,17.03,9.94,1.28,143.39,97,2
"Chocolate, white",2223,2223,33.2,54.6,54.6,0,0,20.88,9.74,1.11,171.39,89,2
"Chocolate, white, with macadamias",2322,2316,38.3,48.3,48.3,0,0,19.53,15.98,1.11,153.15,39,2
"Chocolate, milk & white",2214,2204,31.8,55.4,55.4,0.8,0,19.74,9.56,0.96,164.41,19,2
"Chocolate, reduced sugar",2131,2113,34,54,6,1.4,0,20.89,10.47,0.93,176.5,6,2
"Chocolate, favourites",1994,1981,24.6,59.7,59.7,3.3,0,16.19,6.51,0.68,127.51,83,2
"Chocolate, boxed assorted, not further defined",1985,1974,24.9,59.3,59.3,5.5,0,14.73,7.99,1.02,121.58,29,2
"Chocolate, plain, not further defined",2200,2184,30.6,56.9,56.2,3.6,0,18.76,9.5,0.89,158.82,28,2
"Chocolate, not further defined",2115,2101,28.3,57.9,57.5,4.1,0,17.29,8.75,0.91,144.52,17,2
"Confectionery, almond, chocolate-coated",2262,2238,34.3,48.6,48.6,1.6,0,16.5,13.46,2.65,137.56,98,2
"Chocolate, chocolate cream centre",2612,2594,49.3,41,41,1.4,0,34.86,11.08,0.87,255.92,52,2
"Confectionery, chocolate, hazelnut & wafer centre",2366,2325,40.2,41.2,41.2,1,0,10.99,23.33,4.04,81.49,34,2
"Confectionery, chocolate centre, sugar-coated",1981,1976,17.7,76.7,76.7,11.8,0,12.37,3.99,0.58,91.37,74,2
"Confectionery, chocolate & peanut centre, sugar-coated",2139,2124,25.8,62.3,62.3,11.3,0,11.64,11.5,1.44,109.83,55,2
"Confectionery, coffee beans, chocolate-coated",1852,1812,22.9,52.3,52.3,10.5,0,13.73,7.33,0.81,117.7,98,2
"Confectionery, dried fruit & nuts, chocolate-coated",2115,2084,29.9,49.4,49.4,2.7,0,11.53,15.01,1.85,107.2,17,2
"Confectionery, fudge, caramel or vanilla",1753,1753,18.7,62,62,0,0,12.3,3.89,0.37,975.9,85,2
"Confectionery, fudge, chocolate or coffee",1856,1854,21,62.8,62.8,2.3,0,13.47,5.07,0.5,807.66,35,2
"Confectionery, ginger, chocolate-coated",1791,1782,17.2,68.7,68.7,6.8,0,10.26,5.49,0.57,88.28,58,2
"Confectionery, malt centre, chocolate coated",2040,2028,22.7,66.7,66.7,11.6,0,13.95,6.99,0.62,104.38,69,2
"Confectionery, mixed nuts, chocolate-coated",2285,2254,36.2,43.8,43.8,1.7,0,15.39,16.4,2.67,137.12,78,2
"Confectionery, peanut brittle",1811,1786,23.9,46.5,46.5,3.6,0,4.96,15.21,2.38,194.16,78,2
"Confectionery, peanut, chocolate-coated",2352,2317,37.7,41.9,41.9,4.2,0,15.43,18.39,1.99,161.67,91,2
"Confectionery, sultana, chocolate-coated",1943,1920,21.6,61.7,61.7,1.5,0,13.24,6.6,0.68,110.92,74,2
"Confectionery, sesame & toffee",1982,1942,27.8,47.7,47.7,2.8,0,3.4,10.95,12.2,597.98,58,2
"Confectionery, truffle",2102,2092,36.4,40.9,40.9,4.1,0,21.59,11.18,1.59,668.83,7,2
"Easter egg, milk, fondant filled",1825,1821,16.4,72.3,72.3,6.6,0,10.11,4.92,0.64,84.66,84,2
"Licorice, chocolate-coated",1604,1582,9.7,69.2,69.2,26,0,6.02,2.87,0.32,47.54,51,2
"Confectionery, marshmallow-filled, chocolate & coconut coated (snowball)",1681,1665,12.6,68.4,68.4,3.5,0,9.52,2.21,0.22,31.69,19,2
"Sauce, sweet, caramel, liquid, filling (as used in chocolates, biscuits and ice creams), commercial",1767,1767,15.3,72.3,72.3,0,0,12.59,1.38,0.15,266.63,13,2
Bean paste,805,747,0.4,38.8,38.8,6.6,0,0.06,0.03,0.22,0,79,1
"Chutney or relish, commercial",752,734,0.3,43.1,43.1,1.6,0,0.01,0.15,0.08,0,62,1
"Chutney or relish, homemade",793,785,3.3,39.9,39.9,0.1,0,0.38,1.82,0.87,19.21,9,1
"Jam, apricot, regular",1050,1042,0,64.4,64.4,0.1,0,0,0,0,0,53,2
"Jam, blackberry, regular",1100,1087,0,67.3,67.3,0.1,0,0,0,0,0,8,2
"Jam, fig, regular",923,904,0.2,54.7,54.7,0,0,0,0,0,0,80,1
"Jam, mixed berry, regular",1100,1087,0,67.3,67.3,0.1,0,0,0,0,0,27,2
"Jam, other fruit, regular",1050,1042,0,64.4,64.4,0.1,0,0,0,0,0,27,2
"Jam, plum, regular",1050,1042,0,64.4,64.4,0.1,0,0,0,0,0,29,2
"Jam, pumpkin & cinnamon, homemade",738,722,0.1,43.9,43.4,0.3,0,0.01,0.01,0.01,0,80,1
"Jam, raspberry, regular",1100,1087,0,67.3,67.3,0.1,0,0,0,0,0,74,2
"Jam, strawberry, regular",1100,1087,0,67.3,67.3,0.1,0,0,0,0,0,23,2
"Jam, all flavours, reduced sugar",540,521,0.1,31.6,31.6,0,0,0.01,0.01,0.01,0,34,1
"Jam, all flavours, no added sugar (100% fruit)",883,869,0.5,51.5,51.5,0.1,0,0.08,0.11,0.08,0,30,1
"Jam, all flavours, intense sweetened",101,88,0.2,4.6,4.6,1.8,0,0,0,0,0,72,1
"Jam, not further defined",1076,1064,0,65.7,65.7,0.1,0,0,0,0,0,41,2
"Lemon butter, homemade",1260,1253,13.6,43.1,43.1,0,0,8.26,3.04,0.45,701.98,74,2
"Marmalade, ginger, regular",1037,1011,0.1,64.3,64.3,0.4,0,0,0,0,0,67,2
"Marmalade, ginger, reduced sugar",593,566,0.1,36.5,36.5,0.4,0,0,0,0,0,38,1
"Marmalade, cumquat (kumquat), regular",1061,1054,0,65.5,65.5,0.1,0,0,0,0,0,96,2
"Marmalade, lime or lemon, regular",1061,1054,0,65.5,65.5,0.1,0,0,0,0,0,85,2
"Marmalade, lime or lemon, reduced sugar",580,550,0.2,32.3,32.3,0,0,0.02,0.02,0.03,0,8,1
"Marmalade, orange, regular",1061,1054,0,65.5,65.5,0.1,0,0,0,0,0,45,2
"Marmalade, orange, reduced sugar",602,574,0.1,34.6,34.6,0,0,0.02,0.02,0.03,0,65,1
"Marmalade, orange, no added sugar (100% fruit)",782,757,0.3,44.9,44.9,0,0,0.07,0.09,0.07,0,67,1
"Marmalade, regular, not further defined",1058,1049,0,65.3,65.3,0.1,0,0,0,0,0,37,2
"Paste, quince",1004,965,0.2,58.2,58.2,0,0,0,0,0,0,47,1
"Relish, corn, commercial",435,430,0.1,25.3,25.2,7.4,0,0.02,0.03,0.06,0,99,1
"Relish, onion, commercial",715,699,9.7,19,19,0,0,1.14,5.45,2.54,59.47,49,1
"Sauce, sweet, caramel, homemade",1916,1916,31.2,46.4,46.4,0,0,20.27,6.89,0.9,1712.45,36,2
"Sauce, sweet, chocolate, homemade",2042,2036,38.3,35.1,35.1,5.8,0,24.1,10.13,1.22,1312.8,81,2
"Sauce, sweet, lemon & butter, homemade",937,936,16.6,19.5,19.5,1.5,0,10.9,3.28,0.31,977.19,54,2
"Sauce, sweet, mixed berry coulis",270,237,0.2,12.4,12.4,0.2,0,0.03,0.02,0.05,0,41,1
"Spread, hazelnut & chocolate flavoured",2260,2230,32.1,57.8,57.8,0.6,0,8.22,16.97,5.5,30.72,45,2
"Topping, caramel",770,767,0.3,46.3,46.3,3.2,0,0.15,0.08,0.01,0,15,1
"Topping, chocolate",817,814,0.3,49.3,49.3,2.1,0,0.15,0.08,0.01,0,52,1
"Topping, chocolate, hard",2605,2585,50.3,40.7,40.7,2.1,0,27.24,10.06,10.12,422.64,10,2
"Topping, fruit-flavoured, regular",749,746,0,46.3,46.3,1.9,0,0,0,0,0,6,1
"Glucose, liquid or syrup",1174,1174,0,82,82,0,0,0,0,0,0,43,2
Honey,1318,1318,0,82.1,82.1,0,0,0,0,0,0,14,2
"Intense sweetener, containing aspartame, powdered formulation",1690,1690,0,96.6,96.6,0,0,0,0,0,0,9,2
"Intense sweetener, containing aspartame, tablet formulation",1542,1486,0,68,68,0,0,0,0,0,0,96,2
"Intense sweetener, containing aspartame/acesulfame-potassium, tablet",1624,1562,0,36,36,0,0,0,0,0,0,33,2
"Intense sweetener, containing saccharin, liquid",0,0,0,0,0,0,0,0,0,0,0,21,1
"Intense sweetener, containing saccharin, tablet",777,717,0,42.2,42.2,0,0,0,0,0,0,74,1
"Intense sweetener, containing sucralose, powdered formulation",1554,1554,0,93,93,0,0,0,0,0,0,62,2
"Intense sweetener, containing sucralose, tablet",1400,1400,0,76.9,76.9,0,0,0,0,0,0,11,2
"Intense sweetener, containing stevia, powdered formulation",1247,927,0,55,55,0,0,0,0,0,0,66,2
"Intense sweetener, containing stevia, tablet",1506,1444,0.5,85.2,85.2,2.4,0,0,0,0,0,22,2
"Intense sweetener, powder formulation, not further defined",1579,1527,0,88.8,88.8,0,0,0,0,0,0,68,2
"Intense sweetener, tablet, not further defined",1108,1056,0,55.4,55.4,0.1,0,0,0,0,0,43,2
"Pectin, powder, unsweetened",725,11,0.1,0,0,0,0,0.03,0.01,0.05,0,69,1
"Sugar, brown",1552,1552,0,96.8,96.8,0,0,0,0,0,0,92,2
"Sugar, cinnamon",1543,1499,0.3,92.6,92.6,1.2,0,0.14,0.1,0.02,0,80,2
"Sugar, raw",1597,1597,0,99.8,99.8,0,0,0,0,0,0,94,2
"Sugar, raw, low GI (glucose index)",1597,1597,0,99.8,99.8,0,0,0,0,0,0,80,2
"Sugar, white, fruit sugar (fructose), granulated or lump",1600,1600,0,100,100,0,0,0,0,0,0,49,2
"Sugar, white, granulated or lump",1600,1600,0,100,100,0,0,0,0,0,0,81,2
"Sugar, white, with added stevia, granulated",1599,1597,0,99.8,99.8,0,0,0,0,0,0,17,2
"Sugar, white, icing",1600,1600,0,100,100,0,0,0,0,0,0,54,2
"Sugar, white, icing mixture",1598,1598,0,99.6,99.6,4,0,0,0,0,0,98,2
"Syrup, agave, light & dark, liquid",1216,1216,0,76,76,0,0,0,0,0,0,17,2
"Syrup, golden",1203,1203,0,74.9,74.9,0,0,0,0,0,0,38,2
"Syrup, maple, pure (100% maple)",960,960,0.2,59.5,59.5,0,0,0,0,0,0,43,1
"Chocolate glaze, commercial",2167,2157,29.6,61.6,61.6,10.4,0,17.08,9.34,1.84,191.48,44,2
"Icing, chocolate ganache, commercial",1811,1791,32.9,32.4,32.4,0.9,0,25.72,4.44,0.77,924.22,42,2
"Icing, chocolate ganache, homemade",1945,1937,30,47.5,47.5,7.9,0,18.41,8.95,1.04,558.44,14,2
"Icing, cream cheese, homemade",1593,1593,17.1,57,57,0,0,9.03,4.73,1.7,627.74,73,2
"Icing, cream style, plain & flavoured (non-chocolate & coffee), commercial",2174,2174,35,54.8,54.8,2.2,0,32.34,0.49,0.1,0,28,2
"Icing, egg white based, non-chocolate & coffee, homemade",1347,1346,0,82.4,82.4,0,0,0,0,0,0,67,2
"Icing, sugar based, chocolate, cocoa powder, commercial",1647,1635,14.3,68,68,3.9,0,12.99,0.44,0.06,0,15,2
"Icing, sugar based, chocolate, cocoa powder, homemade",1493,1481,10.1,68.3,68.3,1.2,0,4.29,3.25,1.68,273.07,49,2
"Icing, sugar based, coffee, homemade",1490,1488,9.8,70.2,70.2,0.1,0,4.02,3.15,1.74,285.73,32,2
"Icing, sugar based, non-chocolate & coffee, homemade",1407,1407,9.1,66.7,66.7,0,0,3.77,2.95,1.63,267.72,50,2
"Icing, sugar based, plain & flavoured (non-chocolate & coffee), commercial",1678,1678,14.9,68.7,68.7,2.7,0,13.44,0.55,0.07,25.24,88,2
"Icing, homemade, not further defined (non-chocolate & coffee)",1496,1496,12,64.6,64.6,0,0,5.61,3.61,1.69,393.73,57,2
"Almond, sugar-coated",2285,2246,37.5,39.2,39.2,1.6,0,2.56,24.24,9.01,36.75,31,2
"Caramels, soft",1620,1608,11.4,74.5,74.5,15.9,0,8.65,1.42,0.23,675.79,59,2
"Caramels, hard",1620,1608,11.4,74.5,74.5,15.9,0,8.65,1.42,0.23,675.79,26,2
"Chewing gum, regular",1179,1179,0.3,73,73,0,0,0,0,0,0,55,2
"Chewing gum, intense sweetened",1035,1035,0.3,64,0,0,0,0,0,0,0,92,2
"Coconut ice, homemade",2020,1989,29.5,53.1,53.1,0.2,0,26.57,1.02,0.18,3.61,88,2
"Confectionery, chocolate crackle",2623,2594,51.6,38.6,38.6,16.6,0,46.98,1.32,0.3,11.84,71,2
"Confectionery, honey joy",1848,1837,21.4,60,60,28.9,0,8.75,6.87,3.91,619.57,44,2
"Confectionery, rocky road",2005,1983,26,55.9,55.9,5,0,15.03,8.69,0.93,100.7,40,2
"Confectionery, rum ball (rumball)",1677,1651,18.6,49.1,49.1,13.4,1.4,13.42,3.28,0.7,201.47,53,2
"Confectionery, white Christmas, homemade",2379,2353,43.3,41.6,41.6,6.4,0,38.82,1.59,0.34,55.69,55,2
"Ginger, crystallised",1264,1256,0.1,77.8,77.8,1.1,0,0,0,0,0,32,2
"Fruit bar, apricot, snack or confectionery style",1410,1378,4,74.1,73,2.1,0,3.46,0.2,0.04,0,50,2
"Fruit bar, 95% fruit, snack or confectionery style, added fibre & vitamin C & folate",1418,1360,0.4,80.2,79.6,7.2,0,0,0,0,0,16,2
"Halvah, plain",2017,1963,30.4,41.2,41.2,6.7,0,3.71,11.95,13.32,98.65,39,2
"Honeycomb, plain",1502,1502,0,93.7,93.7,0.1,0,0,0,0,0,96,2
"Confectionery, cake decoration, sugar based (hundreds & thousands)",1580,1580,0,98.5,98.5,4.5,0,0,0,0,0,87,2
"Jelly crystals, sugar sweetened, all flavours",1582,1582,0,90.7,90.7,0,0,0,0,0,0,73,2
"Jelly, sugar sweetened, all flavours, prepared",230,230,0,13.2,13.2,0,0,0,0,0,0,35,1
"Jelly, sugar sweetened, all flavours, prepared, added berries",202,196,0,10.9,10.9,0.1,0,0,0,0,0,99,1
"Jelly, sugar sweetened, all flavours, prepared, added pears",221,214,0,12.3,11.8,0,0,0,0,0,0,57,1
"Jelly, sugar sweetened, all flavours, prepared, added peach, apricot, mango or nectarine",218,213,0,12,11.7,0,0,0,0,0,0,95,1
"Jelly, sugar sweetened, all flavours, prepared, added peach & pears",220,214,0,12.2,11.7,0,0,0,0,0,0,82,1
"Jelly, sugar sweetened, all flavours, prepared, added other fruits",236,232,0,13.3,13.1,0,0,0,0,0,0,73,1
"Jelly crystals, intense sweetened, all flavours",1651,1651,0,80.9,80.9,80.2,0,0,0,0,0,24,2
"Jelly, intense sweetened, all flavours, prepared",57,57,0,2.8,2.8,2.8,0,0,0,0,0,32,1
"Jelly, intense sweetened, all flavours, prepared, added peach, apricot, mango or nectarine",97,93,0,4.8,4.4,2,0,0,0,0,0,9,1
"Jelly, intense sweetened, all flavours, prepared, added other fruits",115,111,0,6,5.8,2,0,0,0,0,0,90,1
"Licorice, black",1345,1322,0.8,74.9,74.9,36.5,0,0.56,0.07,0.11,0,30,2
"Licorice, flavoured",1345,1322,0.8,74.9,74.9,36.5,0,0.56,0.07,0.11,0,51,2
"Licorice, allsorts",1498,1489,0.3,90,90,14.6,0,0.22,0.03,0.04,0,21,2
"Lolly, boiled",1543,1543,0,98.3,98.3,21.5,0,0,0,0,0,49,2
"Lolly, boiled, chocolate filled",1941,1930,18.3,72.9,72.9,9.4,0,11.25,5.64,0.5,95.08,61,2
"Lolly, butterscotch",1628,1628,6,87.5,87.5,7,0,3.34,1,0.08,299.52,55,2
"Lolly, fruit flavoured, chewy",1542,1542,6,81,81,10.5,0,2.4,1.82,0.43,86.4,67,2
"Lolly, hard varieties",1566,1566,0,98.4,98.4,4.4,0,0,0,0,0,33,2
"Lolly, jelly varieties",1350,1350,0,79.7,79.7,10.5,0,0,0,0,0,10,2
"Lolly, jelly varieties, natural colours & flavours",1350,1350,0,79.7,79.7,10.5,0,0,0,0,0,89,2
"Lolly, jelly varieties, with cocoa",1352,1348,0.3,78.6,78.6,10.8,0,0.17,0.1,0.01,0,6,2
"Lolly, medicated cough lolly or lozenge",1543,1543,0,98.3,98.3,21.5,0,0,0,0,0,69,2
"Lolly, mint flavoured, sugar sweetened",1588,1588,2,93.3,93.3,0,0,0.18,0.66,0.72,0,62,2
"Lolly, mint flavoured, intense sweetened",1563,1563,0.3,97,0,0,0,0,0,0,0,68,2
"Lolly, non-mint flavours, intense sweetened",1268,1268,0,96.2,4.4,4.4,0,0,0,0,0,98,2
"Lolly, sour, all varieties",1458,1458,0,89,89,7.4,0,0,0,0,0,49,2
Lollipop or chupa chup,1543,1543,0,98.3,98.3,21.5,0,0,0,0,0,81,2
"Marshmallow, plain or flavoured",1374,1374,0,80.6,80.6,4.5,0,0,0,0,0,15,2
"Marzipan, almond paste, added sugar",1717,1678,18.1,55.1,55.1,1,0,1.23,12.1,3.98,58.83,68,2
"Meringue, all flavours, commercial",1538,1538,1.4,90.1,90.1,0.7,0,0.13,0.46,0.5,0,93,2
"Meringue, plain, homemade from basic ingredients",1510,1510,0,89.1,89.1,0,0,0,0,0,0,71,2
"Nougat, honey & nuts, traditional",1790,1766,22.6,49.2,49.2,1,0,1.51,14.79,5.26,7.76,72,2
"Pavlova, plain, commercial",1412,1412,0,82.3,82.3,1.3,0,0,0,0,0,67,2
"Pavlova, plain, homemade from basic ingredients",1454,1454,0,85.3,85.3,1.3,0,0,0,0,0,27,2
"Pavlova, plain, topped with whipped cream",1891,1891,16.9,73.4,73.4,1.1,0,10.87,4.06,0.64,869.55,65,2
"Pavlova, plain, topped with whipped cream & fresh fruit",1221,1209,10.2,47.4,47.4,1.7,0,6.48,2.42,0.38,518.19,70,2
Sherbet powder,1496,1496,0,93.5,93.5,0,0,0,0,0,0,56,2
"Turkish delight, plain",1299,1299,0.1,77.6,77.6,8,0,0.01,0.01,0.02,0,30,2
"Artichoke, globe, raw",145,80,0.2,1.3,1.3,0.4,0,0,0,0,0,70,1
"Artichoke, globe, boiled, microwaved or steamed, drained",170,94,0.2,1.5,1.5,0.5,0,0,0,0,0,57,1
"Artichoke, globe, boiled, microwaved or steamed, drained, added fat not further defined",358,286,5.5,1.5,1.5,0.4,0,1.39,2.45,1.09,103.15,77,1
"Artichoke, jerusalem, peeled, raw",245,221,0.1,10.5,10.5,0.3,0,0,0,0,0,46,1
"Artichoke, jerusalem, peeled, boiled, microwaved or steamed, drained",263,237,0.1,11.3,11.3,0.3,0,0,0,0,0,22,1
"Artichoke heart, canned in brine, drained",104,67,0.3,1.2,1.2,0.1,0,0,0,0,0,59,1
"Asparagus, green, raw",88,71,0.1,1.4,1.4,0,0,0,0,0,0,27,1
"Asparagus, green, fresh or frozen, baked, roasted, stir-fried or fried, grilled or BBQ'd, no added fat",107,86,0.1,1.7,1.7,0,0,0,0,0,0,49,1
"Asparagus, green, fresh or frozen, baked, roasted, stir-fried or fried, grilled or BBQ'd, fat not further defined",324,304,6.1,1.6,1.6,0,0,1,3.56,1.1,44.12,41,1
"Asparagus, green, fresh or frozen, boiled, microwaved or steamed, drained",104,83,0.1,1.6,1.6,0,0,0,0,0,0,53,1
"Asparagus, green, fresh or frozen, boiled, microwaved or steamed, drained, added fat not further defined",295,276,5.4,1.6,1.6,0,0,1.39,2.45,1.09,103.15,93,1
"Asparagus, canned in brine, drained or undrained",101,70,0.1,1.5,1.5,0,0,0,0,0,0,54,1
"Avocado, raw",867,843,21.6,0.4,0.4,0,0,4.86,12.94,2.86,0,36,1
"Avocado, cooked, with or without fat",912,887,22.8,0.4,0.4,0,0,5.12,13.62,3.01,0,87,1
"Bamboo shoot, canned in water, heated, drained",57,34,0,1.3,1.3,0.5,0,0,0,0,0,72,1
"Bamboo shoot, fresh, cooked, with or without fat",57,34,0,1.3,1.3,0.5,0,0,0,0,0,42,1
"Basil, green, raw",119,85,0.6,1.7,1.7,1.7,0,0.26,0.15,0.07,0,64,1
"Bean, black, dried, boiled, microwaved or steamed, drained",464,377,0.7,12.6,12.6,7.9,0,0.09,0.05,0.42,0,66,1
"Bean, broad, fresh or frozen, raw",235,177,0.5,2.2,2.2,1.3,0,0,0,0,0,87,1
"Bean, broad, fresh or frozen, boiled, microwaved or steamed, drained",252,190,0.5,2.4,2.4,1.4,0,0,0,0,0,58,1
"Bean, broad, canned, drained",250,188,0.5,2.3,2.3,1.4,0,0,0,0,0,97,1
"Bean, butter, fresh, raw",104,85,0.2,2.3,2.3,0.3,0,0,0,0,0,79,1
"Bean, butter, fresh, boiled, microwaved or steamed, drained",112,92,0.2,2.5,2.5,0.3,0,0,0,0,0,12,1
"Bean, green, canned, cooked, no added fat",102,77,0.2,2.8,2.8,1.5,0,0,0,0,0,25,1
"Bean, green, fresh or frozen, raw",112,87,0.2,2.4,2.4,1.2,0,0,0,0,0,49,1
"Bean, green, fresh or frozen, baked, roasted, fried, stir-fried, grilled or BBQ'd, no added fat",132,102,0.2,2.8,2.8,1.4,0,0,0,0,0,48,1
"Bean, green, fresh or frozen, baked, roasted, fried, stir-fried, grilled or BBQ'd, fat not further defined",339,311,6,2.7,2.7,1.3,0,0.97,3.44,1.06,42.56,42,1
"Bean, green, fresh, boiled, microwaved or steamed, drained",89,69,0.2,2.2,2.2,0.5,0,0,0,0,0,34,1
"Bean, green, frozen, boiled, microwaved or steamed, drained",102,78,0.2,2.8,2.8,1.5,0,0,0,0,0,43,1
"Bean, green, fresh or frozen, boiled, microwaved or steamed, added fat not further defined",288,263,4.9,2.4,2.4,1.2,0,1.24,2.2,0.98,92.29,83,1
"Bean, green, cooked, not further defined",96,73,0.2,2.5,2.5,1,0,0,0,0,0,21,1
"Bean, lupin, raw",1389,1122,7,8.8,8.8,1.7,0,1.18,2.27,2.76,258.45,43,2
"Bean, lupin, canned, drained",472,382,2.4,3,3,0.6,0,0.4,0.77,0.94,87.87,38,1
"Bean, red, fresh, raw",561,489,0.4,14.7,14.7,13,0,0,0,0,0,65,1
"Bean, red, fresh, boiled, drained",604,525,0.4,15.8,15.8,14,0,0,0,0,0,31,1
"Beetroot, purple, peeled, fresh or frozen, raw",201,173,0.1,8.4,8.4,0,0,0,0,0,0,80,1
"Beetroot, purple, peeled or unpeeled, fresh or frozen, baked, roasted, fried, stir-fried, grilled or BBQ'd, no added fat",246,211,0.1,10.2,10.2,0,0,0,0,0,0,86,1
"Beetroot, purple, peeled or unpeeled, fresh or frozen, baked, roasted, stir-fried, grilled or BBQ'd, fat not further defined",455,423,6.1,9.7,9.7,0,0,1,3.56,1.1,44.12,43,1
"Beetroot, purple, peeled, fresh or frozen, boiled, microwaved or steamed, drained",217,186,0.1,9,9,0,0,0,0,0,0,41,1
"Beetroot, purple, peeled or unpeeled, fresh or frozen, steamed, added fat not further defined",386,357,5,8.6,8.6,0,0,1.27,2.24,1,94.27,11,1
"Beetroot, canned, drained",199,169,0.1,8.9,8.9,0,0,0,0,0,0,15,1
"Bok choy or choy sum, raw",79,60,0.2,0.6,0.6,0,0,0,0,0,0,97,1
"Bok choy or choy sum, baked, roasted, fried, stir-fried, grilled or BBQ'd, no added fat",113,85,0.3,0.9,0.9,0,0,0,0,0,0,84,1
"Bok choy or choy sum, baked, roasted, fried, stir-fried, grilled or BBQ'd, olive oil",372,345,7.4,0.8,0.8,0,0,1.1,5.09,0.62,0,90,1
"Bok choy or choy sum, baked, roasted, fried, stir-fried, grilled or BBQ'd, other oil",372,345,7.4,0.8,0.8,0,0,0.96,2.64,3.15,140.66,12,1
"Bok choy or choy sum, baked, roasted, fried, stir-fried, grilled or BBQ'd, fat not further defined",367,340,7.3,0.8,0.8,0,0,1.18,4.18,1.29,51.68,85,1
"Bok choy or choy sum, boiled, microwaved or steamed, drained",82,62,0.2,0.6,0.6,0,0,0,0,0,0,93,1
"Bok choy or choy sum, boiled, casseroled microwaved, poached, steamed or stewed, added fat not further defined",252,233,4.9,0.6,0.6,0,0,1.23,2.17,0.97,91.33,58,1
"Broccoli, fresh or frozen, raw",131,101,0.3,0.4,0.4,0,0,0,0,0,0,78,1
"Broccoli, fresh or frozen, baked, roasted, fried, stir-fried, grilled or BBQ'd, no added fat",160,124,0.4,0.5,0.5,0,0,0,0,0,0,21,1
"Broccoli, fresh or frozen, baked, roasted, fried, stir-fried, grilled or BBQ'd, canola oil",377,343,6.4,0.5,0.5,0,0,0.44,3.62,1.74,1.75,88,1
"Broccoli, fresh or frozen, baked, roasted, fried, stir-fried, grilled or BBQ'd, olive oil",377,343,6.4,0.5,0.5,0,0,0.93,4.34,0.53,0,24,1
"Broccoli, fresh or frozen, baked, roasted, fried, stir-fried, grilled or BBQ'd, other oil",377,343,6.4,0.5,0.5,0,0,0.82,2.26,2.69,120.08,19,1
"Broccoli, fresh or frozen, baked, roasted, fried, stir-fried, grilled or BBQ'd, fat not further defined",373,339,6.3,0.5,0.5,0,0,1,3.56,1.1,44.12,14,1
"Broccoli, fresh, boiled, microwaved or steamed, drained",114,91,0.4,1.3,1.3,0,0,0,0,0,0,16,1
"Broccoli, frozen, boiled, microwaved or steamed, drained",124,91,0.3,2,2,0.6,0,0,0,0,0,77,1
"Broccoli, fresh or frozen, boiled, microwaved or steamed, drained, added fat not further defined",304,274,5,0.4,0.4,0,0,1.23,2.17,0.97,91.33,28,1
"Broccolini, fresh or frozen, raw",150,130,0.4,2,2,0.7,0,0,0,0,0,6,1
"Broccolini, fresh or frozen, boiled, microwaved or steamed, drained",157,136,0.4,2.1,2.1,0.7,0,0,0,0,0,96,1
"Brussels sprout, fresh or frozen, raw",150,114,0.3,2.1,2.1,0,0,0,0,0,0,72,1
"Brussels sprout, fresh or frozen, baked, roasted, stir-fried, fried, grilled or BBQ'd, fat not further defined",360,322,5.8,2.2,2.2,0,0,0.92,3.25,1,40.2,32,1
"Brussels sprout, fresh, boiled, microwaved or steamed, drained",156,118,0.3,2.2,2.2,0,0,0,0,0,0,9,1
"Brussels sprout, frozen, boiled, microwaved or steamed , drained",186,148,0.3,4.6,4.6,1.5,0,0,0,0,0,57,1
"Cabbage, Chinese, raw",44,35,0,0.9,0.9,0,0,0,0,0,0,89,1
"Cabbage, Chinese, baked, roasted, fried, stir-fried, grilled or BBQ'd, no added fat",49,39,0,1,1,0,0,0,0,0,0,37,1
"Cabbage, Chinese, baked, roasted, fried, stir-fried, grilled or BBQ'd, fat not further defined",319,307,7,1.2,1.2,0,0,1.18,4.18,1.29,51.68,45,1
"Cabbage, Chinese, boiled, microwaved or steamed, drained",46,36,0,0.9,0.9,0,0,0,0,0,0,14,1
"Cabbage, Chinese, boiled, microwaved or steamed, drained, added fat not further defined",218,209,4.7,0.9,0.9,0,0,1.23,2.17,0.97,91.33,8,1
"Cabbage, Chinese flowering, raw",71,48,0.3,0.9,0.9,0.1,0,0,0,0,0,62,1
"Cabbage, mustard, raw",77,63,0.3,0.7,0.7,0,0,0,0,0,0,15,1
"Cabbage, mustard, cooked",86,70,0.3,0.8,0.8,0,0,0,0,0,0,37,1
"Cabbage, red, raw",122,95,0.3,2.7,2.7,0,0,0,0,0,0,68,1
"Cabbage, red, baked, roasted, fried, stir-fried, grilled or BBQ'd, fat not further defined",331,302,5.8,2.8,2.8,0,0,0.92,3.25,1,40.2,14,1
"Cabbage, red, boiled, microwaved or steamed, drained, with or without added fat",127,99,0.3,2.8,2.8,0,0,0,0,0,0,19,1
"Cabbage, red, canned, heated, drained",171,141,0.2,6.7,6.7,0.5,0,0,0,0,0,10,1
"Cabbage, savoy, raw",90,71,0.1,2.3,2.3,0,0,0,0,0,0,77,1
"Cabbage, savoy, baked, roasted, fried, stir-fried, grilled or BBQ'd, with or without added fat",100,79,0.1,2.6,2.6,0,0,0,0,0,0,84,1
"Cabbage, savoy, boiled, microwaved or steamed, drained, with or without added fat",93,74,0.1,2.4,2.4,0,0,0,0,0,0,25,1
"Cabbage, white, raw",91,72,0.1,2.8,2.8,0,0,0,0,0,0,98,1
"Cabbage, white, baked, roasted, fried, stir-fried, grilled or BBQ'd, fat not further defined",298,278,5.6,3,3,0,0,0.92,3.25,1,40.2,7,1
"Cabbage, white, boiled, microwaved or steamed, drained, with and without added fat",95,75,0.1,2.9,2.9,0,0,0,0,0,0,96,1
"Cabbage, raw, not further defined",89,71,0.1,2.4,2.4,0,0,0,0,0,0,25,1
"Cabbage, baked, roasted, fried, stir-fried, grilled or BBQ'd, no added fat",99,78,0.1,2.6,2.6,0,0,0,0,0,0,28,1
"Cabbage, baked, roasted, fried, stir-fried, grilled or BBQ'd, butter, dairy blend or margarine",259,239,4.6,2.5,2.5,0,0,2.5,1.1,0.34,211.32,22,1
"Cabbage, baked, roasted, fried, stir-fried, grilled or BBQ'd, canola oil",300,280,5.7,2.5,2.5,0,0,0.4,3.3,1.58,1.59,38,1
"Cabbage, baked, roasted, fried, stir-fried, grilled or BBQ'd, olive oil",300,280,5.7,2.5,2.5,0,0,0.85,3.96,0.48,0,69,1
"Cabbage, baked, roasted, fried, stir-fried, grilled or BBQ'd, other oil",300,280,5.7,2.5,2.5,0,0,0.75,2.05,2.45,109.4,73,1
"Cabbage, boiled, microwaved or steamed, drained, with or without added fat",93,74,0.1,2.5,2.5,0,0,0,0,0,0,13,1
"Cabbage, pickled, canned, drained",65,42,0.2,1.1,1.1,0,0,0,0,0,0,38,1
"Capers, pickled, canned, drained",126,100,0.9,1.7,1.7,1.3,0,0.21,0.06,0.3,0,38,1
"Capsicum, green, fresh or frozen, raw",84,67,0.1,2.3,2.3,0,0,0,0,0,0,57,1
"Capsicum, green, fresh or frozen, baked, roasted, fried, stir-fried, grilled or BBQ'd, no added fat",93,75,0.1,2.6,2.6,0,0,0,0,0,0,64,1
"Capsicum, green, fresh or frozen, baked, roasted, fried, stir-fried, grilled or BBQ'd, fat not further defined",290,273,5.6,2.4,2.4,0,0,0.92,3.25,1,40.2,18,1
"Capsicum, green, fresh or frozen, boiled, microwaved or steamed, drained",88,71,0.1,2.4,2.4,0,0,0,0,0,0,92,1
"Capsicum, green, fresh or frozen, boiled, microwaved or steamed, added fat not further defined",260,243,4.8,2.3,2.3,0,0,1.24,2.2,0.98,92.29,39,1
"Capsicum, red, fresh or frozen, raw",118,104,0.2,4,4,0,0,0,0,0,0,75,1
"Capsicum, red, fresh or frozen, baked, roasted, fried, stir-fried, grilled or BBQ'd, no added fat",132,116,0.2,4.4,4.4,0,0,0,0,0,0,80,1
"Capsicum, red, fresh or frozen, baked, roasted, fried, stir-fried, grilled or BBQ'd, fat not further defined",327,312,5.7,4.2,4.2,0,0,0.92,3.25,1,40.2,30,1
"Capsicum, red, fresh or frozen, boiled, microwaved or steamed, drained",125,110,0.2,4.2,4.2,0,0,0,0,0,0,52,1
"Capsicum, red, fresh or frozen, boiled, microwaved or steamed, drained, added fat not further defined",295,280,4.9,4,4,0,0,1.24,2.2,0.98,92.29,85,1
"Capsicum, fresh or frozen, raw, not further defined",106,91,0.2,3.4,3.4,0,0,0,0,0,0,45,1
"Capsicum, fresh or frozen, baked, roasted, fried, stir-fried, grilled or BBQ'd, no added fat",118,101,0.2,3.8,3.8,0,0,0,0,0,0,90,1
"Capsicum, fresh or frozen, baked, roasted, fried, stir-fried, grilled or BBQ'd, canola oil",318,302,5.7,3.6,3.6,0,0,0.4,3.3,1.58,1.59,73,1
"Capsicum, fresh or frozen, baked, roasted, fried, stir-fried, grilled or BBQ'd, olive oil",318,302,5.7,3.6,3.6,0,0,0.85,3.96,0.48,0,55,1
"Capsicum, fresh or frozen, baked, roasted, fried, stir-fried, grilled or BBQ'd, fat not further defined",314,298,5.6,3.6,3.6,0,0,0.92,3.25,1,40.2,15,1
"Capsicum, fresh or frozen, boiled, microwaved or steamed, drained",112,96,0.2,3.6,3.6,0,0,0,0,0,0,44,1
"Capsicum, fresh or frozen, boiled, microwaved or steamed, added fat not further defined",282,267,4.9,3.4,3.4,0,0,1.24,2.2,0.98,92.29,85,1
"Carrot, baby, peeled or unpeeled, fresh or frozen, raw",134,108,0.1,5.5,5.5,0,0,0,0,0,0,94,1
"Carrot, baby, peeled or unpeeled, fresh or frozen, baked, roasted, fried, stir-fried, grilled or BBQ'd, fat not further defined",336,309,5.4,5.7,5.7,0,0,0.9,3.18,0.98,39.32,76,1
"Carrot, baby, peeled or unpeeled, fresh or frozen, boiled, microwaved or steamed, drained",144,116,0.1,5.9,5.9,0,0,0,0,0,0,56,1
"Carrot, baby, canned in brine, boiled or microwaved , drained",108,84,0.1,4.2,4.2,0.2,0,0,0,0,0,42,1
"Carrot, mature, peeled or unpeeled, fresh or frozen, raw",133,101,0.1,5,5,0,0,0,0,0,0,42,1
"Carrot, mature, peeled or unpeeled, fresh or frozen, baked, roasted, fried, stir-fried, grilled or BBQ'd, no added fat",162,123,0.1,6.1,6.1,0,0,0,0,0,0,67,1
"Carrot, mature, peeled or unpeeled, fresh or frozen, baked, roasted, fried, stir-fried, grilled or BBQ'd, butter, dairy blend or margarine",334,297,5,5.8,5.8,0,0,2.74,1.21,0.38,231.93,60,1
"Carrot, mature, peeled or unpeeled, fresh or frozen, baked, roasted, fried, stir-fried, grilled or BBQ'd, canola oil",379,342,6.2,5.8,5.8,0,0,0.44,3.62,1.74,1.75,90,1
"Carrot, mature, peeled or unpeeled, fresh or frozen, baked, roasted, fried, stir-fried, grilled or BBQ'd, olive oil",379,342,6.2,5.8,5.8,0,0,0.93,4.34,0.53,0,61,1
"Carrot, mature, peeled or unpeeled, fresh or frozen, baked, roasted, fried, stir-fried, grilled or BBQ'd, other oil",379,342,6.2,5.8,5.8,0,0,0.82,2.26,2.69,120.08,16,1
"Carrot, mature, peeled or unpeeled, fresh or frozen, baked, roasted, fried, stir-fried, grilled or BBQ'd, fat not further defined",376,339,6.1,5.8,5.8,0,0,1,3.56,1.1,44.12,64,1
"Carrot, mature, peeled or unpeeled, fresh or frozen, boiled, microwaved or steamed, drained",129,102,0.3,4.1,4.1,0.4,0,0,0,0,0,66,1
"Carrot, mature, peeled or unpeeled, fresh or frozen, boiled, microwaved or steamed, drained, added fat not further defined",315,283,5,5.1,5.1,0,0,1.27,2.24,1,94.27,74,1
"Carrot, peeled or unpeeled, fresh or frozen, raw, not further defined",133,104,0.1,5.2,5.2,0,0,0,0,0,0,95,1
"Cassava, peeled, fresh or frozen, raw",587,550,0.2,30.4,30.4,29.2,0,0,0,0,0,100,1
"Cassava, peeled, fresh or frozen, boiled, microwaved or steamed, drained",632,592,0.3,32.7,32.7,31.4,0,0,0,0,0,56,1
"Cassava, white flesh, peeled, fresh or frozen, raw",644,607,0.3,34.1,34.1,32.9,0,0,0,0,0,96,1
"Cassava, white flesh, peeled, fresh or frozen, boiled, microwaved or steamed, drained",692,652,0.3,36.7,36.7,35.4,0,0,0,0,0,20,1
"Cassava, yellow flesh, peeled, fresh or frozen, raw",531,493,0.2,26.7,26.7,25.5,0,0,0,0,0,14,1
"Cassava, yellow flesh, peeled, fresh or frozen, boiled, microwaved or steamed, drained",571,531,0.2,28.7,28.7,27.4,0,0,0,0,0,36,1
"Cauliflower, fresh or frozen, raw",103,80,0.2,2,2,0,0,0,0,0,0,10,1
"Cauliflower, fresh or frozen, baked, roasted, fried, stir-fried, grilled or BBQ'd, no added fat",126,98,0.2,2.4,2.4,0,0,0,0,0,0,39,1
"Cauliflower, fresh or frozen, baked, roasted, fried, stir-fried, grilled or BBQ'd, fat not further defined",341,315,6.2,2.3,2.3,0,0,1,3.56,1.1,44.12,21,1
"Cauliflower, fresh or frozen, boiled, microwaved or steamed, drained",107,84,0.2,2.1,2.1,0,0,0,0,0,0,45,1
"Cauliflower, fresh or frozen, boiled, microwaved or steamed, drained, added fat not further defined",276,254,4.9,2,2,0,0,1.23,2.17,0.97,91.33,32,1
"Cauliflower, fresh or frozen, boiled, microwaved or steamed, added homemade cheese sauce",512,501,8.6,4.9,4.9,1.6,0,5.58,1.91,0.26,348.34,90,1
"Celeriac, peeled, raw",159,119,0.2,5,2.8,0,0,0,0,0,0,19,1
"Celeriac, peeled, boiled, microwaved or steamed, drained",171,128,0.2,5.4,3,0,0,0,0,0,0,51,1
"Celery, fresh or frozen, raw",62,51,0.1,2.2,1.2,0,0,0,0,0,0,21,1
"Celery, fresh or frozen, baked, roasted, fried, stir-fried, grilled or BBQ'd, no added fat",76,62,0.1,2.7,1.5,0,0,0,0,0,0,87,1
"Celery, fresh or frozen, baked, roasted, fried, stir-fried, grilled or BBQ'd, fat not further defined",294,281,6.1,2.5,1.4,0,0,1,3.56,1.1,44.12,94,1
"Celery, fresh or frozen, boiled, microwaved or steamed, drained",73,60,0.1,2.6,1.4,0,0,0,0,0,0,83,1
"Celery, fresh or frozen, boiled, microwaved or steamed, drained, added fat not further defined",266,254,5.4,2.5,1.3,0,0,1.39,2.45,1.09,103.15,48,1
"Chicory, raw",67,52,0.2,0.8,0.8,0.1,0,0,0,0,0,58,1
"Chicory, boiled, microwaved or steamed, drained",79,62,0.2,0.9,0.9,0.1,0,0,0,0,0,85,1
"Chilli (chili), green, raw",181,78,0.3,1,1,0,0,0,0,0,0,13,1
"Chilli (chili), green, cooked with or without added fat",201,86,0.3,1.1,1.1,0,0,0,0,0,0,26,1
"Chilli (chili), green, pickled",193,83,0.3,1.1,1.1,0,0,0,0,0,0,27,1
"Chilli (chili), red, raw",200,115,0.4,4.2,4.2,0,0,0,0,0,0,48,1
"Chilli (chili), red, cooked with or without added fat",222,128,0.4,4.7,4.7,0,0,0,0,0,0,21,1
"Chilli (chili), raw, not further defined",190,96,0.4,2.6,2.6,0,0,0,0,0,0,34,1
"Chilli (chili), baked, roasted, fried, stir-fried, grilled or BBQ'd, with or without fat",211,107,0.4,2.9,2.9,0,0,0,0,0,0,25,1
"Chilli (chili), boiled, microwaved or steamed, drained, with or without fat",200,101,0.4,2.7,2.7,0,0,0,0,0,0,62,1
"Chives, raw",120,83,0.3,2.6,2.6,0,0,0,0,0,0,19,1
"Choko, peeled, fresh or frozen, raw",87,75,0.2,3.6,3.6,0.5,0,0,0,0,0,76,1
"Choko, peeled, fresh or frozen, boiled, microwaved or steamed, drained",103,90,0.2,4.3,4.3,0.6,0,0,0,0,0,75,1
"Coriander, fresh, leaves & stems",167,139,0.7,3.7,3.7,1.2,0,0.02,0.47,0.07,0,65,1
"Cucumber, apple crystal, unpeeled, raw",42,30,0.1,0.9,0.9,0,0,0,0,0,0,55,1
"Cucumber, common, peeled, raw",50,45,0.1,2.1,2.1,0,0,0,0,0,0,93,1
"Cucumber, common, unpeeled, raw",50,39,0.1,1.2,1.2,0,0,0,0,0,0,50,1
"Cucumber, Lebanese, unpeeled, raw",56,48,0.1,2.1,2.1,0,0,0,0,0,0,52,1
"Cucumber, telegraph, unpeeled, raw",56,49,0.1,1.4,1.4,0,0,0,0,0,0,43,1
"Cucumber, peeled or unpeeled, raw, not further defined",51,41,0.1,1.5,1.5,0,0,0,0,0,0,82,1
"Cucumber, peeled or unpeeled, cooked, no added fat",61,49,0.1,1.7,1.7,0,0,0,0,0,0,85,1
"Dill, raw",170,144,1.2,2.5,2.5,1.3,0,0.06,0.8,0.1,0,38,1
"Eggplant, peeled or unpeeled, fresh or frozen, raw",93,73,0.3,2.6,2.6,0,0,0,0,0,0,25,1
"Eggplant, peeled or unpeeled, fresh or frozen, baked, roasted, fried, stir-fried, grilled or BBQ'd, no added fat",109,86,0.4,3.1,3.1,0,0,0,0,0,0,58,1
"Eggplant, peeled or unpeeled, fresh or frozen, baked, roasted, fried, stir-fried, grilled or BBQ'd, olive oil",605,581,13.7,3.1,3.1,0,0,2.04,9.5,1.16,0,52,1
"Eggplant, peeled or unpeeled, fresh or frozen, baked, roasted, fried, stir-fried, grilled or BBQ'd, other oil",756,726,17.1,3.9,3.9,0,0,2.25,6.16,7.34,328.2,44,1
"Eggplant, peeled or unpeeled, fresh or frozen, boiled, microwaved or steamed, drained",100,79,0.3,2.8,2.8,0,0,0,0,0,0,93,1
"Eggplant, peeled or unpeeled, fresh or frozen, boiled, microwaved or steamed, drained, added fat not further defined",449,430,10,2.5,2.5,0,0,2.54,4.48,2,188.55,6,1
"Endive, raw",58,41,0.2,0.4,0.4,0.1,0,0,0,0,0,69,1
"Fennel, fresh or frozen, raw",92,78,0.1,3.3,3.3,0,0,0,0,0,0,13,1
"Fennel, fresh or frozen, boiled, microwaved or steamed, drained",108,91,0.1,3.9,3.9,0,0,0,0,0,0,9,1
"Garlic, peeled or unpeeled, fresh or frozen, raw",522,387,2.8,10.2,10.2,8.7,0,0.78,0.22,1.23,0,23,1
"Garlic, peeled or unpeeled, fresh or frozen, baked, roasted, fried, stir-fried, grilled, BBQ'd, deep-fried, with or without added fat",842,624,4.5,16.5,16.5,14,0,1.26,0.36,1.99,0,63,1
"Garlic, peeled or unpeeled, fresh or frozen, boiled, microwaved or steamed, drained, with or without added fat",580,430,3.1,11.3,11.3,9.7,0,0.87,0.25,1.37,0,87,1
"Gherkin, pickled, drained, commercial",442,434,0.3,24.4,24.4,0.8,0,0,0,0,0,69,1
"Ginger, peeled, fresh or frozen, raw",132,109,0.4,4.8,4.8,3.1,0,0,0,0,0,76,1
"Ginger, peeled, fresh or frozen, baked, roasted, fried, stir-fried, grilled or BBQ'd, with or without added fat",160,133,0.5,5.9,5.9,3.8,0,0,0,0,0,33,1
"Ginger, peeled, fresh or frozen, boiled, microwaved or steamed, with or without added fat",143,119,0.4,5.2,5.2,3.4,0,0,0,0,0,42,1
"Ginger, pickled, drained",75,63,0.2,2.8,2.8,1.8,0,0,0,0,0,37,1
"Kale, raw",109,88,0.1,3.4,3.4,0,0,0,0,0,0,55,1
"Kale, cooked",113,91,0.1,3.5,3.5,0,0,0,0,0,0,13,1
"Kohlrabi, peeled, fresh or frozen, raw",163,137,0.1,4.2,4.2,0,0,0,0,0,0,20,1
"Kohlrabi, peeled, fresh or frozen, boiled, microwaved or steamed, drained",170,143,0.1,4.4,4.4,0,0,0,0,0,0,70,1
"Leek, raw",136,111,0.4,3.7,3.7,0,0,0,0,0,0,46,1
"Leek, baked, roasted, fried, stir-fried, grilled or BBQ'd, no added fat",164,134,0.5,4.5,4.5,0,0,0,0,0,0,13,1
"Leek, baked, roasted, fried, stir-fried, grilled or BBQ'd, fat not further defined",375,346,6.4,4.2,4.2,0,0,0.99,3.52,1.09,43.58,9,1
"Leek, boiled, microwaved or steamed, drained",151,124,0.4,4.1,4.1,0,0,0,0,0,0,10,1
"Leek, boiled, casseroled, microwaved, poached, steamed or stewed, added fat not further defined",329,303,5.4,3.9,3.9,0,0,1.31,2.32,1.03,97.42,70,1
"Lettuce, cos, raw",80,65,0.3,1.8,1.8,0,0,0,0,0,0,72,1
"Lettuce, iceberg, raw",38,26,0.1,0.4,0.4,0,0,0,0,0,0,29,1
"Lettuce, mignonette, raw",64,52,0.3,1.1,1.1,0,0,0,0,0,0,93,1
"Lettuce, raw, not further defined",62,49,0.2,1.2,1.2,0,0,0,0,0,0,60,1
"Lettuce, baked, roasted, fried, stir-fried, grilled or BBQ'd, with or without added fat",89,71,0.3,1.7,1.7,0,0,0,0,0,0,94,1
"Lettuce, boiled, casseroled, microwaved, poached, steamed or stewed, with or without added fat",73,58,0.3,1.4,1.4,0,0,0,0,0,0,22,1
"Melon, bitter, fresh or frozen, raw",46,20,0,0.2,0.2,0.1,0,0,0,0,0,19,1
"Melon, bitter, fresh or frozen, baked, roasted, fried, stir-fried, grilled or BBQ'd, no added fat",51,22,0,0.2,0.2,0.1,0,0,0,0,0,52,1
"Melon, bitter, fresh or frozen, baked, roasted, fried, stir-fried, grilled or BBQ'd, fat not further defined",251,223,5.5,0.2,0.2,0.1,0,0.92,3.25,1,40.2,68,1
"Melon, hairy, fresh or frozen, raw",61,45,0,2,2,0.3,0,0,0,0,0,31,1
"Mint, raw",225,167,1.1,4.4,4.4,3.5,0,0.29,0.04,0.59,0,45,1
"Herbs, mixed, raw",183,130,1.5,2.1,2.1,0.6,0,0.62,0.27,0.26,0,74,1
"Mixed green vegetables, for omelette recipes",123,96,0.3,2.6,2.6,0.7,0,0,0,0,0,71,1
"Mixed leafy greens, for salad recipes, lettuce, spinach & rocket, raw",68,53,0.2,1.1,1.1,0,0,0.01,0,0.02,0,6,1
"Mixed salad vegetables, common mix, for use in garden salads",79,65,0.2,2.3,2.3,0,0,0,0,0.01,0,99,1
"Mixed salad vegetables, additional vegetables, for use in garden salads",371,347,6.9,3.6,3.4,1.1,0,1.38,4.2,0.87,0.21,30,1
"Mixed vegetables, cooked, for use in casserole recipes",175,152,0.3,6.5,6.3,4,0,0.01,0.01,0.04,0.27,49,1
"Mixed vegetables, cooked, for use in coconut-based curry recipes",154,130,0.3,4.9,4.8,2.4,0,0.01,0.01,0.03,0.16,83,1
"Mixed vegetables, cooked, for use in all other curry recipes",196,170,0.3,7.1,7,4.8,0,0.01,0.01,0.03,0.13,56,1
"Mixed vegetables, cooked, for use in casserole and curry recipes",191,167,0.2,7.3,7.2,4.8,0,0.01,0.01,0.02,0,74,1
"Mixed vegetables, cooked, for use in stir fry recipes",147,123,0.3,4.1,3.9,1.5,0,0.01,0.01,0.05,0.37,20,1
"Mixed vegetables, cooked, for use in stir fry recipes",134,112,0.2,4.3,4.3,1.7,0,0,0,0,0,35,1
"Mixed vegetables, for use in cream & cheese based pasta dishes",291,242,2.2,5.6,5,2.3,0,0.53,0.93,0.42,3.64,11,1
"Mixed vegetables, for use in tomato based pasta dishes",199,171,2.4,2.8,2.6,0.4,0,0.28,1.55,0.25,0.61,50,1
"Mixed vegetables, for use in quiche recipes",156,134,0.2,5.5,5.2,2.6,0,0.01,0.01,0.04,0.32,95,1
"Mixed vegetables, for use in zucchini slice recipes",84,71,0.2,2.6,2.6,0,0,0,0,0,0,42,1
"Mixed vegetables, Asian greens, raw",75,54,0.2,0.8,0.8,0,0,0,0,0,0,11,1
"Mixed vegetables, Asian greens, stir-fried or fried, no added fat",107,77,0.4,1.1,1.1,0.1,0,0,0,0,0,76,1
"Mixed vegetables, Asian greens, stir-fried or fried, fat not further defined",361,333,7.4,1,1,0.1,0,1.18,4.18,1.29,51.68,49,1
"Mixed vegetables, Asian greens, boiled, microwaved or steamed, drained",78,56,0.3,0.8,0.8,0.1,0,0,0,0,0,79,1
"Mixed vegetables, Asian greens, boiled, microwaved or steamed, drained, added fat not further defined",240,219,4.7,0.7,0.7,0,0,1.17,2.07,0.92,86.98,50,1
"Mixed vegetables, for homemade mixed dishes, asparagus & celery",75,61,0.1,1.8,1.3,0,0,0,0,0,0,92,1
"Mixed vegetables, for homemade mixed dishes, bok choy, spinach, cabbage & silverbeet, raw",85,61,0.2,0.8,0.8,0,0,0,0,0,0,69,1
"Mixed vegetables, for homemade mixed dishes, broccoli, cauliflower & broccolini, raw",121,94,0.3,1,1,0,0,0,0,0,0,22,1
"Mixed vegetables, for homemade mixed dishes, butter beans, green peas, green beans & snow peas, raw",204,169,0.3,5.3,5.3,2.6,0,0,0,0,0,83,1
"Mixed vegetables, for homemade mixed dishes, carrot, parsnip, radish, swede & turnip, raw",133,104,0.1,5.2,5.2,0,0,0,0,0,0,87,1
"Mixed vegetables, for homemade mixed dishes, onion, shallot, leek, spring onion & garlic, raw",133,111,0.2,4.3,4.3,0.3,0,0.02,0.01,0.04,0,64,1
"Mixed vegetables, for homemade mixed dishes, pumpkin & sweet potato, raw",212,193,0.1,9.9,9.4,4.9,0,0,0,0,0,97,1
"Mixed vegetables, for homemade mixed dishes, zucchini, squash & choko, raw",72,64,0.3,2,2,0.1,0,0,0,0,0,33,1
"Mixed vegetables, fresh or frozen, raw",160,133,0.3,4.8,4.7,1.8,0,0.01,0.02,0.04,0.06,88,1
"Mixed vegetables, fresh or frozen, with carrot, pumpkin or sweet potato, cooked, no added fat",171,143,0.4,5.1,5,2.3,0,0.03,0.05,0.11,0.15,46,1
"Mixed vegetables, fresh or frozen, with carrot, pumpkin or sweet potato, cooked, fat not further defined",344,317,5.3,4.9,4.8,2.2,0,0.85,2.97,1.01,36.32,60,1
"Mixed vegetables, fresh or frozen, without carrot, pumpkin or sweet potato, cooked, no added fat",165,136,0.4,4.5,4.4,2.2,0,0.03,0.05,0.11,0.17,44,1
"Mixed vegetables, fresh or frozen, without carrot, pumpkin or sweet potato, cooked, fat not further defined",339,311,5.3,4.3,4.2,2.1,0,0.85,2.97,1.01,36.34,9,1
"Mixed vegetables, fresh or frozen, broccoli & carrot, cooked",134,104,0.2,2.9,2.9,0,0,0,0,0,0,35,1
"Mixed vegetables, fresh or frozen, broccoli, carrot & pea/bean, cooked, with or without fat",160,128,0.2,3.9,3.9,0.9,0,0,0,0,0,96,1
"Mixed vegetables, fresh or frozen, carrot & pea/bean, cooked, with or without fat",180,147,0.2,5.6,5.6,1.5,0,0,0,0,0,73,1
"Mixed vegetables, carrot, corn & pea/bean, canned, cooked, no added fat",247,211,0.4,8.7,8.7,5.2,0,0.02,0.05,0.1,0,70,1
"Mixed vegetables, fresh, carrot, corn & pea/bean, cooked, with or without fat",263,235,0.5,10.1,10.1,6.3,0,0.05,0.09,0.19,0,46,1
"Mixed vegetables, purchased frozen, carrot, corn & pea/bean, cooked, with or without fat",187,140,0.3,5.9,5.9,3.2,0,0,0,0,0,53,1
"Mixed vegetables, cooked, not further defined",199,170,0.4,6.4,6.4,3.7,0,0.02,0.04,0.07,0,23,1
"Mixed vegetables, pickled, drained",368,349,7.8,1.9,1.9,0,0,1.17,4.12,1.9,71.83,73,1
"Mixed vegetable, tempura coating, fried or deep fried, fat not further defined",697,674,12.7,8.9,8.9,6.7,0,1.35,5.02,5.38,223.78,15,1
"Mushroom, common, fresh or frozen, raw",86,75,0.4,1.3,0,0,0,0.08,0.01,0.22,3.52,100,1
"Mushroom, common, fresh or frozen, baked, roasted, fried, stir-fried, grilled or BBQ'd, no added fat",162,141,0.8,2.5,0,0,0,0.15,0.02,0.42,6.64,8,1
"Mushroom, common, fresh or frozen, baked, roasted, fried, stir-fried, grilled or BBQ'd, butter, dairy blend or margarine",433,413,8.2,2.3,0,0,0,4.38,1.89,0.99,365.15,46,1
"Mushroom, common, fresh or frozen, baked, roasted, fried, stir-fried, grilled or BBQ'd, canola oil",503,483,10.2,2.3,0,0,0,0.83,5.62,3.09,9.02,34,1
"Mushroom, common, fresh or frozen, baked, roasted, fried, stir-fried, grilled or BBQ'd, olive oil",503,483,10.2,2.3,0,0,0,1.59,6.74,1.23,6.31,77,1
"Mushroom, common, fresh or frozen, baked, roasted, fried, stir-fried, grilled or BBQ'd, other oil",503,483,10.2,2.3,0,0,0,1.42,3.51,4.56,192.09,66,1
"Mushroom, common, fresh or frozen, baked, roasted, fried, stir-fried, grilled or BBQ'd, fat not further defined",497,477,10,2.3,0,0,0,1.7,5.54,2.11,74.56,29,1
"Mushroom, common, fresh or frozen, boiled, microwaved or steamed, drained",130,113,0.6,2,0,0,0,0.12,0.02,0.34,5.33,41,1
"Mushroom, common, fresh or frozen, boiled, microwaved or steamed, drained, added fat not further defined",377,361,7.4,1.9,0,0,0,1.9,3.18,1.73,137.91,26,1
"Mushroom, oriental, fresh or frozen, raw, not further defined",86,75,0.4,1.3,0,0,0,0.08,0.01,0.22,3.52,92,1
"Mushroom, oriental, fresh or frozen, baked, roasted, fried, stir-fried, grilled or BBQ'd, fat not further defined",497,477,10,2.3,0,0,0,1.7,5.54,2.11,74.56,47,1
"Mushroom, oriental, fresh or frozen, boiled, microwaved or steamed, drained",130,113,0.6,2,0,0,0,0.12,0.02,0.34,5.33,39,1
"Mushroom, oriental, fresh or frozen, boiled, microwaved or steamed, drained, added fat not further defined",377,361,7.4,1.9,0,0,0,1.9,3.18,1.73,137.91,83,1
"Mushroom, fresh or frozen, raw, not further defined",86,75,0.4,1.3,0,0,0,0.08,0.01,0.22,3.52,45,1
"Mushroom, canned in brine, drained",81,52,0.5,0.5,0.5,0,0,0.1,0.01,0.28,4.4,29,1
"Mushroom, straw, Asian, canned in brine, drained",72,48,0.3,0,0,0,0,0.06,0.01,0.17,2.64,89,1
"Okra, raw",112,82,0.2,1.4,1.4,0,0,0.06,0.04,0.06,0,81,1
"Okra, cooked, with or without added fat",310,280,5.5,1.4,1.4,0,0,0.95,3.18,1.03,38.9,7,1
"Olive, green or black, drained",856,837,20.5,1.8,1.8,1.8,0,2.59,14.93,2.08,0,36,1
"Olive, green, pimento stuffed, drained",388,364,8.3,1.8,1.8,1.8,0,1.17,6.02,0.76,0,88,1
"Onion, mature, brown skinned, peeled, raw",120,102,0.1,4.3,4.3,0,0,0,0,0,0,83,1
"Onion, mature, red skinned, peeled, fresh or frozen, raw",120,102,0.1,4.3,4.3,0,0,0,0,0,0,22,1
"Onion, mature, white skinned, peeled, fresh or frozen, raw",128,111,0.1,4.7,4.7,0,0,0,0,0,0,18,1
"Onion, mature, peeled, fresh or frozen, raw, not further defined",122,104,0.1,4.4,4.4,0,0,0,0,0,0,91,1
"Onion, mature, peeled, fresh or frozen, baked, roasted, fried, stir-fried, grilled or BBQ'd, no added fat",197,168,0.2,7.1,7.1,0,0,0,0,0,0,11,1
"Onion, mature, peeled, fresh or frozen, baked, roasted, fried, stir-fried, grilled or BBQ'd, butter, dairy blend or margarine",425,398,6.6,6.7,6.7,0,0,3.62,1.6,0.5,306.75,49,1
"Onion, mature, peeled, fresh or frozen, baked, roasted, fried, stir-fried, grilled, BBQ'd, canola oil",485,458,8.2,6.7,6.7,0,0,0.59,4.79,2.3,2.31,69,1
"Onion, mature, peeled, fresh or frozen, baked, roasted, fried, stir-fried, grilled, BBQ'd, olive oil",485,458,8.2,6.7,6.7,0,0,1.24,5.74,0.7,0,76,1
"Onion, mature, peeled, fresh or frozen, baked, roasted, fried, stir-fried, grilled or BBQ'd, other oil",485,458,8.2,6.7,6.7,0,0,1.09,2.98,3.55,158.81,75,1
"Onion, mature, peeled, fresh or frozen, baked, roasted, fried, stir-fried, grilled or BBQ'd, fat not further defined",480,452,8.1,6.7,6.7,0,0,1.33,4.72,1.46,58.35,87,1
"Onion, mature, peeled, fresh or frozen, boiled, microwaved or steamed, drained",136,115,0.1,4.9,4.9,0,0,0,0,0,0,14,1
"Onion, mature, peeled, fresh or frozen, boiled, microwaved or steamed, drained, added fat not further defined",315,295,5.1,4.6,4.6,0,0,1.31,2.32,1.03,97.42,87,1
"Onion, for salad recipes, onion (red, white & brown), spring onion, shallots & leeks, raw",121,103,0.1,4.3,4.3,0,0,0,0,0,0,96,1
"Onion, pickled, drained, commercial",260,248,0.2,13,13,0.7,0,0,0,0,0,8,1
"Onion ring, breadcrumb coating, fried",1330,1312,14,42.4,42.4,36.4,0,2.32,8.05,2.7,99.01,79,2
"Onion, spring, raw",127,112,0.2,4.6,4.6,0.1,0,0,0,0,0,55,1
"Onion, spring, baked, roasted, fried, stir-fried, grilled or BBQ'd, no added fat",204,180,0.3,7.4,7.4,0.2,0,0,0,0,0,11,1
"Onion, spring, baked, roasted, fried, stir-fried, grilled or BBQ'd, fat not further defined",487,464,8.2,7,7,0.2,0,1.33,4.72,1.46,58.35,11,1
"Onion, spring, boiled, microwaved or steamed, drained, with or without added fat",141,124,0.2,5.1,5.1,0.1,0,0,0,0,0,24,1
"Parsley, continental, raw",100,62,0.2,0.6,0.6,0,0,0,0,0,0,7,1
"Parsley, curly, raw",96,50,0.2,0.4,0.4,0,0,0,0,0,0,30,1
"Parsley, not further defined, raw",99,58,0.2,0.5,0.5,0,0,0,0,0,0,17,1
"Parsnip, peeled, fresh or frozen, raw",237,208,0.2,10,10,5.2,0,0,0,0,0,44,1
"Parsnip, peeled or unpeeled, fresh or frozen, baked, roasted, fried, stir-fried, grilled or BBQ'd, no added fat",289,254,0.2,12.2,12.2,6.3,0,0,0,0,0,67,1
"Parsnip, peeled or unpeeled, fresh or frozen, baked, roasted, fried, stir-fried, grilled or BBQ'd, fat not further defined",496,463,6.2,11.6,11.6,6,0,1,3.56,1.1,44.12,65,1
"Parsnip, peeled or unpeeled, fresh or frozen, boiled, microwaved or steamed, drained, with or without added fat",255,224,0.2,10.8,10.8,5.6,0,0,0,0,0,97,1
"Pea, green, fresh or frozen, raw",294,249,0.4,8.1,8.1,4.1,0,0,0,0,0,87,1
"Pea, green, fresh, cooked, no added fat",246,202,0.4,6.4,6.4,3.7,0,0,0,0,0,45,1
"Pea, green, frozen, cooked, no added fat",259,206,0.3,6.4,6.4,3.7,0,0,0,0,0,84,1
"Pea, green, cooked, no added fat",261,208,0.3,6.5,6.5,3.8,0,0,0,0,0,97,1
"Pea, green, cooked, added fat not further defined",426,377,5.2,6.1,6.1,3.5,0,0.82,2.92,0.9,36.18,52,1
"Pea, green, canned in brine, cooked",307,251,0.5,8.5,8.5,4.8,0,0,0,0,0,91,1
"Pickles, mustard, sweet, commercial",348,337,0.5,17.5,17.5,2.8,0,0.02,0.25,0.13,0,86,1
"Pickles, for use on sandwiches, not further defined",395,386,0.4,21,21,1.8,0,0.01,0.13,0.06,0,8,1
"Potato, chips, regular, fast food outlet, deep fried, blended oil, salted",948,924,10.3,28.2,28.2,28.2,0,4.92,3.62,1.2,87.36,66,1
"Potato, chips, regular, fast food outlet, deep fried, monounsaturated oil, salted",1025,1001,12.3,28.2,28.2,28.2,0,1.75,6.6,3.29,206.53,56,2
"Potato, chips, regular, independent takeaway outlet, cafe or restaurant, deep fried, blended oil, no added salt",982,958,11.2,28.2,28.2,28.2,0,3.24,3.28,4.13,95.17,93,1
"Potato, chips, regular, independent takeaway outlet, cafe or restaurant, deep fried, blended oil, salted",982,958,11.2,28.2,28.2,28.2,0,3.24,3.28,4.13,95.16,58,1
"Potato, chips, regular, purchased frozen, baked or roasted, no added fat",1188,1151,8.1,44.5,44.5,44.3,0,0.56,4.82,2.3,55.75,88,2
"Potato, chips, regular, purchased frozen, baked or roasted, fat not further defined",1237,1201,9.9,43.6,43.6,43.4,0,0.88,5.89,2.62,69.11,15,2
"Potato, chips, regular, purchased frozen, deep fried or fried, fat not further defined",1274,1238,11.3,42.9,42.9,42.8,0,1.12,6.7,2.86,79.12,38,2
"Potato, chips, reduced fat, purchased frozen, baked or roasted, no added fat",1111,1074,5.4,45.8,45.8,45.6,0,0.37,3.21,1.54,37.17,70,2
"Potato, chips, homemade from fresh potato, deep fried or fried, canola oil",811,793,11.9,17.3,17.3,16.4,0,0.86,6.98,3.35,3.37,48,1
"Potato, chips, homemade from fresh potato, deep fried or fried, olive oil",811,793,11.9,17.3,17.3,16.4,0,1.8,8.38,1.03,0,44,1
"Potato, chips, homemade from fresh potato, deep fried or fried, other oil",811,793,11.9,17.3,17.3,16.4,0,1.59,4.35,5.18,231.67,63,1
"Potato, chips, homemade from fresh potato, deep fried or fried, fat not further defined",804,786,11.7,17.3,17.3,16.4,0,1.94,6.88,2.12,85.12,28,1
"Potato, coliban, peeled, raw",243,234,0,11.5,11.5,10.5,0,0,0,0,0,10,1
"Potato, coliban, peeled, baked, roasted, fried, stir-fried, grilled or BBQ'd, no added fat",368,354,0,17.4,17.4,15.9,0,0,0,0,0,52,1
"Potato, coliban, peeled, boiled, microwaved or steamed, drained",234,218,0,11.6,11.6,11.6,0,0,0,0,0,33,1
"Potato, desiree, peeled, raw",240,227,0,10.7,10.7,9,0,0,0,0,0,25,1
"Potato, desiree, peeled, baked, roasted, fried, stir-fried, grilled or BBQ'd, no added fat",364,343,0,16.2,16.2,13.6,0,0,0,0,0,88,1
"Potato, desiree, peeled, baked, roasted, fried, stir-fried, grilled or BBQ'd, fat not further defined",621,602,7.4,15.4,15.4,13,0,1.25,4.43,1.37,54.81,92,1
"Potato, desiree, peeled, boiled, microwaved or steamed, drained",245,231,0,10.9,10.9,9.2,0,0,0,0,0,97,1
"Potato, desiree, unpeeled, raw",242,227,0,10.7,10.7,9,0,0,0,0,0,97,1
"Potato, desiree, unpeeled, baked, roasted, fried, stir-fried, grilled or BBQ'd, no added fat",366,343,0,16.2,16.2,13.6,0,0,0,0,0,22,1
"Potato, fries, fast food outlet, deep fried, blended oil, salted",1352,1327,17.2,35.7,35.7,35.5,0,8.83,6.08,1.4,139.74,77,2
"Potato, fries, fast food outlet, deep fried, monounsaturated oil, no added salt",1339,1314,16.8,35.7,35.7,35.5,0,1.84,10.68,3.5,228.72,94,2
"Potato, fries, fast food outlet, deep fried, monounsaturated oil, salted",1339,1314,16.8,35.7,35.7,35.5,0,1.84,10.68,3.5,228.71,68,2
"Potato, fries, independent takeaway outlet, cafe or restaurant, deep fried, blended oil, no added salt",1352,1327,17.2,35.7,35.7,35.5,0,3.96,4.62,7.79,139.74,14,2
"Potato, fries, independent takeaway outlet, cafe or restaurant, deep fried, blended oil, salted",1352,1327,17.2,35.7,35.7,35.5,0,3.96,4.62,7.79,139.74,50,2
"Potato, fries, regular, purchased frozen, par-fried in canola oil, raw",720,699,7.6,20.3,20.3,19.3,0,0.55,4.45,2.14,2.15,25,1
"Potato, fries, regular, purchased frozen, baked or roasted, no added fat",1500,1455,15.9,42.3,42.3,40.1,0,1.14,9.28,4.45,4.48,6,2
"Potato, fries, regular, purchased frozen, deep fried or fried, fat not further defined",1367,1331,17.1,34.2,34.2,32.4,0,1.63,10,4.37,34.8,31,2
"Potato, fries, homemade from fresh potato, peeled, deep-fried, fat not further defined",903,885,14.6,16.9,16.9,16,0,2.42,8.6,2.66,106.4,62,1
"Potato, gem, nugget or royal, independent takeaway outlet, cafe or restaurant, deep fried, fat not further defined",984,960,13.4,22.6,22.6,21.4,0,1.09,7.13,4.38,75.02,48,1
"Potato, gem, nugget or royal, regular, purchased frozen, par-fried in canola oil, raw",657,638,7.4,17.7,17.7,16.8,0,0.53,4.34,2.08,2.1,13,1
"Potato, gem, nugget or royal, regular, purchased frozen, baked or roasted, with or without added fat",864,840,9.8,23.3,23.3,22.1,0,0.7,5.71,2.74,2.76,8,1
"Potato, gem, nugget or royal, regular, purchased frozen, deep fried or fried, fat not further defined",982,958,13.4,22.6,22.6,21.4,0,1.33,7.85,3.37,31.24,7,1
"Potato, hash brown, McDonalds",934,912,13.2,22.8,22.8,22.7,0,1.44,8.37,2.75,179.19,81,1
"Potato, hash brown, independent takeaway outlet, cafe or restaurant, deep fried, oil not further defined",1042,1019,15.1,22.5,22.5,21.4,0,1.17,8.35,4.64,51.75,91,2
"Potato, hash brown, purchased frozen, par-fried in canola oil, raw",733,715,9.6,17.5,17.5,16.6,0,0.7,5.65,2.71,2.73,95,1
"Potato, hash brown, purchased frozen, baked, roasted, grilled or BBQ'd, no added fat",964,940,12.7,23,23,21.8,0,0.91,7.44,3.57,3.59,77,1
"Potato, hash brown, purchased frozen, baked or roasted, fat not further defined",1041,1017,15,22.5,22.5,21.4,0,1.33,8.83,3.97,22.56,25,2
"Potato, mashed, dried powder",1507,1439,5.8,64,64,61.6,0,3.1,1.89,0.56,0,26,2
"Potato, mashed, prepared from dried powder with cows milk or water",397,382,2.3,14.8,14.8,14.1,0,1.47,0.6,0.06,76.07,32,1
"Potato, mashed, with gravy, as purchased from a fast food outlet",334,319,2.1,12,12,11.4,0,1.22,0.64,0.09,58.63,31,1
"Potato, new, peeled or unpeeled, raw",276,264,0.1,12.8,12.8,12.2,0,0,0,0,0,50,1
"Potato, new, peeled or unpeeled, baked, roasted, fried, stir-fried, grilled or BBQ'd, no added fat",419,399,0.2,19.4,19.4,18.6,0,0,0,0,0,83,1
"Potato, new, peeled or unpeeled, boiled, microwaved or steamed, drained",280,263,0.1,12.8,12.8,12.4,0,0,0,0,0,22,1
"Potato, pale skin, peeled, raw",280,267,0.1,12.9,12.9,12.3,0,0,0,0,0,76,1
"Potato, pale skin, peeled, baked, roasted, fried, stir-fried, grilled or BBQ'd, no added fat",425,405,0.2,19.6,19.6,18.7,0,0,0,0,0,59,1
"Potato, pale skin, peeled, baked, roasted, fried, stir-fried, grilled or BBQ'd, butter, dairy blend or margarine",628,609,6.2,18.6,18.6,17.7,0,3.4,1.5,0.47,288.16,19,1
"Potato, pale skin, peeled, baked, roasted, fried, stir-fried, grilled or BBQ'd, canola oil",684,665,7.7,18.6,18.6,17.7,0,0.55,4.5,2.16,2.17,93,1
"Potato, pale skin, peeled, baked, roasted, fried, stir-fried, grilled or BBQ'd, olive oil",684,665,7.7,18.6,18.6,17.7,0,1.16,5.4,0.66,0,68,1
"Potato, pale skin, peeled, baked, roasted, fried, stir-fried, grilled or BBQ'd, other oil",684,665,7.7,18.6,18.6,17.7,0,1.02,2.8,3.34,149.18,12,1
"Potato, pale skin, peeled, baked, roasted, fried, stir-fried, grilled or BBQ'd, fat not further defined",679,660,7.6,18.6,18.6,17.7,0,1.25,4.43,1.37,54.81,89,1
"Potato, pale skin, peeled, boiled, microwaved or steamed, drained",262,245,0.1,12.6,12.6,12.4,0,0,0,0,0,28,1
"Potato, pale skin, peeled, boiled, microwaved or steamed, drained, added butter, dairy blend or margarine",423,410,4.2,12.5,12.5,11.9,0,2.29,1.01,0.32,194.06,74,1
"Potato, pale skin, peeled, boiled, microwaved or steamed, drained, added oil",461,448,5.2,12.5,12.5,11.9,0,0.72,3.22,0.91,22.16,60,1
"Potato, pale skin, peeled, boiled, microwaved or steamed, drained, added fat not further defined",442,430,4.7,12.5,12.5,11.9,0,1.21,2.13,0.95,89.46,79,1
"Potato, pale skin, unpeeled, raw",282,267,0.1,12.9,12.9,12.3,0,0,0,0,0,89,1
"Potato, pale skin, unpeeled, baked, roasted, fried, stir-fried, grilled or BBQ'd, no added fat",427,405,0.2,19.6,19.6,18.7,0,0,0,0,0,63,1
"Potato, pale skin, unpeeled, baked, roasted, fried, stir-fried, grilled or BBQ'd, butter, dairy blend or margarine",630,609,6.2,18.6,18.6,17.7,0,3.4,1.5,0.47,288.16,94,1
"Potato, pale skin, unpeeled, baked, roasted, fried, stir-fried, grilled or BBQ'd, canola oil",686,665,7.7,18.6,18.6,17.7,0,0.55,4.5,2.16,2.17,14,1
"Potato, pale skin, unpeeled, baked, roasted, fried, stir-fried, grilled or BBQ'd, olive oil",686,665,7.7,18.6,18.6,17.7,0,1.16,5.4,0.66,0,53,1
"Potato, pale skin, unpeeled, baked, roasted, fried, stir-fried, grilled or BBQ'd, other oil",686,665,7.7,18.6,18.6,17.7,0,1.02,2.8,3.34,149.18,51,1
"Potato, pale skin, unpeeled, baked, roasted, fried, stir-fried, grilled or BBQ'd, fat not further defined",681,660,7.6,18.6,18.6,17.7,0,1.25,4.43,1.37,54.81,10,1
"Potato, pale skin, unpeeled, boiled, microwaved or steamed, drained",287,273,0.1,13.2,13.2,12.6,0,0,0,0,0,60,1
"Potato, pale skin, unpeeled, boiled, microwaved or steamed, added fat not further defined",444,430,4.7,12.5,12.5,11.9,0,1.21,2.13,0.95,89.46,68,1
"Potato, pale skin, peeled or unpeeled, mashed with cows milk & butter or dairy blend",432,421,5.1,11,11,9.5,0,2.87,1.26,0.37,233.72,23,1
"Potato, pale skin, peeled or unpeeled, mashed with cows milk & margarine spread",392,382,4,11,11,9.5,0,1.06,1.56,1.1,35.64,41,1
"Potato, pontiac, peeled, raw",278,261,0.1,12.6,12.6,11.9,0,0,0,0,0,87,1
"Potato, pontiac, peeled, baked, roasted, fried, stir-fried, grilled or BBQ'd, no added fat",421,395,0.2,19.1,19.1,18,0,0,0,0,0,29,1
"Potato, pontiac, peeled, boiled, microwaved or steamed, drained",283,266,0.1,12.9,12.9,12.1,0,0,0,0,0,21,1
"Potato, red skin, peeled, raw",260,245,0,11.6,11.6,10.4,0,0,0,0,0,19,1
"Potato, red skin, peeled, baked, roasted, fried, stir-fried, grilled or BBQ'd, no added fat",394,371,0.1,17.7,17.7,15.8,0,0,0,0,0,15,1
"Potato, red skin, peeled, baked, roasted, fried, stir-fried, grilled or BBQ'd, fat not further defined",649,628,7.5,16.8,16.8,15,0,1.25,4.43,1.37,54.81,38,1
"Potato, red skin, peeled, boiled, microwaved or steamed, drained",298,279,0,14.2,14.2,14,0,0,0,0,0,19,1
"Potato, red skin, unpeeled, raw",245,230,0,10.9,10.9,9.2,0,0,0,0,0,92,1
"Potato, red skin, unpeeled, baked, roasted, fried, stir-fried, grilled or BBQ'd, no added fat",371,348,0,16.5,16.5,14,0,0,0,0,0,42,1
"Potato, red skin, unpeeled, baked, roasted, fried, stir-fried, grilled or BBQ'd, fat not further defined",628,606,7.5,15.6,15.6,13.3,0,1.25,4.43,1.37,54.81,82,1
"Potato, red skin, unpeeled, boiled, microwaved or steamed, drained",250,234,0,11.1,11.1,9.4,0,0,0,0,0,87,1
"Potato, red skin, unpeeled, boiled, microwaved or steamed, added fat not further defined",408,393,4.6,10.5,10.5,9,0,1.21,2.13,0.95,89.46,72,1
"Potato, red skin, peeled or unpeeled, mashed with cows milk & butter or dairy blend",414,403,5.1,10,10,7.9,0,2.87,1.26,0.37,233.72,98,1
"Potato, peeled, raw, not further defined",278,265,0.1,12.8,12.8,12.1,0,0,0,0,0,20,1
"Potato, peeled, baked, roasted, fried, stir-fried, grilled or BBQ'd, no added fat",399,376,0.1,18,18,16.3,0,0,0,0,0,16,1
"Potato, peeled, baked, roasted, fried, stir-fried, grilled or BBQ'd, butter, dairy blend or margarine",624,605,6.2,18.4,18.4,17.4,0,3.4,1.5,0.47,288.16,28,1
"Potato, peeled, baked, roasted, fried, stir-fried, grilled or BBQ'd, canola oil",680,661,7.7,18.4,18.4,17.4,0,0.55,4.5,2.16,2.17,40,1
"Potato, peeled, baked, roasted, fried, stir-fried, grilled or BBQ'd, olive oil",680,661,7.7,18.4,18.4,17.4,0,1.16,5.4,0.66,0,36,1
"Potato, peeled, baked, roasted, fried, stir-fried, grilled or BBQ'd, other oil",680,661,7.7,18.4,18.4,17.4,0,1.02,2.8,3.34,149.18,43,1
"Potato, peeled, baked, roasted, fried, stir-fried, grilled or BBQ'd, fat not further defined",676,656,7.6,18.4,18.4,17.4,0,1.25,4.43,1.37,54.81,85,1
"Potato, peeled, boiled, microwaved or steamed, drained",280,262,0.1,13.4,13.4,13.2,0,0,0,0,0,42,1
"Potato, peeled, boiled, microwaved or steamed, drained, added butter, dairy spread or margarine",420,407,4.1,12.4,12.4,11.7,0,2.29,1.01,0.32,194.06,61,1
"Potato, peeled, boiled, microwaved or steamed, added fat not further defined",440,427,4.7,12.4,12.4,11.7,0,1.21,2.13,0.95,89.46,60,1
"Potato scallop, deep fried, saturated frying fat, salted",1373,1352,21.6,27.3,27.3,26.7,0,6.24,6.32,7.91,463.54,75,2
"Potato, sebago, peeled, raw",303,286,0.2,13.8,13.8,13.3,0,0,0,0,0,82,1
"Potato, sebago, peeled, baked, roasted, fried, stir-fried, grilled or BBQ'd, animal fat",493,469,2.5,19.1,19.1,18.9,0,1.26,0.97,0.07,147.58,61,1
"Potato, sebago, peeled, boiled & mashed without added ingredients",289,279,0.4,13.1,13.1,12.1,0,0,0,0,0,45,1
"Potato, sebago, unpeeled, baked, roasted, fried, stir-fried, grilled or BBQ'd, no added fat",312,293,0.4,14,14,13.6,0,0,0,0,0,15,1
"Potato, sebago, unpeeled, boiled, microwaved or steamed, drained",261,249,0,12.2,12.2,12.2,0,0,0,0,0,98,1
"Potato, unpeeled, raw, not further defined",277,262,0.1,12.6,12.6,11.9,0,0,0,0,0,28,1
"Potato, unpeeled, baked, roasted, fried, stir-fried, grilled or BBQ'd, no added fat",419,397,0.1,19.2,19.2,18,0,0,0,0,0,54,1
"Potato, unpeeled, baked, roasted, fried, stir-fried, grilled or BBQ'd, butter, dairy blend or margarine",623,601,6.2,18.2,18.2,17.1,0,3.4,1.5,0.47,288.16,22,1
"Potato, unpeeled, baked, roasted, fried, stir-fried, grilled or BBQ'd, olive oil",680,661,7.7,18.4,18.4,17.4,0,1.16,5.4,0.66,0,63,1
"Potato, unpeeled, baked, roasted, fried, stir-fried, grilled or BBQ'd, other oil",680,661,7.7,18.4,18.4,17.4,0,1.02,2.8,3.34,149.18,59,1
"Potato, unpeeled, baked, roasted, fried, stir-fried, grilled or BBQ'd, fat not further defined",676,656,7.6,18.4,18.4,17.4,0,1.25,4.43,1.37,54.81,44,1
"Potato, unpeeled, boiled, microwaved or steamed, drained, with or without added fat",284,270,0.1,13,13,12.3,0,0,0,0,0,25,1
"Potato, peeled or unpeeled, mashed with cows milk & butter or dairy blend",430,419,5.1,10.9,10.9,9.3,0,2.87,1.26,0.37,233.72,19,1
"Potato, peeled or unpeeled, mashed with cows milk & margarine spread",390,379,4,10.9,10.9,9.3,0,1.06,1.56,1.1,35.64,47,1
"Potato, peeled or unpeeled, mashed with cows milk & oil",472,462,6.3,10.9,10.9,9.3,0,1.1,3.76,1.04,39.11,11,1
"Potato, peeled, mashed, prepared, from cafe or restaurant",633,623,11,10.3,10.3,9,0,6.44,2.7,0.7,528.71,48,1
"Potato, wild harvested, cooked",430,372,0.4,19.5,19.5,18.3,0,0,0,0,0,98,1
"Potato, wedges, independent takeaway outlet, cafe or restaurant, deep fried, blended oil, salted",809,785,6.5,28.2,28.2,28.2,0,1.89,1.91,2.41,55.39,48,1
"Potato, wedges, regular, purchased frozen, par-fried in canola oil, raw",596,579,4,22.3,22.3,21.4,0,0.29,2.3,1.12,1.11,83,1
"Potato, wedges, regular, purchased frozen, baked or roasted, no added fat",784,762,5.3,29.3,29.3,28.2,0,0.38,3.03,1.48,1.46,87,1
"Potato, wedges, regular, purchased frozen, deep fried or fried, fat not further defined",824,802,6.5,29,29,27.9,0,0.59,3.77,1.7,10.97,22,1
"Potato bake, made with bacon, cheese &/or cream",793,782,14.2,8.9,8.9,7.5,0,8.18,4.18,0.68,451.65,55,1
"Potato bake, made with cheese",435,423,4.6,9.9,9.9,8.9,0,2.43,1.45,0.34,105.74,76,1
"Potato bake, made with cream",612,600,9.9,10.8,10.8,9,0,5.84,2.75,0.45,383.18,32,1
"Potato bake, made with cheese & cream",720,709,12.2,9.9,9.9,8.2,0,7.39,3.24,0.53,438.26,48,1
"Potato bake, made with mixed vegetables & cream &/or cheese",630,617,10.4,8.9,8.8,6.5,0,6.29,2.76,0.48,372.56,46,1
"Potato, for stuffed potato recipes",348,329,0.1,16,16,15.2,0,0,0,0,0,21,1
"Potato, filled with bacon, cheese &/or sour cream",704,691,9.7,11.1,11.1,10,0,5.56,2.93,0.43,246.89,21,1
"Potato, filled with cheese &/or sour cream",621,607,7.9,12.4,12.4,11.3,0,5.11,1.86,0.24,258.39,85,1
"Potato, filled with legumes &/or vegetables",368,344,0.5,15,15,13.7,0,0.07,0.2,0.11,2.13,97,1
"Potato, filled with meat & cheese &/or sour cream",501,485,4.9,11.8,11.8,10.2,0,2.6,1.47,0.36,136.38,79,1
"Pumpkin, butternut, peeled, fresh or frozen, raw",189,174,0.6,6.9,6.9,1.7,0,0,0,0,0,42,1
"Pumpkin, butternut, peeled, fresh or frozen, baked, roasted, fried, stir-fried, grilled or BBQ'd, no added fat",222,205,0.7,8.1,8.1,2,0,0,0,0,0,23,1
"Pumpkin, butternut, peeled, fresh or frozen, baked, roasted, fried, stir-fried, grilled or BBQ'd, fat not further defined",425,409,6.4,7.7,7.7,1.9,0,0.97,3.44,1.06,42.56,42,1
"Pumpkin, butternut, peeled, fresh or frozen, boiled, microwaved or steamed, drained, with or without added fat",197,182,0.6,7.2,7.2,1.8,0,0,0,0,0,50,1
"Pumpkin, golden nugget, peeled, fresh or frozen, raw",124,115,0.3,4,4,1.4,0,0,0,0,0,46,1
"Pumpkin, golden nugget, peeled, fresh or frozen, baked or roasted, no added fat",146,135,0.4,4.7,4.7,1.6,0,0,0,0,0,42,1
"Pumpkin, jarrahdale, peeled, fresh or frozen, raw",111,98,0.1,5.2,4.3,0,0,0,0,0,0,36,1
"Pumpkin, jarrahdale, peeled, fresh or frozen, baked or roasted, no added fat",131,115,0.1,6.1,5.1,0,0,0,0,0,0,60,1
"Pumpkin, jarrahdale, peeled, fresh or frozen, boiled, microwaved or steamed, drained",116,102,0.1,5.4,4.5,0,0,0,0,0,0,51,1
"Pumpkin, peeled, fresh or frozen, raw",121,106,0.1,5.1,4.2,0.5,0,0,0,0,0,14,1
"Pumpkin, peeled, fresh or frozen, baked, roasted, fried, stir-fried, grilled or BBQ'd, no added fat",142,125,0.2,6,5,0.6,0,0,0,0,0,40,1
"Pumpkin, peeled, fresh or frozen, baked, roasted, fried, stir-fried, grilled or BBQ'd, canola oil",353,336,6,5.7,4.7,0.6,0,0.43,3.49,1.68,1.69,17,1
"Pumpkin, peeled, fresh or frozen, baked, roasted, fried, stir-fried, grilled or BBQ'd, olive oil",353,336,6,5.7,4.7,0.6,0,0.9,4.19,0.51,0,92,1
"Pumpkin, peeled, fresh or frozen, baked, roasted, fried, stir-fried, grilled or BBQ'd, other oil",353,336,6,5.7,4.7,0.6,0,0.79,2.18,2.59,115.84,86,1
"Pumpkin, peeled, fresh or frozen, baked, roasted, fried, stir-fried, grilled or BBQ'd, fat not further defined",349,332,5.9,5.7,4.7,0.6,0,0.97,3.44,1.06,42.56,81,1
"Pumpkin, peeled, fresh or frozen, boiled, microwaved or steamed, drained",126,111,0.1,5.3,4.4,0.5,0,0,0,0,0,29,1
"Pumpkin, peeled, fresh or frozen, boiled, microwaved or steamed, drained, added butter, dairy blend or margarine",274,259,4.3,5.1,4.2,0.5,0,2.34,1.03,0.32,198.11,9,1
"Pumpkin, peeled, fresh or frozen, boiled, microwaved or steamed, added fat not further defined",294,279,4.8,5.1,4.2,0.5,0,1.23,2.17,0.97,91.33,74,1
"Pumpkin, unpeeled, fresh or frozen, raw",188,165,0.2,8.1,6.8,0.7,0,0,0,0,0,69,1
"Pumpkin, unpeeled, fresh or frozen, baked, roasted, fried, stir-fried, grilled or BBQ'd, no added fat",221,194,0.2,9.5,8,0.9,0,0,0,0,0,63,1
"Pumpkin, unpeeled, fresh or frozen, baked, roasted, fried, stir-fried, grilled or BBQ'd, canola oil",428,402,6.1,9,7.6,0.8,0,0.43,3.49,1.68,1.69,82,1
"Pumpkin, unpeeled, fresh or frozen, baked, roasted, fried, stir-fried, grilled or BBQ'd, olive oil",428,402,6.1,9,7.6,0.8,0,0.9,4.19,0.51,0,70,1
"Pumpkin, unpeeled, fresh or frozen, baked, roasted, fried, stir-fried, grilled or BBQ'd, other oil",428,402,6.1,9,7.6,0.8,0,0.79,2.18,2.59,115.84,51,1
"Pumpkin, unpeeled, fresh or frozen, baked, roasted, fried, stir-fried, grilled or BBQ'd, fat not further defined",424,398,6,9,7.6,0.8,0,0.97,3.44,1.06,42.56,82,1
"Pumpkin, unpeeled, fresh or frozen, boiled, microwaved or steamed, drained, with or without added fat",196,171,0.2,8.4,7.1,0.8,0,0,0,0,0,17,1
"Pumpkin, queensland blue, peeled, fresh or frozen, raw",208,186,0.3,8.4,8.4,3.5,0,0,0,0,0,28,1
"Pumpkin, queensland blue, peeled, fresh or frozen, baked or roasted, no added fat",244,219,0.4,9.9,9.9,4.1,0,0,0,0,0,47,1
"Pumpkin, queensland blue, peeled, fresh or frozen, boiled, microwaved or steamed, drained",216,194,0.3,8.8,8.8,3.6,0,0,0,0,0,15,1
"Rocket, raw",95,76,0.5,0.2,0.2,0,0,0.08,0.04,0.28,0,62,1
"Rocket, cooked, with or without added fat",111,90,0.6,0.2,0.2,0,0,0.09,0.05,0.33,0,13,1
"Radish, red skinned, unpeeled, raw",62,53,0.2,1.9,1.9,0,0,0,0,0,0,80,1
"Radish, red skinned, unpeeled, baked, roasted, fried, stir-fried, grilled or BBQ'd, no added fat",76,65,0.2,2.3,2.3,0,0,0,0,0,0,13,1
"Radish, white skinned, peeled or unpeeled, raw",86,72,0.3,2.9,2.9,0,0,0,0,0,0,91,1
"Radish, white skinned, peeled or unpeeled, baked, roasted, fried, stir-fried, grilled or BBQ'd, no added fat",105,87,0.4,3.5,3.5,0,0,0,0,0,0,16,1
"Radish, peeled or unpeeled, raw",74,62,0.2,2.4,2.4,0,0,0,0,0,0,74,1
"Rosemary, raw",492,379,5.9,6.6,6.6,0.3,0,2.72,1.11,1.22,0,64,1
"Salad, for use in hamburger recipes",118,99,0.1,4.3,4.3,0,0,0,0,0.01,0,81,1
"Salad, for use in Mexican recipes, beef wraps",76,64,0.1,2.2,2.2,0,0,0,0,0,0,31,1
"Salad, for use in Mexican recipes, chicken wraps",81,68,0.1,2.4,2.4,0,0,0,0,0,0,73,1
"Antipasto, pickled vegetables, cured meat & cheese",1024,1002,18,4.6,4.6,0.4,0,6.4,8.18,2.31,232.06,70,2
"Salad, Asian style, made with cabbage, carrot, onion, fresh herbs, peanuts & poached chicken, no added dressing",375,363,2.9,1.8,1.8,0.2,0,0.74,1.62,0.33,11.17,51,1
"Salad, Asian style, made with cabbage, carrot, onion, fresh herbs, peanuts & poached chicken, with dressing",377,363,2.5,4.2,4.2,0.2,0,0.64,1.38,0.29,9.52,61,1
"Salad, broccoli, no added dressing",353,321,4.8,4.9,4.9,2,0,0.56,1.68,2.13,69.18,95,1
"Salad, caesar, made with lettuce, bacon, parmesan & croutons, no added dressing",932,919,13.7,12.7,12.7,11,0,4.06,6.52,2.19,135.79,93,1
"Salad, caesar, made with lettuce, bacon, parmesan, croutons & egg, no added dressing",888,876,13.1,11.2,11.2,9.7,0,3.87,6.2,2.08,119.8,25,1
"Salad, caprese, made with tomato, basil & mozzarella cheese, no added dressing",554,548,9.1,1.4,1.4,0.1,0,5.89,2.13,0.22,273.64,8,1
"Salad, carrot, no added dressing",133,105,0.1,5.2,5.2,0,0,0,0,0,0,86,1
"Salad, chicken caesar, made with lettuce, bacon, parmesan, croutons & chicken, no added dressing",843,834,10.7,8.9,8.9,7.7,0,3.21,5.11,1.7,99.89,54,1
"Salad, chicken caesar, made with lettuce, bacon, parmesan, croutons, egg & chicken, no added dressing",819,810,10.6,8.1,8.1,7,0,3.15,5.01,1.67,91.6,51,1
"Salad, chickpea, with vegetables",253,222,1,7.4,7.4,5.5,0,0.09,0.21,0.42,0,18,1
"Salad, coleslaw, commercial, added dressing",363,347,3.9,11,10.9,0.5,0,0.8,1.25,1.61,16.54,64,1
"Salad, coleslaw, homemade from basic ingredients, added dressing",328,311,5.4,5.2,5.1,0.4,0,0.91,1.76,2.41,22.22,94,1
"Salad, coleslaw, with cheese, homemade from basic ingredients, added dressing",485,470,8.5,4.5,4.4,0.3,0,3.32,2.42,2.17,142.22,81,1
"Salad, couscous with cheese & vegetables",657,644,6.9,16.5,16.5,14.9,0,2.62,2.76,1.04,156.84,83,1
"Salad, cucumber, no added dressing",63,52,0.1,1.9,1.9,0,0,0,0,0,0,74,1
"Salad, fennel, no added dressing",181,165,2.7,2.6,2.6,0,0,0.58,1.53,0.34,0,92,1
"Salad, garden, no added dressing",167,150,2.2,2.7,2.6,0.3,0,0.42,1.26,0.27,0.06,85,1
"Salad, garden, added avocado, no added dressing",272,254,5.1,2.3,2.3,0.3,0,1.08,3.01,0.66,0.05,100,1
"Salad, garden, added bacon, no added dressing",395,382,4.8,2.2,2.2,0.5,0,1.52,2.42,0.48,31.95,50,1
"Salad, garden, added bacon & cheese, no added dressing",490,478,7.4,2,2,0.4,0,3.59,2.72,0.49,143.31,53,1
"Salad, garden, added beef, lamb or pork, no added dressing",376,366,3.3,1.6,1.6,0.2,0,0.95,1.64,0.35,69.84,32,1
"Salad, garden, added cheese, no added dressing",408,394,6.9,2.2,2.2,0.3,0,3.73,2.24,0.39,164.49,91,1
"Salad, garden, added cheese & beef, lamb or pork, no added dressing",479,469,6.4,1.7,1.6,0.2,0,3.23,2.23,0.41,166.99,8,1
"Salad, garden, added cheese & egg, no added dressing",491,479,8.4,1.8,1.8,0.3,0,4.16,2.78,0.6,166.37,36,1
"Salad, garden, added cheese & fruit, no added dressing",367,352,5.2,4.7,4.6,0.3,0,2.8,1.68,0.29,123.37,49,1
"Salad, garden, added cheese & nuts &/or seeds, no added dressing",906,884,18.1,3,2.9,0.8,0,4.79,6.44,5.85,225.78,82,1
"Salad, garden, added chicken, no added dressing",342,332,2.7,1.6,1.6,0.2,0,0.66,1.37,0.4,6.66,28,1
"Salad, garden, added chicken & cheese, no added dressing",457,447,6,1.7,1.6,0.2,0,3.05,2.07,0.44,127.51,58,1
"Salad, garden, added chicken & egg, no added dressing",338,326,3.9,1.7,1.7,0.3,0,0.97,1.86,0.55,5.24,32,1
"Salad, garden, added egg, no added dressing",250,234,3.6,2.3,2.2,0.4,0,0.84,1.8,0.48,1.94,53,1
"Salad, garden, added fruit, no added dressing",198,179,1.4,6.5,6.3,0.3,0,0.25,0.76,0.16,0.04,15,1
"Salad, garden, added grains, no added dressing",376,358,2.6,12.6,12.6,10.7,0,0.51,1.27,0.53,14.05,70,1
"Salad, garden, added nuts &/or seeds, no added dressing",664,640,13.4,3.4,3.4,0.9,0,1.48,5.46,5.74,61.35,45,1
"Salad, garden, added seafood, no added dressing",271,261,1.7,2.5,2.5,0.7,0,0.33,0.82,0.27,5.04,64,1
"Salad, garden, added salmon or tuna, no added dressing",372,361,4.3,1.9,1.8,0.3,0,0.94,1.67,1.34,30.64,31,1
"Salad, garden, added salmon or tuna & cheese, no added dressing",476,465,7.1,1.8,1.8,0.2,0,3.22,2.25,1.03,142.3,66,1
"Salad, garden, added salmon or tuna & egg, no added dressing",277,265,2.2,5,5,3.9,0,0.4,0.88,0.64,7.7,84,1
"Salad, garden, added tofu, no added dressing",267,247,3.7,1.9,1.8,0.2,0,0.58,1.37,1.41,0.04,74,1
"Salad, garden, made from leafy greens, capsicum, cucumber & tomato, no added dressing",72,59,0.2,1.8,1.8,0,0,0,0,0.01,0,86,1
"Salad, garden, made from leafy greens, carrot, cucumber & tomato, no added dressing",77,61,0.2,2.1,2.1,0,0,0,0,0.01,0,73,1
"Salad, garden, made from leafy greens, cucumber, onion & tomato, no added dressing",75,61,0.2,1.9,1.9,0,0,0,0,0.01,0,57,1
"Salad, garden, made from leafy greens, cucumber & tomato, no added dressing",65,53,0.2,1.5,1.5,0,0,0,0,0.01,0,21,1
"Salad, garden, made from leafy greens & tomato, no added dressing",71,58,0.2,1.7,1.7,0.1,0,0,0,0.01,0,67,1
"Salad, greek, no added dressing",273,261,4.5,2.3,2.3,0.3,0,1.76,2.08,0.28,101.07,17,1
"Salad, green bean, no added dressing",91,72,0.2,2.4,2.4,0.4,0,0,0,0,0,39,1
"Salad, made with rocket & parmesan, no added dressing",463,449,7,0.1,0.1,0,0,4.27,1.94,0.4,194.97,63,1
"Salad, noodle, with chicken, vegetables & nuts",464,453,3.5,6,6,5.1,0,0.8,1.64,0.8,15.68,36,1
"Salad, noodle, with vegetables",370,351,3.6,10,10,8.5,0,0.64,1.71,0.93,15.09,93,1
"Salad, pasta with vegetables, added dressing",491,477,4.1,16.3,16.2,14.1,0,1.06,1.2,1.52,45.05,13,1
"Salad, pasta with vegetables & cheese, added dressing",624,612,7.4,13.9,13.9,12,0,3.45,1.94,1.42,161.62,85,1
"Salad, potato, commercial, added dressing",648,634,11.2,11.1,11.1,10.4,0,3.32,3.38,3.75,165.62,96,1
"Salad, potato, homemade from basic ingredients, added dressing",580,565,9.2,11.3,11.3,10.2,0,2.99,2.74,2.85,153.24,48,1
"Salad, potato, with bacon/ham, homemade from basic ingredients, regular fat dressing",657,644,10.7,10.3,10.3,9.2,0,3.6,3.6,2.76,153.59,91,1
"Salad, rice, with vegetables, added dressing",806,787,8.9,23.4,23.4,18,0,1.2,5.32,1.86,35.44,66,1
"Salad, roast vegetable, no added dressing",596,572,9.9,10.1,9.9,5.3,0,1.65,5.85,1.81,72.35,61,1
"Salad, roast vegetable & cheese, no added dressing",829,812,14.7,7.2,7.1,3.7,0,6.24,5.94,1.52,297.3,36,1
"Salad, seafood, commercial, creamy dressing",694,691,10.7,9,8.9,5.9,0,3.05,3.36,3.5,159.05,17,1
"Salad, tabouleh, commercial",694,658,13.1,7.5,7.5,6.5,0,1.8,8.11,2.42,39.09,46,1
"Salad, tabouleh, homemade from basic ingredients",610,575,11,7.2,7.2,6.1,0,1.68,7.5,1.09,0,34,1
"Salad, Thai beef, made with lettuce, onion, cucumber, herbs, chilli & beef, no added dressing",407,398,2.8,1.2,1.2,0.1,0,0.92,1.22,0.28,91.95,6,1
"Salad, Thai beef, made with lettuce, onion, cucumber, herbs, chilli & beef, with dressing",405,394,2.4,3.7,3.7,0.1,0,0.8,1.05,0.25,78.5,80,1
"Salad, three bean, commercial",389,347,3.8,8.2,8.2,5.9,0,0.46,1.99,1.02,21.56,91,1
"Salad, three bean, homemade from basic ingredients",376,334,3.7,7.6,7.6,4.8,0,0.58,2.4,0.44,0,12,1
Salad,252,237,3.5,3.3,3.3,0.9,0,1.18,1.43,0.53,39.85,52,1
"Seaweed, nori, dried",1266,992,4.3,2.3,2.3,2,0,0.88,0.32,2.32,13.76,19,2
"Seaweed, boiled, microwaved or steamed, drained",228,179,0.8,0.4,0.4,0.4,0,0.16,0.06,0.42,2.48,58,1
"Shallot, peeled, raw",102,87,0.2,3.2,3.2,0,0,0,0,0,0,81,1
"Shallot, peeled, baked, roasted, fried, stir-fried, grilled or BBQ'd, no added fat",165,140,0.2,5.2,5.2,0,0,0,0,0,0,10,1
"Silverbeet, fresh or frozen, raw",66,50,0.2,1,1,0,0,0,0,0,0,98,1
"Silverbeet, fresh or frozen, boiled, microwaved or steamed, drained",77,59,0.2,1.2,1.2,0,0,0,0,0,0,87,1
"Snow pea, fresh or frozen, raw",157,136,0.2,4.7,4.7,1.8,0,0,0,0,0,72,1
"Snow pea, fresh or frozen, baked, roasted, fried, stir-fried, grilled or BBQ'd, no added fat",196,170,0.2,5.9,5.9,2.2,0,0,0,0,0,36,1
"Snow pea, fresh or frozen, baked, roasted, fried, stir-fried, grilled or BBQ'd, fat not further defined",414,389,6.4,5.6,5.6,2.1,0,1.03,3.65,1.13,45.22,32,1
"Snow pea, fresh or frozen, boiled, microwaved or steamed, drained",169,147,0.2,5.1,5.1,1.9,0,0,0,0,0,48,1
"Snow pea, fresh or frozen, boiled, microwaved or steamed, added fat not further defined",340,319,5.1,4.8,4.8,1.8,0,1.27,2.24,1,94.27,54,1
"Spinach, fresh, raw",95,62,0.3,0.6,0.6,0,0,0,0,0,0,8,1
"Spinach, fresh, baked, roasted, fried, stir-fried, grilled or BBQ'd , no added fat",136,89,0.4,0.9,0.9,0,0,0,0,0,0,6,1
"Spinach, fresh, baked, roasted, fried, stir-fried, grilled or BBQ'd, fat not further defined",389,345,7.4,0.8,0.8,0,0,1.18,4.18,1.29,51.68,18,1
"Spinach, fresh, boiled, microwaved or steamed, drained",112,74,0.4,0.7,0.7,0,0,0,0,0,0,15,1
"Spinach, frozen, boiled, microwaved or steamed, drained",134,90,0.5,0.7,0.7,0.2,0,0,0,0,0,29,1
"Spinach, fresh, boiled, microwaved or steamed, added fat not further defined",303,267,5.6,0.7,0.7,0,0,1.39,2.45,1.09,103.15,85,1
"Spinach, boiled, microwaved or steamed, drained, not further defined",123,82,0.4,0.7,0.7,0.1,0,0,0,0,0,68,1
"Spinach, water, raw",110,88,0.5,1,1,0.5,0,0,0,0,0,100,1
"Spinach, water, cooked, with or without added fat",414,384,7.8,1.4,1.4,0.7,0,0.84,4.05,1.89,44.18,37,1
"Sprout, alfalfa, raw",91,74,0.3,0.5,0.5,0,0,0,0,0,0,98,1
"Sprout, bean, raw",94,84,0.1,1.6,1.6,0.6,0,0,0,0,0,51,1
"Sprout, bean, cooked, no added fat",110,98,0.1,1.9,1.9,0.7,0,0,0,0,0,39,1
"Sprout, bean, cooked, fat not further defined",319,307,5.9,1.8,1.8,0.7,0,0.97,3.44,1.06,42.56,18,1
"Sprout, for use in salad recipes, alfalfa & mung bean",92,78,0.2,1,1,0.3,0,0,0,0,0,78,1
"Squash, button, fresh or frozen, raw",110,106,0.2,3.2,3.2,0.3,0,0,0,0,0,17,1
"Squash, button, fresh or frozen, boiled, microwaved or steamed, drained",131,126,0.2,3.8,3.8,0.4,0,0,0,0,0,56,1
"Squash, scallopini, fresh or frozen, raw",84,80,0.2,2.1,2.1,0.1,0,0,0,0,0,35,1
"Squash, scallopini, fresh or frozen, boiled, microwaved or steamed, drained",100,95,0.2,2.5,2.5,0.1,0,0,0,0,0,49,1
"Swede, peeled, fresh or frozen, raw",93,76,0,3.7,3.7,0.3,0,0,0,0,0,65,1
"Swede, peeled, fresh or frozen, baked, roasted, fried, stir-fried, grilled or BBQ'd, fat not further defined",330,309,6,4.3,4.3,0.3,0,1,3.56,1.1,44.12,49,1
"Swede, peeled, fresh or frozen, boiled, microwaved or steamed, drained",100,81,0,4,4,0.3,0,0,0,0,0,82,1
"Sweet potato, orange flesh, peeled or unpeeled, fresh or frozen, raw",297,273,0.1,14.1,14.1,8.5,0,0,0,0,0,92,1
"Sweet potato, orange flesh, peeled or unpeeled, fresh or frozen, baked, roasted, fried, stir-fried, grilled or BBQ'd, no added fat",362,333,0.1,17.2,17.2,10.4,0,0,0,0,0,83,1
"Sweet potato, orange flesh, peeled or unpeeled, fresh or frozen, baked, roasted, fried, stir-fried, grilled or BBQ'd, canola oil",569,542,6.2,16.3,16.3,9.8,0,0.44,3.62,1.74,1.75,50,1
"Sweet potato, orange flesh, peeled or unpeeled, fresh or frozen, baked, roasted, fried, stir-fried, grilled or BBQ'd, olive oil",569,542,6.2,16.3,16.3,9.8,0,0.93,4.34,0.53,0,26,1
"Sweet potato, orange flesh, peeled or unpeeled, fresh or frozen, baked, roasted, fried, stir-fried, grilled or BBQ'd, other oil",569,542,6.2,16.3,16.3,9.8,0,0.82,2.26,2.69,120.08,49,1
"Sweet potato, orange flesh, peeled or unpeeled, fresh or frozen, baked, fried, grilled, fat not further defined",565,538,6.1,16.3,16.3,9.8,0,1,3.56,1.1,44.12,70,1
"Sweet potato, orange flesh, peeled or unpeeled, fresh or frozen, boiled, microwaved or steamed, drained",319,293,0.1,15.2,15.2,9.1,0,0,0,0,0,34,1
"Sweet potato, orange flesh, peeled or unpeeled, fresh or frozen, boiled, microwaved or steamed, added fat not further defined",483,458,5,14.4,14.4,8.7,0,1.27,2.24,1,94.27,69,1
"Sweet potato, orange flesh, mashed with fat not further defined",541,518,7.1,13.4,13.4,8.1,0,1.17,4.16,1.29,51.51,25,1
"Sweet potato, white flesh, peeled or unpeeled, fresh or frozen, raw",369,351,0.2,19.3,19.3,16.4,0,0,0,0,0,40,1
"Sweet potato, white flesh, peeled or unpeeled, fresh or frozen, baked, roasted, fried, stir-fried, grilled or BBQ'd, no added fat",450,428,0.2,23.6,23.6,20,0,0,0,0,0,56,1
"Sweet potato, white flesh, peeled or unpeeled, fresh or frozen, stir-fried, fat not further defined",649,628,6.2,22.4,22.4,19,0,1,3.56,1.1,44.12,51,1
"Sweet potato, white flesh, peeled or unpeeled, fresh or frozen, boiled, microwaved or steamed, drained",397,377,0.2,20.8,20.8,17.6,0,0,0,0,0,21,1
"Sweet potato, chips, regular, purchased frozen, par-fried in canola oil, raw",771,732,6.8,25.5,25.5,16.8,0,0.5,3.96,1.91,1.91,99,1
"Sweet potato, chips, regular, purchased frozen, baked or roasted, with or without added fat",1101,1045,9.8,36.4,36.4,24.1,0,0.71,5.66,2.72,2.73,82,2
"Sweetcorn, baby, canned in brine, heated, drained",105,77,0.2,2.5,2.5,0.9,0,0,0,0,0,36,1
"Sweetcorn, creamed, canned, heated",366,339,0.7,16.6,16.6,11.5,0,0.08,0.16,0.32,0,56,1
"Sweetcorn, fresh or frozen on cob, raw",432,387,2.1,14,14,10,0,0.27,0.56,1.11,0,100,1
"Sweetcorn, fresh or frozen on cob, baked, roasted, fried, stir-fried, grilled or BBQ'd, no added fat",480,430,2.3,15.5,15.5,11.1,0,0.3,0.62,1.23,0,39,1
"Sweetcorn, fresh or frozen on cob, baked, roasted, fried, stir-fried, grilled or BBQ'd, added fat not further defined",658,610,7.7,14.7,14.7,10.6,0,1.2,3.83,2.17,40.2,31,1
"Sweetcorn, fresh or frozen on cob, boiled, microwaved or steamed, drained",436,391,2.1,14.1,14.1,10.1,0,0.27,0.56,1.12,0,58,1
"Sweetcorn, fresh or frozen on cob, boiled, microwaved or steamed, drained, added fat not further defined",583,540,6.6,13.4,13.4,9.6,0,1.45,2.64,2,88.56,23,1
"Sweetcorn, fresh or frozen on cob, boiled or microwaved in brine, drained",438,399,2.8,12.8,12.8,7.5,0,0.36,0.74,1.48,0,15,1
"Sweetcorn, kernels, canned in brine, drained",391,369,1,16.8,16.8,13.4,0,0.12,0.25,0.5,0,70,1
"Sweetcorn, kernels, canned in brine, heated, drained",478,450,1,21.3,21.3,17.8,0,0.13,0.26,0.53,0,95,1
"Sweetcorn, kernels, fresh or frozen, raw",390,370,0.9,16.8,16.8,13.8,0,0.12,0.24,0.48,0,31,1
"Sweetcorn, kernels, baked, roasted, fried, stir-fried, grilled or BBQ'd, fat not further defined",614,592,6.4,17.7,17.7,14.6,0,1.04,3.5,1.51,40.2,26,1
"Sweetcorn, kernels, fresh or frozen, boiled, microwaved or steamed, drained",452,424,0.9,19.9,19.9,17.3,0,0.12,0.24,0.48,0,94,1
"Sweetcorn, kernels, fresh or frozen, boiled, microwaved or steamed, drained, added fat not further defined",597,570,5.4,18.9,18.9,16.4,0,1.29,2.31,1.38,87.67,51,1
"Sweetcorn, kernels, fresh or frozen, boiled or microwaved in brine, drained",392,371,1,16.5,16.5,13.9,0,0.13,0.26,0.53,0,65,1
"Sweetcorn, fresh or frozen, raw, not further defined",418,381,1.7,14.9,14.9,11.3,0,0.22,0.45,0.9,0,39,1
"Sweetcorn, fresh or frozen, boiled, microwaved or steamed, drained",435,397,1.8,15.5,15.5,11.7,0,0.23,0.47,0.94,0,81,1
"Taro, peeled, fresh or frozen, raw",469,441,0.2,23.4,23.4,22.3,0,0,0,0,0,56,1
"Taro, peeled, fresh or frozen, boiled, microwaved or steamed, drained",504,474,0.2,25.2,25.2,24,0,0,0,0,0,86,1
"Tomato, cherry or grape, raw",65,52,0.1,2.2,2.2,0,0,0,0,0,0,65,1
"Tomato, common, raw",74,64,0.1,2.4,2.4,0.1,0,0,0,0,0,23,1
"Tomato, common, boiled with salt, drained",72,61,0.1,2.3,2.3,0,0,0,0,0,0,97,1
"Tomato, hydroponic, raw",60,54,0,2.3,2.3,0,0,0,0,0,0,55,1
"Tomato, roma, raw",74,64,0.1,2.4,2.4,0.1,0,0,0,0,0,63,1
"Tomato, raw, not further defined",73,63,0.1,2.4,2.4,0.1,0,0,0,0,0,75,1
"Tomato, fresh, baked, roasted, fried, stir-fried, grilled or BBQ'd, no added fat",92,79,0.1,3,3,0.1,0,0,0,0,0,91,1
"Tomato, fresh, baked, roasted, fried, stir-fried, grilled or BBQ'd, butter, dairy blend or margarine",272,260,5.1,2.8,2.8,0.1,0,2.81,1.24,0.39,237.73,25,1
"Tomato, fresh, baked, roasted, fried, stir-fried, grilled or BBQ'd, canola oil",318,306,6.4,2.8,2.8,0.1,0,0.46,3.71,1.78,1.79,62,1
"Tomato, fresh, baked, roasted, fried, stir-fried, grilled or BBQ'd, olive oil",318,306,6.4,2.8,2.8,0.1,0,0.96,4.45,0.55,0,63,1
"Tomato, fresh, baked, roasted, fried, stir-fried, grilled or BBQ'd, other oil",318,306,6.4,2.8,2.8,0.1,0,0.84,2.31,2.75,123.08,52,1
"Tomato, fresh, baked, roasted, fried, stir-fried, grilled or BBQ'd, fat not further defined",314,303,6.3,2.8,2.8,0.1,0,1.03,3.65,1.13,45.22,95,1
"Tomato, stuffed with breadcrumbs, cheese & vegetables, cooked",535,523,8.2,7.1,7.1,4.4,0,3.59,3.15,0.9,156.58,32,1
"Tomato, fresh, boiled, microwaved or steamed, drained",94,81,0.1,3.1,3.1,0.1,0,0,0,0,0,85,1
"Tomato, fresh, boiled, microwaved or steamed, drained, added fat not further defined",304,292,5.9,2.9,2.9,0.1,0,1.52,2.67,1.19,112.4,37,1
"Tomato, paste, with added salt",281,248,0.3,10.4,10.4,0.5,0,0,0,0,0,99,1
"Tomato, paste, no added salt",298,266,0.3,11.5,11.5,0.5,0,0,0,0,0,14,1
"Tomato, paste, not further defined",284,252,0.3,10.6,10.6,0.5,0,0,0,0,0,76,1
"Tomato, puree, commercial",106,102,0.1,4.2,4.2,0,0,0,0,0,0,23,1
"Tomato, sundried or semi-sundried",1101,984,4.6,35.2,35.2,1.3,0,0.51,1.81,1.98,98.95,100,2
"Tomato, whole, canned in tomato juice, undrained",78,68,0.1,2.9,2.9,0,0,0,0,0,0,7,1
"Tomato, whole, canned in tomato juice, drained",88,78,0.3,3,3,0,0,0,0,0,0,28,1
"Tomato, whole, canned in tomato juice, boiled or microwaved, undrained",94,83,0.2,3.4,3.4,0,0,0,0,0,0,40,1
"Tomato, whole, canned in tomato juice, boiled or microwaved, drained",93,82,0.1,3.5,3.5,0.1,0,0,0,0,0,53,1
"Turnip, white, peeled, fresh or frozen, raw",94,80,0,3.4,3.4,0.2,0,0,0,0,0,73,1
"Turnip, white, peeled or unpeeled, fresh or frozen, baked, roasted, fried, stir-fried, grilled or BBQ'd, with or without added fat",115,98,0,4.1,4.1,0.2,0,0,0,0,0,33,1
"Turnip, white, peeled or unpeeled, fresh or frozen, boiled, microwaved or steamed, drained, with or without added fat",101,87,0,3.7,3.7,0.2,0,0,0,0,0,10,1
"Vine leaf, grape, canned",243,153,2,0.5,0.5,0.2,0,0.36,0.09,1.13,0,62,1
"Wasabi, root, raw",427,364,0.6,15.7,15.7,7.8,0,0.08,0.12,0.31,0,26,1
"Water chestnut, peeled, canned, drained",219,197,0.9,9.3,9.3,4.2,0,0.14,0.14,0.43,0,47,1
"Watercress, raw",110,80,0.4,0.8,0.8,0.1,0,0,0,0,0,58,1
"Watercress, boiled, microwaved or steamed, drained",130,94,0.5,0.9,0.9,0.1,0,0,0,0,0,28,1
"Watercress, boiled, microwaved or steamed, drained, added fat not further defined",320,286,5.8,0.9,0.9,0.1,0,1.39,2.45,1.09,103.15,35,1
"Yam, wild harvested, cooked",453,395,0.3,19.5,19.5,18.3,0,0,0,0,0,39,1
"Zucchini, golden, fresh or frozen, peeled or unpeeled, raw",78,70,0.3,1.1,1.1,0,0,0,0,0,0,94,1
"Zucchini, golden, fresh or frozen, peeled or unpeeled, boiled, microwaved or steamed, drained",93,83,0.4,1.3,1.3,0,0,0,0,0,0,26,1
"Zucchini, green skin, fresh or frozen, peeled or unpeeled, raw",65,56,0.3,1.7,1.7,0,0,0,0,0,0,87,1
"Zucchini, green skin, fresh or frozen, peeled or unpeeled, baked, roasted, fried, stir-fried, grilled or BBQ'd, no added fat",92,80,0.4,2.4,2.4,0,0,0,0,0,0,39,1
"Zucchini, green skin, fresh or frozen, peeled or unpeeled, stir-fried, butter, dairy blend or margarine",299,287,6.1,2.3,2.3,0,0,3.21,1.42,0.44,271.69,43,1
"Zucchini, green skin, fresh or frozen, peeled or unpeeled, baked, roasted, fried, stir-fried, grilled or BBQ'd, canola oil",352,340,7.6,2.3,2.3,0,0,0.52,4.24,2.04,2.05,73,1
"Zucchini, green skin, fresh or frozen, peeled or unpeeled, baked, roasted, fried, stir-fried, grilled or BBQ'd, olive oil",352,340,7.6,2.3,2.3,0,0,1.1,5.09,0.62,0,15,1
"Zucchini, green skin, fresh or frozen, peeled or unpeeled, baked, roasted, fried, stir-fried, grilled or BBQ'd, fat not further defined",347,335,7.4,2.3,2.3,0,0,1.18,4.18,1.29,51.68,93,1
"Zucchini, green skin, fresh or frozen, peeled or unpeeled, boiled, microwaved or steamed, drained",77,66,0.4,2,2,0,0,0,0,0,0,96,1
"Zucchini, green skin, fresh or frozen, peeled or unpeeled, boiled, microwaved or steamed, drained, added fat not further defined",293,283,6.3,1.9,1.9,0,0,0.84,3.76,1.06,25.85,19,1